"dataset","freq","freq_label","unit","unit_label","hazard","hazard_label","wst_oper","wst_oper_label","waste","waste_label","geo","geo_label","time","time_label","value"
"env_wastrt_W121_total","A","Annual","T","Tonne","HAZ_NHAZ","Hazardous and non-hazardous - total","TRT","Waste treatment","W121","Mineral waste from construction and demolition","EU27_2020","European Union - 27 countries (from 2020)","2010","2010","252050000"
"env_wastrt_W121_total","A","Annual","T","Tonne","HAZ_NHAZ","Hazardous and non-hazardous - total","TRT","Waste treatment","W121","Mineral waste from construction and demolition","EU27_2020","European Union - 27 countries (from 2020)","2012","2012","243840000"
"env_wastrt_W121_total","A","Annual","T","Tonne","HAZ_NHAZ","Hazardous and non-hazardous - total","TRT","Waste treatment","W121","Mineral waste from construction and demolition","EU27_2020","European Union - 27 countries (from 2020)","2014","2014","227290000"
"env_wastrt_W121_total","A","Annual","T","Tonne","HAZ_NHAZ","Hazardous and non-hazardous - total","TRT","Waste treatment","W121","Mineral waste from construction and demolition","EU27_2020","European Union - 27 countries (from 2020)","2016","2016","246940000"
"env_wastrt_W121_total","A","Annual","T","Tonne","HAZ_NHAZ","Hazardous and non-hazardous - total","TRT","Waste treatment","W121","Mineral waste from construction and demolition","EU27_2020","European Union - 27 countries (from 2020)","2018","2018","269910000"
"env_wastrt_W121_total","A","Annual","T","Tonne","HAZ_NHAZ","Hazardous and non-hazardous - total","TRT","Waste treatment","W121","Mineral waste from construction and demolition","EU27_2020","European Union - 27 countries (from 2020)","2020","2020","270470000"
"env_wastrt_W121_total","A","Annual","T","Tonne","HAZ_NHAZ","Hazardous and non-hazardous - total","TRT","Waste treatment","W121","Mineral waste from construction and demolition","EU27_2020","European Union - 27 countries (from 2020)","2022","2022","281740000"
"env_wastrt_W121_total","A","Annual","T","Tonne","HAZ_NHAZ","Hazardous and non-hazardous - total","TRT","Waste treatment","W121","Mineral waste from construction and demolition","EU28","European Union - 28 countries (2013-2020)","2010","2010","305070000"
"env_wastrt_W121_total","A","Annual","T","Tonne","HAZ_NHAZ","Hazardous and non-hazardous - total","TRT","Waste treatment","W121","Mineral waste from construction and demolition","EU28","European Union - 28 countries (2013-2020)","2012","2012","293660000"
"env_wastrt_W121_total","A","Annual","T","Tonne","HAZ_NHAZ","Hazardous and non-hazardous - total","TRT","Waste treatment","W121","Mineral waste from construction and demolition","EU28","European Union - 28 countries (2013-2020)","2014","2014","283460000"
"env_wastrt_W121_total","A","Annual","T","Tonne","HAZ_NHAZ","Hazardous and non-hazardous - total","TRT","Waste treatment","W121","Mineral waste from construction and demolition","EU28","European Union - 28 countries (2013-2020)","2016","2016","307270000"
"env_wastrt_W121_total","A","Annual","T","Tonne","HAZ_NHAZ","Hazardous and non-hazardous - total","TRT","Waste treatment","W121","Mineral waste from construction and demolition","EU28","European Union - 28 countries (2013-2020)","2018","2018","331470000"
"env_wastrt_W121_total","A","Annual","T","Tonne","HAZ_NHAZ","Hazardous and non-hazardous - total","TRT","Waste treatment","W121","Mineral waste from construction and demolition","BE","Belgium","2010","2010","123515"
"env_wastrt_W121_total","A","Annual","T","Tonne","HAZ_NHAZ","Hazardous and non-hazardous - total","TRT","Waste treatment","W121","Mineral waste from construction and demolition","BE","Belgium","2012","2012","243167"
"env_wastrt_W121_total","A","Annual","T","Tonne","HAZ_NHAZ","Hazardous and non-hazardous - total","TRT","Waste treatment","W121","Mineral waste from construction and demolition","BE","Belgium","2014","2014","222219"
"env_wastrt_W121_total","A","Annual","T","Tonne","HAZ_NHAZ","Hazardous and non-hazardous - total","TRT","Waste treatment","W121","Mineral waste from construction and demolition","BE","Belgium","2016","2016","472985"
"env_wastrt_W121_total","A","Annual","T","Tonne","HAZ_NHAZ","Hazardous and non-hazardous - total","TRT","Waste treatment","W121","Mineral waste from construction and demolition","BE","Belgium","2018","2018","585408"
"env_wastrt_W121_total","A","Annual","T","Tonne","HAZ_NHAZ","Hazardous and non-hazardous - total","TRT","Waste treatment","W121","Mineral waste from construction and demolition","BE","Belgium","2020","2020","4710913"
"env_wastrt_W121_total","A","Annual","T","Tonne","HAZ_NHAZ","Hazardous and non-hazardous - total","TRT","Waste treatment","W121","Mineral waste from construction and demolition","BE","Belgium","2022","2022","2615946"
"env_wastrt_W121_total","A","Annual","T","Tonne","HAZ_NHAZ","Hazardous and non-hazardous - total","TRT","Waste treatment","W121","Mineral waste from construction and demolition","BG","Bulgaria","2010","2010","48877"
"env_wastrt_W121_total","A","Annual","T","Tonne","HAZ_NHAZ","Hazardous and non-hazardous - total","TRT","Waste treatment","W121","Mineral waste from construction and demolition","BG","Bulgaria","2012","2012","487036"
"env_wastrt_W121_total","A","Annual","T","Tonne","HAZ_NHAZ","Hazardous and non-hazardous - total","TRT","Waste treatment","W121","Mineral waste from construction and demolition","BG","Bulgaria","2014","2014","682013"
"env_wastrt_W121_total","A","Annual","T","Tonne","HAZ_NHAZ","Hazardous and non-hazardous - total","TRT","Waste treatment","W121","Mineral waste from construction and demolition","BG","Bulgaria","2016","2016","611674"
"env_wastrt_W121_total","A","Annual","T","Tonne","HAZ_NHAZ","Hazardous and non-hazardous - total","TRT","Waste treatment","W121","Mineral waste from construction and demolition","BG","Bulgaria","2018","2018","525966"
"env_wastrt_W121_total","A","Annual","T","Tonne","HAZ_NHAZ","Hazardous and non-hazardous - total","TRT","Waste treatment","W121","Mineral waste from construction and demolition","BG","Bulgaria","2020","2020","938974"
"env_wastrt_W121_total","A","Annual","T","Tonne","HAZ_NHAZ","Hazardous and non-hazardous - total","TRT","Waste treatment","W121","Mineral waste from construction and demolition","BG","Bulgaria","2022","2022","325674"
"env_wastrt_W121_total","A","Annual","T","Tonne","HAZ_NHAZ","Hazardous and non-hazardous - total","TRT","Waste treatment","W121","Mineral waste from construction and demolition","CZ","Czechia","2010","2010","2986424"
"env_wastrt_W121_total","A","Annual","T","Tonne","HAZ_NHAZ","Hazardous and non-hazardous - total","TRT","Waste treatment","W121","Mineral waste from construction and demolition","CZ","Czechia","2012","2012","3502831"
"env_wastrt_W121_total","A","Annual","T","Tonne","HAZ_NHAZ","Hazardous and non-hazardous - total","TRT","Waste treatment","W121","Mineral waste from construction and demolition","CZ","Czechia","2014","2014","3583425"
"env_wastrt_W121_total","A","Annual","T","Tonne","HAZ_NHAZ","Hazardous and non-hazardous - total","TRT","Waste treatment","W121","Mineral waste from construction and demolition","CZ","Czechia","2016","2016","4893384"
"env_wastrt_W121_total","A","Annual","T","Tonne","HAZ_NHAZ","Hazardous and non-hazardous - total","TRT","Waste treatment","W121","Mineral waste from construction and demolition","CZ","Czechia","2018","2018","7411884"
"env_wastrt_W121_total","A","Annual","T","Tonne","HAZ_NHAZ","Hazardous and non-hazardous - total","TRT","Waste treatment","W121","Mineral waste from construction and demolition","CZ","Czechia","2020","2020","7066101"
"env_wastrt_W121_total","A","Annual","T","Tonne","HAZ_NHAZ","Hazardous and non-hazardous - total","TRT","Waste treatment","W121","Mineral waste from construction and demolition","CZ","Czechia","2022","2022","6697014"
"env_wastrt_W121_total","A","Annual","T","Tonne","HAZ_NHAZ","Hazardous and non-hazardous - total","TRT","Waste treatment","W121","Mineral waste from construction and demolition","DK","Denmark","2010","2010","2188962"
"env_wastrt_W121_total","A","Annual","T","Tonne","HAZ_NHAZ","Hazardous and non-hazardous - total","TRT","Waste treatment","W121","Mineral waste from construction and demolition","DK","Denmark","2012","2012","2743145"
"env_wastrt_W121_total","A","Annual","T","Tonne","HAZ_NHAZ","Hazardous and non-hazardous - total","TRT","Waste treatment","W121","Mineral waste from construction and demolition","DK","Denmark","2014","2014","3297001"
"env_wastrt_W121_total","A","Annual","T","Tonne","HAZ_NHAZ","Hazardous and non-hazardous - total","TRT","Waste treatment","W121","Mineral waste from construction and demolition","DK","Denmark","2016","2016","3471625"
"env_wastrt_W121_total","A","Annual","T","Tonne","HAZ_NHAZ","Hazardous and non-hazardous - total","TRT","Waste treatment","W121","Mineral waste from construction and demolition","DK","Denmark","2018","2018","4090287"
"env_wastrt_W121_total","A","Annual","T","Tonne","HAZ_NHAZ","Hazardous and non-hazardous - total","TRT","Waste treatment","W121","Mineral waste from construction and demolition","DK","Denmark","2020","2020","3695102"
"env_wastrt_W121_total","A","Annual","T","Tonne","HAZ_NHAZ","Hazardous and non-hazardous - total","TRT","Waste treatment","W121","Mineral waste from construction and demolition","DK","Denmark","2022","2022","4491554"
"env_wastrt_W121_total","A","Annual","T","Tonne","HAZ_NHAZ","Hazardous and non-hazardous - total","TRT","Waste treatment","W121","Mineral waste from construction and demolition","DE","Germany","2010","2010","74824387"
"env_wastrt_W121_total","A","Annual","T","Tonne","HAZ_NHAZ","Hazardous and non-hazardous - total","TRT","Waste treatment","W121","Mineral waste from construction and demolition","DE","Germany","2012","2012","75561613"
"env_wastrt_W121_total","A","Annual","T","Tonne","HAZ_NHAZ","Hazardous and non-hazardous - total","TRT","Waste treatment","W121","Mineral waste from construction and demolition","DE","Germany","2014","2014","76384581"
"env_wastrt_W121_total","A","Annual","T","Tonne","HAZ_NHAZ","Hazardous and non-hazardous - total","TRT","Waste treatment","W121","Mineral waste from construction and demolition","DE","Germany","2016","2016","83796189"
"env_wastrt_W121_total","A","Annual","T","Tonne","HAZ_NHAZ","Hazardous and non-hazardous - total","TRT","Waste treatment","W121","Mineral waste from construction and demolition","DE","Germany","2018","2018","83042460"
"env_wastrt_W121_total","A","Annual","T","Tonne","HAZ_NHAZ","Hazardous and non-hazardous - total","TRT","Waste treatment","W121","Mineral waste from construction and demolition","DE","Germany","2020","2020","85706884"
"env_wastrt_W121_total","A","Annual","T","Tonne","HAZ_NHAZ","Hazardous and non-hazardous - total","TRT","Waste treatment","W121","Mineral waste from construction and demolition","DE","Germany","2022","2022","80811555"
"env_wastrt_W121_total","A","Annual","T","Tonne","HAZ_NHAZ","Hazardous and non-hazardous - total","TRT","Waste treatment","W121","Mineral waste from construction and demolition","EE","Estonia","2010","2010","608427"
"env_wastrt_W121_total","A","Annual","T","Tonne","HAZ_NHAZ","Hazardous and non-hazardous - total","TRT","Waste treatment","W121","Mineral waste from construction and demolition","EE","Estonia","2012","2012","543081"
"env_wastrt_W121_total","A","Annual","T","Tonne","HAZ_NHAZ","Hazardous and non-hazardous - total","TRT","Waste treatment","W121","Mineral waste from construction and demolition","EE","Estonia","2014","2014","724210"
"env_wastrt_W121_total","A","Annual","T","Tonne","HAZ_NHAZ","Hazardous and non-hazardous - total","TRT","Waste treatment","W121","Mineral waste from construction and demolition","EE","Estonia","2016","2016","509531"
"env_wastrt_W121_total","A","Annual","T","Tonne","HAZ_NHAZ","Hazardous and non-hazardous - total","TRT","Waste treatment","W121","Mineral waste from construction and demolition","EE","Estonia","2018","2018","1026665"
"env_wastrt_W121_total","A","Annual","T","Tonne","HAZ_NHAZ","Hazardous and non-hazardous - total","TRT","Waste treatment","W121","Mineral waste from construction and demolition","EE","Estonia","2020","2020","671028"
"env_wastrt_W121_total","A","Annual","T","Tonne","HAZ_NHAZ","Hazardous and non-hazardous - total","TRT","Waste treatment","W121","Mineral waste from construction and demolition","EE","Estonia","2022","2022","766354"
"env_wastrt_W121_total","A","Annual","T","Tonne","HAZ_NHAZ","Hazardous and non-hazardous - total","TRT","Waste treatment","W121","Mineral waste from construction and demolition","IE","Ireland","2010","2010","458963"
"env_wastrt_W121_total","A","Annual","T","Tonne","HAZ_NHAZ","Hazardous and non-hazardous - total","TRT","Waste treatment","W121","Mineral waste from construction and demolition","IE","Ireland","2012","2012","286405"
"env_wastrt_W121_total","A","Annual","T","Tonne","HAZ_NHAZ","Hazardous and non-hazardous - total","TRT","Waste treatment","W121","Mineral waste from construction and demolition","IE","Ireland","2014","2014","398461"
"env_wastrt_W121_total","A","Annual","T","Tonne","HAZ_NHAZ","Hazardous and non-hazardous - total","TRT","Waste treatment","W121","Mineral waste from construction and demolition","IE","Ireland","2016","2016","444150"
"env_wastrt_W121_total","A","Annual","T","Tonne","HAZ_NHAZ","Hazardous and non-hazardous - total","TRT","Waste treatment","W121","Mineral waste from construction and demolition","IE","Ireland","2018","2018","877569"
"env_wastrt_W121_total","A","Annual","T","Tonne","HAZ_NHAZ","Hazardous and non-hazardous - total","TRT","Waste treatment","W121","Mineral waste from construction and demolition","IE","Ireland","2020","2020","554329"
"env_wastrt_W121_total","A","Annual","T","Tonne","HAZ_NHAZ","Hazardous and non-hazardous - total","TRT","Waste treatment","W121","Mineral waste from construction and demolition","IE","Ireland","2022","2022","748543"
"env_wastrt_W121_total","A","Annual","T","Tonne","HAZ_NHAZ","Hazardous and non-hazardous - total","TRT","Waste treatment","W121","Mineral waste from construction and demolition","EL","Greece","2010","2010","1544754"
"env_wastrt_W121_total","A","Annual","T","Tonne","HAZ_NHAZ","Hazardous and non-hazardous - total","TRT","Waste treatment","W121","Mineral waste from construction and demolition","EL","Greece","2012","2012","604369"
"env_wastrt_W121_total","A","Annual","T","Tonne","HAZ_NHAZ","Hazardous and non-hazardous - total","TRT","Waste treatment","W121","Mineral waste from construction and demolition","EL","Greece","2014","2014","140112"
"env_wastrt_W121_total","A","Annual","T","Tonne","HAZ_NHAZ","Hazardous and non-hazardous - total","TRT","Waste treatment","W121","Mineral waste from construction and demolition","EL","Greece","2016","2016","138099"
"env_wastrt_W121_total","A","Annual","T","Tonne","HAZ_NHAZ","Hazardous and non-hazardous - total","TRT","Waste treatment","W121","Mineral waste from construction and demolition","EL","Greece","2018","2018","718860"
"env_wastrt_W121_total","A","Annual","T","Tonne","HAZ_NHAZ","Hazardous and non-hazardous - total","TRT","Waste treatment","W121","Mineral waste from construction and demolition","EL","Greece","2020","2020","1573901"
"env_wastrt_W121_total","A","Annual","T","Tonne","HAZ_NHAZ","Hazardous and non-hazardous - total","TRT","Waste treatment","W121","Mineral waste from construction and demolition","EL","Greece","2022","2022","2236071"
"env_wastrt_W121_total","A","Annual","T","Tonne","HAZ_NHAZ","Hazardous and non-hazardous - total","TRT","Waste treatment","W121","Mineral waste from construction and demolition","ES","Spain","2010","2010","11383724"
"env_wastrt_W121_total","A","Annual","T","Tonne","HAZ_NHAZ","Hazardous and non-hazardous - total","TRT","Waste treatment","W121","Mineral waste from construction and demolition","ES","Spain","2012","2012","27393121"
"env_wastrt_W121_total","A","Annual","T","Tonne","HAZ_NHAZ","Hazardous and non-hazardous - total","TRT","Waste treatment","W121","Mineral waste from construction and demolition","ES","Spain","2014","2014","7097160"
"env_wastrt_W121_total","A","Annual","T","Tonne","HAZ_NHAZ","Hazardous and non-hazardous - total","TRT","Waste treatment","W121","Mineral waste from construction and demolition","ES","Spain","2016","2016","9148448"
"env_wastrt_W121_total","A","Annual","T","Tonne","HAZ_NHAZ","Hazardous and non-hazardous - total","TRT","Waste treatment","W121","Mineral waste from construction and demolition","ES","Spain","2018","2018","14495808"
"env_wastrt_W121_total","A","Annual","T","Tonne","HAZ_NHAZ","Hazardous and non-hazardous - total","TRT","Waste treatment","W121","Mineral waste from construction and demolition","ES","Spain","2020","2020","14371856"
"env_wastrt_W121_total","A","Annual","T","Tonne","HAZ_NHAZ","Hazardous and non-hazardous - total","TRT","Waste treatment","W121","Mineral waste from construction and demolition","ES","Spain","2022","2022","14647979"
"env_wastrt_W121_total","A","Annual","T","Tonne","HAZ_NHAZ","Hazardous and non-hazardous - total","TRT","Waste treatment","W121","Mineral waste from construction and demolition","FR","France","2010","2010","65061585"
"env_wastrt_W121_total","A","Annual","T","Tonne","HAZ_NHAZ","Hazardous and non-hazardous - total","TRT","Waste treatment","W121","Mineral waste from construction and demolition","FR","France","2012","2012","61818603"
"env_wastrt_W121_total","A","Annual","T","Tonne","HAZ_NHAZ","Hazardous and non-hazardous - total","TRT","Waste treatment","W121","Mineral waste from construction and demolition","FR","France","2014","2014","60551785"
"env_wastrt_W121_total","A","Annual","T","Tonne","HAZ_NHAZ","Hazardous and non-hazardous - total","TRT","Waste treatment","W121","Mineral waste from construction and demolition","FR","France","2016","2016","63998536"
"env_wastrt_W121_total","A","Annual","T","Tonne","HAZ_NHAZ","Hazardous and non-hazardous - total","TRT","Waste treatment","W121","Mineral waste from construction and demolition","FR","France","2018","2018","68965855"
"env_wastrt_W121_total","A","Annual","T","Tonne","HAZ_NHAZ","Hazardous and non-hazardous - total","TRT","Waste treatment","W121","Mineral waste from construction and demolition","FR","France","2020","2020","53196319"
"env_wastrt_W121_total","A","Annual","T","Tonne","HAZ_NHAZ","Hazardous and non-hazardous - total","TRT","Waste treatment","W121","Mineral waste from construction and demolition","FR","France","2022","2022","62028210"
"env_wastrt_W121_total","A","Annual","T","Tonne","HAZ_NHAZ","Hazardous and non-hazardous - total","TRT","Waste treatment","W121","Mineral waste from construction and demolition","HR","Croatia","2010","2010","44352"
"env_wastrt_W121_total","A","Annual","T","Tonne","HAZ_NHAZ","Hazardous and non-hazardous - total","TRT","Waste treatment","W121","Mineral waste from construction and demolition","HR","Croatia","2012","2012","250193"
"env_wastrt_W121_total","A","Annual","T","Tonne","HAZ_NHAZ","Hazardous and non-hazardous - total","TRT","Waste treatment","W121","Mineral waste from construction and demolition","HR","Croatia","2014","2014","287439"
"env_wastrt_W121_total","A","Annual","T","Tonne","HAZ_NHAZ","Hazardous and non-hazardous - total","TRT","Waste treatment","W121","Mineral waste from construction and demolition","HR","Croatia","2016","2016","450954"
"env_wastrt_W121_total","A","Annual","T","Tonne","HAZ_NHAZ","Hazardous and non-hazardous - total","TRT","Waste treatment","W121","Mineral waste from construction and demolition","HR","Croatia","2018","2018","305411"
"env_wastrt_W121_total","A","Annual","T","Tonne","HAZ_NHAZ","Hazardous and non-hazardous - total","TRT","Waste treatment","W121","Mineral waste from construction and demolition","HR","Croatia","2020","2020","420733"
"env_wastrt_W121_total","A","Annual","T","Tonne","HAZ_NHAZ","Hazardous and non-hazardous - total","TRT","Waste treatment","W121","Mineral waste from construction and demolition","HR","Croatia","2022","2022","431573"
"env_wastrt_W121_total","A","Annual","T","Tonne","HAZ_NHAZ","Hazardous and non-hazardous - total","TRT","Waste treatment","W121","Mineral waste from construction and demolition","IT","Italy","2010","2010","31130088"
"env_wastrt_W121_total","A","Annual","T","Tonne","HAZ_NHAZ","Hazardous and non-hazardous - total","TRT","Waste treatment","W121","Mineral waste from construction and demolition","IT","Italy","2012","2012","30865123"
"env_wastrt_W121_total","A","Annual","T","Tonne","HAZ_NHAZ","Hazardous and non-hazardous - total","TRT","Waste treatment","W121","Mineral waste from construction and demolition","IT","Italy","2014","2014","31389371"
"env_wastrt_W121_total","A","Annual","T","Tonne","HAZ_NHAZ","Hazardous and non-hazardous - total","TRT","Waste treatment","W121","Mineral waste from construction and demolition","IT","Italy","2016","2016","34092663"
"env_wastrt_W121_total","A","Annual","T","Tonne","HAZ_NHAZ","Hazardous and non-hazardous - total","TRT","Waste treatment","W121","Mineral waste from construction and demolition","IT","Italy","2018","2018","40364355"
"env_wastrt_W121_total","A","Annual","T","Tonne","HAZ_NHAZ","Hazardous and non-hazardous - total","TRT","Waste treatment","W121","Mineral waste from construction and demolition","IT","Italy","2020","2020","45583675"
"env_wastrt_W121_total","A","Annual","T","Tonne","HAZ_NHAZ","Hazardous and non-hazardous - total","TRT","Waste treatment","W121","Mineral waste from construction and demolition","IT","Italy","2022","2022","53984294"
"env_wastrt_W121_total","A","Annual","T","Tonne","HAZ_NHAZ","Hazardous and non-hazardous - total","TRT","Waste treatment","W121","Mineral waste from construction and demolition","CY","Cyprus","2010","2010","160251"
"env_wastrt_W121_total","A","Annual","T","Tonne","HAZ_NHAZ","Hazardous and non-hazardous - total","TRT","Waste treatment","W121","Mineral waste from construction and demolition","CY","Cyprus","2012","2012","138221"
"env_wastrt_W121_total","A","Annual","T","Tonne","HAZ_NHAZ","Hazardous and non-hazardous - total","TRT","Waste treatment","W121","Mineral waste from construction and demolition","CY","Cyprus","2014","2014","111232"
"env_wastrt_W121_total","A","Annual","T","Tonne","HAZ_NHAZ","Hazardous and non-hazardous - total","TRT","Waste treatment","W121","Mineral waste from construction and demolition","CY","Cyprus","2016","2016","187343"
"env_wastrt_W121_total","A","Annual","T","Tonne","HAZ_NHAZ","Hazardous and non-hazardous - total","TRT","Waste treatment","W121","Mineral waste from construction and demolition","CY","Cyprus","2018","2018","219631"
"env_wastrt_W121_total","A","Annual","T","Tonne","HAZ_NHAZ","Hazardous and non-hazardous - total","TRT","Waste treatment","W121","Mineral waste from construction and demolition","CY","Cyprus","2020","2020","259675"
"env_wastrt_W121_total","A","Annual","T","Tonne","HAZ_NHAZ","Hazardous and non-hazardous - total","TRT","Waste treatment","W121","Mineral waste from construction and demolition","CY","Cyprus","2022","2022","228953"
"env_wastrt_W121_total","A","Annual","T","Tonne","HAZ_NHAZ","Hazardous and non-hazardous - total","TRT","Waste treatment","W121","Mineral waste from construction and demolition","LV","Latvia","2010","2010","146712"
"env_wastrt_W121_total","A","Annual","T","Tonne","HAZ_NHAZ","Hazardous and non-hazardous - total","TRT","Waste treatment","W121","Mineral waste from construction and demolition","LV","Latvia","2012","2012","155323"
"env_wastrt_W121_total","A","Annual","T","Tonne","HAZ_NHAZ","Hazardous and non-hazardous - total","TRT","Waste treatment","W121","Mineral waste from construction and demolition","LV","Latvia","2014","2014","113431"
"env_wastrt_W121_total","A","Annual","T","Tonne","HAZ_NHAZ","Hazardous and non-hazardous - total","TRT","Waste treatment","W121","Mineral waste from construction and demolition","LV","Latvia","2016","2016","112528"
"env_wastrt_W121_total","A","Annual","T","Tonne","HAZ_NHAZ","Hazardous and non-hazardous - total","TRT","Waste treatment","W121","Mineral waste from construction and demolition","LV","Latvia","2018","2018","396407"
"env_wastrt_W121_total","A","Annual","T","Tonne","HAZ_NHAZ","Hazardous and non-hazardous - total","TRT","Waste treatment","W121","Mineral waste from construction and demolition","LV","Latvia","2020","2020","317839"
"env_wastrt_W121_total","A","Annual","T","Tonne","HAZ_NHAZ","Hazardous and non-hazardous - total","TRT","Waste treatment","W121","Mineral waste from construction and demolition","LV","Latvia","2022","2022","368226"
"env_wastrt_W121_total","A","Annual","T","Tonne","HAZ_NHAZ","Hazardous and non-hazardous - total","TRT","Waste treatment","W121","Mineral waste from construction and demolition","LT","Lithuania","2010","2010","320869"
"env_wastrt_W121_total","A","Annual","T","Tonne","HAZ_NHAZ","Hazardous and non-hazardous - total","TRT","Waste treatment","W121","Mineral waste from construction and demolition","LT","Lithuania","2012","2012","457263"
"env_wastrt_W121_total","A","Annual","T","Tonne","HAZ_NHAZ","Hazardous and non-hazardous - total","TRT","Waste treatment","W121","Mineral waste from construction and demolition","LT","Lithuania","2014","2014","575433"
"env_wastrt_W121_total","A","Annual","T","Tonne","HAZ_NHAZ","Hazardous and non-hazardous - total","TRT","Waste treatment","W121","Mineral waste from construction and demolition","LT","Lithuania","2016","2016","764791"
"env_wastrt_W121_total","A","Annual","T","Tonne","HAZ_NHAZ","Hazardous and non-hazardous - total","TRT","Waste treatment","W121","Mineral waste from construction and demolition","LT","Lithuania","2018","2018","661381"
"env_wastrt_W121_total","A","Annual","T","Tonne","HAZ_NHAZ","Hazardous and non-hazardous - total","TRT","Waste treatment","W121","Mineral waste from construction and demolition","LT","Lithuania","2020","2020","602860"
"env_wastrt_W121_total","A","Annual","T","Tonne","HAZ_NHAZ","Hazardous and non-hazardous - total","TRT","Waste treatment","W121","Mineral waste from construction and demolition","LT","Lithuania","2022","2022","634913"
"env_wastrt_W121_total","A","Annual","T","Tonne","HAZ_NHAZ","Hazardous and non-hazardous - total","TRT","Waste treatment","W121","Mineral waste from construction and demolition","LU","Luxembourg","2010","2010","539297"
"env_wastrt_W121_total","A","Annual","T","Tonne","HAZ_NHAZ","Hazardous and non-hazardous - total","TRT","Waste treatment","W121","Mineral waste from construction and demolition","LU","Luxembourg","2012","2012","524528"
"env_wastrt_W121_total","A","Annual","T","Tonne","HAZ_NHAZ","Hazardous and non-hazardous - total","TRT","Waste treatment","W121","Mineral waste from construction and demolition","LU","Luxembourg","2014","2014","496708"
"env_wastrt_W121_total","A","Annual","T","Tonne","HAZ_NHAZ","Hazardous and non-hazardous - total","TRT","Waste treatment","W121","Mineral waste from construction and demolition","LU","Luxembourg","2016","2016","502535"
"env_wastrt_W121_total","A","Annual","T","Tonne","HAZ_NHAZ","Hazardous and non-hazardous - total","TRT","Waste treatment","W121","Mineral waste from construction and demolition","LU","Luxembourg","2018","2018","390251"
"env_wastrt_W121_total","A","Annual","T","Tonne","HAZ_NHAZ","Hazardous and non-hazardous - total","TRT","Waste treatment","W121","Mineral waste from construction and demolition","LU","Luxembourg","2020","2020","542699"
"env_wastrt_W121_total","A","Annual","T","Tonne","HAZ_NHAZ","Hazardous and non-hazardous - total","TRT","Waste treatment","W121","Mineral waste from construction and demolition","LU","Luxembourg","2022","2022","1092887"
"env_wastrt_W121_total","A","Annual","T","Tonne","HAZ_NHAZ","Hazardous and non-hazardous - total","TRT","Waste treatment","W121","Mineral waste from construction and demolition","HU","Hungary","2010","2010","2374434"
"env_wastrt_W121_total","A","Annual","T","Tonne","HAZ_NHAZ","Hazardous and non-hazardous - total","TRT","Waste treatment","W121","Mineral waste from construction and demolition","HU","Hungary","2012","2012","1923520"
"env_wastrt_W121_total","A","Annual","T","Tonne","HAZ_NHAZ","Hazardous and non-hazardous - total","TRT","Waste treatment","W121","Mineral waste from construction and demolition","HU","Hungary","2014","2014","2415994"
"env_wastrt_W121_total","A","Annual","T","Tonne","HAZ_NHAZ","Hazardous and non-hazardous - total","TRT","Waste treatment","W121","Mineral waste from construction and demolition","HU","Hungary","2016","2016","2580731"
"env_wastrt_W121_total","A","Annual","T","Tonne","HAZ_NHAZ","Hazardous and non-hazardous - total","TRT","Waste treatment","W121","Mineral waste from construction and demolition","HU","Hungary","2018","2018","3478197"
"env_wastrt_W121_total","A","Annual","T","Tonne","HAZ_NHAZ","Hazardous and non-hazardous - total","TRT","Waste treatment","W121","Mineral waste from construction and demolition","HU","Hungary","2020","2020","4320114"
"env_wastrt_W121_total","A","Annual","T","Tonne","HAZ_NHAZ","Hazardous and non-hazardous - total","TRT","Waste treatment","W121","Mineral waste from construction and demolition","HU","Hungary","2022","2022","3793996"
"env_wastrt_W121_total","A","Annual","T","Tonne","HAZ_NHAZ","Hazardous and non-hazardous - total","TRT","Waste treatment","W121","Mineral waste from construction and demolition","MT","Malta","2010","2010","756584"
"env_wastrt_W121_total","A","Annual","T","Tonne","HAZ_NHAZ","Hazardous and non-hazardous - total","TRT","Waste treatment","W121","Mineral waste from construction and demolition","MT","Malta","2012","2012","507563"
"env_wastrt_W121_total","A","Annual","T","Tonne","HAZ_NHAZ","Hazardous and non-hazardous - total","TRT","Waste treatment","W121","Mineral waste from construction and demolition","MT","Malta","2014","2014","788308"
"env_wastrt_W121_total","A","Annual","T","Tonne","HAZ_NHAZ","Hazardous and non-hazardous - total","TRT","Waste treatment","W121","Mineral waste from construction and demolition","MT","Malta","2016","2016","1030298"
"env_wastrt_W121_total","A","Annual","T","Tonne","HAZ_NHAZ","Hazardous and non-hazardous - total","TRT","Waste treatment","W121","Mineral waste from construction and demolition","MT","Malta","2018","2018","1759966"
"env_wastrt_W121_total","A","Annual","T","Tonne","HAZ_NHAZ","Hazardous and non-hazardous - total","TRT","Waste treatment","W121","Mineral waste from construction and demolition","MT","Malta","2020","2020","2947811"
"env_wastrt_W121_total","A","Annual","T","Tonne","HAZ_NHAZ","Hazardous and non-hazardous - total","TRT","Waste treatment","W121","Mineral waste from construction and demolition","MT","Malta","2022","2022","2062368"
"env_wastrt_W121_total","A","Annual","T","Tonne","HAZ_NHAZ","Hazardous and non-hazardous - total","TRT","Waste treatment","W121","Mineral waste from construction and demolition","NL","Netherlands","2010","2010","20079722"
"env_wastrt_W121_total","A","Annual","T","Tonne","HAZ_NHAZ","Hazardous and non-hazardous - total","TRT","Waste treatment","W121","Mineral waste from construction and demolition","NL","Netherlands","2012","2012","19420519"
"env_wastrt_W121_total","A","Annual","T","Tonne","HAZ_NHAZ","Hazardous and non-hazardous - total","TRT","Waste treatment","W121","Mineral waste from construction and demolition","NL","Netherlands","2014","2014","18892255"
"env_wastrt_W121_total","A","Annual","T","Tonne","HAZ_NHAZ","Hazardous and non-hazardous - total","TRT","Waste treatment","W121","Mineral waste from construction and demolition","NL","Netherlands","2016","2016","19409926"
"env_wastrt_W121_total","A","Annual","T","Tonne","HAZ_NHAZ","Hazardous and non-hazardous - total","TRT","Waste treatment","W121","Mineral waste from construction and demolition","NL","Netherlands","2018","2018","20339362"
"env_wastrt_W121_total","A","Annual","T","Tonne","HAZ_NHAZ","Hazardous and non-hazardous - total","TRT","Waste treatment","W121","Mineral waste from construction and demolition","NL","Netherlands","2020","2020","20259180"
"env_wastrt_W121_total","A","Annual","T","Tonne","HAZ_NHAZ","Hazardous and non-hazardous - total","TRT","Waste treatment","W121","Mineral waste from construction and demolition","NL","Netherlands","2022","2022","20027460"
"env_wastrt_W121_total","A","Annual","T","Tonne","HAZ_NHAZ","Hazardous and non-hazardous - total","TRT","Waste treatment","W121","Mineral waste from construction and demolition","AT","Austria","2010","2010","5908180"
"env_wastrt_W121_total","A","Annual","T","Tonne","HAZ_NHAZ","Hazardous and non-hazardous - total","TRT","Waste treatment","W121","Mineral waste from construction and demolition","AT","Austria","2012","2012","6285962"
"env_wastrt_W121_total","A","Annual","T","Tonne","HAZ_NHAZ","Hazardous and non-hazardous - total","TRT","Waste treatment","W121","Mineral waste from construction and demolition","AT","Austria","2014","2014","9160040"
"env_wastrt_W121_total","A","Annual","T","Tonne","HAZ_NHAZ","Hazardous and non-hazardous - total","TRT","Waste treatment","W121","Mineral waste from construction and demolition","AT","Austria","2016","2016","10009516"
"env_wastrt_W121_total","A","Annual","T","Tonne","HAZ_NHAZ","Hazardous and non-hazardous - total","TRT","Waste treatment","W121","Mineral waste from construction and demolition","AT","Austria","2018","2018","10548788"
"env_wastrt_W121_total","A","Annual","T","Tonne","HAZ_NHAZ","Hazardous and non-hazardous - total","TRT","Waste treatment","W121","Mineral waste from construction and demolition","AT","Austria","2020","2020","10709663"
"env_wastrt_W121_total","A","Annual","T","Tonne","HAZ_NHAZ","Hazardous and non-hazardous - total","TRT","Waste treatment","W121","Mineral waste from construction and demolition","AT","Austria","2022","2022","10890585"
"env_wastrt_W121_total","A","Annual","T","Tonne","HAZ_NHAZ","Hazardous and non-hazardous - total","TRT","Waste treatment","W121","Mineral waste from construction and demolition","PL","Poland","2010","2010","3173454"
"env_wastrt_W121_total","A","Annual","T","Tonne","HAZ_NHAZ","Hazardous and non-hazardous - total","TRT","Waste treatment","W121","Mineral waste from construction and demolition","PL","Poland","2012","2012","3016359"
"env_wastrt_W121_total","A","Annual","T","Tonne","HAZ_NHAZ","Hazardous and non-hazardous - total","TRT","Waste treatment","W121","Mineral waste from construction and demolition","PL","Poland","2014","2014","5109453"
"env_wastrt_W121_total","A","Annual","T","Tonne","HAZ_NHAZ","Hazardous and non-hazardous - total","TRT","Waste treatment","W121","Mineral waste from construction and demolition","PL","Poland","2016","2016","3730719"
"env_wastrt_W121_total","A","Annual","T","Tonne","HAZ_NHAZ","Hazardous and non-hazardous - total","TRT","Waste treatment","W121","Mineral waste from construction and demolition","PL","Poland","2018","2018","4354088"
"env_wastrt_W121_total","A","Annual","T","Tonne","HAZ_NHAZ","Hazardous and non-hazardous - total","TRT","Waste treatment","W121","Mineral waste from construction and demolition","PL","Poland","2020","2020","4965153"
"env_wastrt_W121_total","A","Annual","T","Tonne","HAZ_NHAZ","Hazardous and non-hazardous - total","TRT","Waste treatment","W121","Mineral waste from construction and demolition","PL","Poland","2022","2022","5283890"
"env_wastrt_W121_total","A","Annual","T","Tonne","HAZ_NHAZ","Hazardous and non-hazardous - total","TRT","Waste treatment","W121","Mineral waste from construction and demolition","PT","Portugal","2010","2010","526638"
"env_wastrt_W121_total","A","Annual","T","Tonne","HAZ_NHAZ","Hazardous and non-hazardous - total","TRT","Waste treatment","W121","Mineral waste from construction and demolition","PT","Portugal","2012","2012","576904"
"env_wastrt_W121_total","A","Annual","T","Tonne","HAZ_NHAZ","Hazardous and non-hazardous - total","TRT","Waste treatment","W121","Mineral waste from construction and demolition","PT","Portugal","2014","2014","503805"
"env_wastrt_W121_total","A","Annual","T","Tonne","HAZ_NHAZ","Hazardous and non-hazardous - total","TRT","Waste treatment","W121","Mineral waste from construction and demolition","PT","Portugal","2016","2016","879274"
"env_wastrt_W121_total","A","Annual","T","Tonne","HAZ_NHAZ","Hazardous and non-hazardous - total","TRT","Waste treatment","W121","Mineral waste from construction and demolition","PT","Portugal","2018","2018","935368"
"env_wastrt_W121_total","A","Annual","T","Tonne","HAZ_NHAZ","Hazardous and non-hazardous - total","TRT","Waste treatment","W121","Mineral waste from construction and demolition","PT","Portugal","2020","2020","1282041"
"env_wastrt_W121_total","A","Annual","T","Tonne","HAZ_NHAZ","Hazardous and non-hazardous - total","TRT","Waste treatment","W121","Mineral waste from construction and demolition","PT","Portugal","2022","2022","1469543"
"env_wastrt_W121_total","A","Annual","T","Tonne","HAZ_NHAZ","Hazardous and non-hazardous - total","TRT","Waste treatment","W121","Mineral waste from construction and demolition","RO","Romania","2010","2010","881671"
"env_wastrt_W121_total","A","Annual","T","Tonne","HAZ_NHAZ","Hazardous and non-hazardous - total","TRT","Waste treatment","W121","Mineral waste from construction and demolition","RO","Romania","2012","2012","787277"
"env_wastrt_W121_total","A","Annual","T","Tonne","HAZ_NHAZ","Hazardous and non-hazardous - total","TRT","Waste treatment","W121","Mineral waste from construction and demolition","RO","Romania","2014","2014","657901"
"env_wastrt_W121_total","A","Annual","T","Tonne","HAZ_NHAZ","Hazardous and non-hazardous - total","TRT","Waste treatment","W121","Mineral waste from construction and demolition","RO","Romania","2016","2016","1156358"
"env_wastrt_W121_total","A","Annual","T","Tonne","HAZ_NHAZ","Hazardous and non-hazardous - total","TRT","Waste treatment","W121","Mineral waste from construction and demolition","RO","Romania","2018","2018","585992"
"env_wastrt_W121_total","A","Annual","T","Tonne","HAZ_NHAZ","Hazardous and non-hazardous - total","TRT","Waste treatment","W121","Mineral waste from construction and demolition","RO","Romania","2020","2020","960730"
"env_wastrt_W121_total","A","Annual","T","Tonne","HAZ_NHAZ","Hazardous and non-hazardous - total","TRT","Waste treatment","W121","Mineral waste from construction and demolition","RO","Romania","2022","2022","1010001"
"env_wastrt_W121_total","A","Annual","T","Tonne","HAZ_NHAZ","Hazardous and non-hazardous - total","TRT","Waste treatment","W121","Mineral waste from construction and demolition","SI","Slovenia","2010","2010","686217"
"env_wastrt_W121_total","A","Annual","T","Tonne","HAZ_NHAZ","Hazardous and non-hazardous - total","TRT","Waste treatment","W121","Mineral waste from construction and demolition","SI","Slovenia","2012","2012","312540"
"env_wastrt_W121_total","A","Annual","T","Tonne","HAZ_NHAZ","Hazardous and non-hazardous - total","TRT","Waste treatment","W121","Mineral waste from construction and demolition","SI","Slovenia","2014","2014","524347"
"env_wastrt_W121_total","A","Annual","T","Tonne","HAZ_NHAZ","Hazardous and non-hazardous - total","TRT","Waste treatment","W121","Mineral waste from construction and demolition","SI","Slovenia","2016","2016","596321"
"env_wastrt_W121_total","A","Annual","T","Tonne","HAZ_NHAZ","Hazardous and non-hazardous - total","TRT","Waste treatment","W121","Mineral waste from construction and demolition","SI","Slovenia","2018","2018","1012160"
"env_wastrt_W121_total","A","Annual","T","Tonne","HAZ_NHAZ","Hazardous and non-hazardous - total","TRT","Waste treatment","W121","Mineral waste from construction and demolition","SI","Slovenia","2020","2020","979261"
"env_wastrt_W121_total","A","Annual","T","Tonne","HAZ_NHAZ","Hazardous and non-hazardous - total","TRT","Waste treatment","W121","Mineral waste from construction and demolition","SI","Slovenia","2022","2022","1158667"
"env_wastrt_W121_total","A","Annual","T","Tonne","HAZ_NHAZ","Hazardous and non-hazardous - total","TRT","Waste treatment","W121","Mineral waste from construction and demolition","SK","Slovakia","2010","2010","499762"
"env_wastrt_W121_total","A","Annual","T","Tonne","HAZ_NHAZ","Hazardous and non-hazardous - total","TRT","Waste treatment","W121","Mineral waste from construction and demolition","SK","Slovakia","2012","2012","435228"
"env_wastrt_W121_total","A","Annual","T","Tonne","HAZ_NHAZ","Hazardous and non-hazardous - total","TRT","Waste treatment","W121","Mineral waste from construction and demolition","SK","Slovakia","2014","2014","435389"
"env_wastrt_W121_total","A","Annual","T","Tonne","HAZ_NHAZ","Hazardous and non-hazardous - total","TRT","Waste treatment","W121","Mineral waste from construction and demolition","SK","Slovakia","2016","2016","408993"
"env_wastrt_W121_total","A","Annual","T","Tonne","HAZ_NHAZ","Hazardous and non-hazardous - total","TRT","Waste treatment","W121","Mineral waste from construction and demolition","SK","Slovakia","2018","2018","354486"
"env_wastrt_W121_total","A","Annual","T","Tonne","HAZ_NHAZ","Hazardous and non-hazardous - total","TRT","Waste treatment","W121","Mineral waste from construction and demolition","SK","Slovakia","2020","2020","868664"
"env_wastrt_W121_total","A","Annual","T","Tonne","HAZ_NHAZ","Hazardous and non-hazardous - total","TRT","Waste treatment","W121","Mineral waste from construction and demolition","SK","Slovakia","2022","2022","1208792"
"env_wastrt_W121_total","A","Annual","T","Tonne","HAZ_NHAZ","Hazardous and non-hazardous - total","TRT","Waste treatment","W121","Mineral waste from construction and demolition","FI","Finland","2010","2010","24787784"
"env_wastrt_W121_total","A","Annual","T","Tonne","HAZ_NHAZ","Hazardous and non-hazardous - total","TRT","Waste treatment","W121","Mineral waste from construction and demolition","FI","Finland","2012","2012","4370197"
"env_wastrt_W121_total","A","Annual","T","Tonne","HAZ_NHAZ","Hazardous and non-hazardous - total","TRT","Waste treatment","W121","Mineral waste from construction and demolition","FI","Finland","2014","2014","1727279"
"env_wastrt_W121_total","A","Annual","T","Tonne","HAZ_NHAZ","Hazardous and non-hazardous - total","TRT","Waste treatment","W121","Mineral waste from construction and demolition","FI","Finland","2016","2016","2057185"
"env_wastrt_W121_total","A","Annual","T","Tonne","HAZ_NHAZ","Hazardous and non-hazardous - total","TRT","Waste treatment","W121","Mineral waste from construction and demolition","FI","Finland","2018","2018","1213288"
"env_wastrt_W121_total","A","Annual","T","Tonne","HAZ_NHAZ","Hazardous and non-hazardous - total","TRT","Waste treatment","W121","Mineral waste from construction and demolition","FI","Finland","2020","2020","1228328"
"env_wastrt_W121_total","A","Annual","T","Tonne","HAZ_NHAZ","Hazardous and non-hazardous - total","TRT","Waste treatment","W121","Mineral waste from construction and demolition","FI","Finland","2022","2022","964033"
"env_wastrt_W121_total","A","Annual","T","Tonne","HAZ_NHAZ","Hazardous and non-hazardous - total","TRT","Waste treatment","W121","Mineral waste from construction and demolition","SE","Sweden","2010","2010","801565"
"env_wastrt_W121_total","A","Annual","T","Tonne","HAZ_NHAZ","Hazardous and non-hazardous - total","TRT","Waste treatment","W121","Mineral waste from construction and demolition","SE","Sweden","2012","2012","627599"
"env_wastrt_W121_total","A","Annual","T","Tonne","HAZ_NHAZ","Hazardous and non-hazardous - total","TRT","Waste treatment","W121","Mineral waste from construction and demolition","SE","Sweden","2014","2014","1017767"
"env_wastrt_W121_total","A","Annual","T","Tonne","HAZ_NHAZ","Hazardous and non-hazardous - total","TRT","Waste treatment","W121","Mineral waste from construction and demolition","SE","Sweden","2016","2016","1480338"
"env_wastrt_W121_total","A","Annual","T","Tonne","HAZ_NHAZ","Hazardous and non-hazardous - total","TRT","Waste treatment","W121","Mineral waste from construction and demolition","SE","Sweden","2018","2018","1254820"
"env_wastrt_W121_total","A","Annual","T","Tonne","HAZ_NHAZ","Hazardous and non-hazardous - total","TRT","Waste treatment","W121","Mineral waste from construction and demolition","SE","Sweden","2020","2020","1740076"
"env_wastrt_W121_total","A","Annual","T","Tonne","HAZ_NHAZ","Hazardous and non-hazardous - total","TRT","Waste treatment","W121","Mineral waste from construction and demolition","IS","Iceland","2010","2010","7274"
"env_wastrt_W121_total","A","Annual","T","Tonne","HAZ_NHAZ","Hazardous and non-hazardous - total","TRT","Waste treatment","W121","Mineral waste from construction and demolition","IS","Iceland","2012","2012","2891"
"env_wastrt_W121_total","A","Annual","T","Tonne","HAZ_NHAZ","Hazardous and non-hazardous - total","TRT","Waste treatment","W121","Mineral waste from construction and demolition","IS","Iceland","2014","2014","343851"
"env_wastrt_W121_total","A","Annual","T","Tonne","HAZ_NHAZ","Hazardous and non-hazardous - total","TRT","Waste treatment","W121","Mineral waste from construction and demolition","IS","Iceland","2016","2016","475366"
"env_wastrt_W121_total","A","Annual","T","Tonne","HAZ_NHAZ","Hazardous and non-hazardous - total","TRT","Waste treatment","W121","Mineral waste from construction and demolition","IS","Iceland","2018","2018","608969"
"env_wastrt_W121_total","A","Annual","T","Tonne","HAZ_NHAZ","Hazardous and non-hazardous - total","TRT","Waste treatment","W121","Mineral waste from construction and demolition","IS","Iceland","2020","2020","412990"
"env_wastrt_W121_total","A","Annual","T","Tonne","HAZ_NHAZ","Hazardous and non-hazardous - total","TRT","Waste treatment","W121","Mineral waste from construction and demolition","IS","Iceland","2022","2022","116403"
"env_wastrt_W121_total","A","Annual","T","Tonne","HAZ_NHAZ","Hazardous and non-hazardous - total","TRT","Waste treatment","W121","Mineral waste from construction and demolition","NO","Norway","2010","2010","330928"
"env_wastrt_W121_total","A","Annual","T","Tonne","HAZ_NHAZ","Hazardous and non-hazardous - total","TRT","Waste treatment","W121","Mineral waste from construction and demolition","NO","Norway","2012","2012","840152"
"env_wastrt_W121_total","A","Annual","T","Tonne","HAZ_NHAZ","Hazardous and non-hazardous - total","TRT","Waste treatment","W121","Mineral waste from construction and demolition","NO","Norway","2014","2014","1964564"
"env_wastrt_W121_total","A","Annual","T","Tonne","HAZ_NHAZ","Hazardous and non-hazardous - total","TRT","Waste treatment","W121","Mineral waste from construction and demolition","NO","Norway","2016","2016","2366510"
"env_wastrt_W121_total","A","Annual","T","Tonne","HAZ_NHAZ","Hazardous and non-hazardous - total","TRT","Waste treatment","W121","Mineral waste from construction and demolition","NO","Norway","2018","2018","2425045"
"env_wastrt_W121_total","A","Annual","T","Tonne","HAZ_NHAZ","Hazardous and non-hazardous - total","TRT","Waste treatment","W121","Mineral waste from construction and demolition","NO","Norway","2020","2020","2924832"
"env_wastrt_W121_total","A","Annual","T","Tonne","HAZ_NHAZ","Hazardous and non-hazardous - total","TRT","Waste treatment","W121","Mineral waste from construction and demolition","NO","Norway","2022","2022","2608793"
"env_wastrt_W121_total","A","Annual","T","Tonne","HAZ_NHAZ","Hazardous and non-hazardous - total","TRT","Waste treatment","W121","Mineral waste from construction and demolition","UK","United Kingdom","2010","2010","53018460"
"env_wastrt_W121_total","A","Annual","T","Tonne","HAZ_NHAZ","Hazardous and non-hazardous - total","TRT","Waste treatment","W121","Mineral waste from construction and demolition","UK","United Kingdom","2012","2012","49817511"
"env_wastrt_W121_total","A","Annual","T","Tonne","HAZ_NHAZ","Hazardous and non-hazardous - total","TRT","Waste treatment","W121","Mineral waste from construction and demolition","UK","United Kingdom","2014","2014","56175681"
"env_wastrt_W121_total","A","Annual","T","Tonne","HAZ_NHAZ","Hazardous and non-hazardous - total","TRT","Waste treatment","W121","Mineral waste from construction and demolition","UK","United Kingdom","2016","2016","60336741"
"env_wastrt_W121_total","A","Annual","T","Tonne","HAZ_NHAZ","Hazardous and non-hazardous - total","TRT","Waste treatment","W121","Mineral waste from construction and demolition","UK","United Kingdom","2018","2018","61700534"
"env_wastrt_W121_total","A","Annual","T","Tonne","HAZ_NHAZ","Hazardous and non-hazardous - total","TRT","Waste treatment","W121","Mineral waste from construction and demolition","BA","Bosnia and Herzegovina","2022","2022","69077"
"env_wastrt_W121_total","A","Annual","T","Tonne","HAZ_NHAZ","Hazardous and non-hazardous - total","TRT","Waste treatment","W121","Mineral waste from construction and demolition","ME","Montenegro","2012","2012","8360"
"env_wastrt_W121_total","A","Annual","T","Tonne","HAZ_NHAZ","Hazardous and non-hazardous - total","TRT","Waste treatment","W121","Mineral waste from construction and demolition","ME","Montenegro","2014","2014","22394"
"env_wastrt_W121_total","A","Annual","T","Tonne","HAZ_NHAZ","Hazardous and non-hazardous - total","TRT","Waste treatment","W121","Mineral waste from construction and demolition","ME","Montenegro","2016","2016","10085"
"env_wastrt_W121_total","A","Annual","T","Tonne","HAZ_NHAZ","Hazardous and non-hazardous - total","TRT","Waste treatment","W121","Mineral waste from construction and demolition","ME","Montenegro","2018","2018","1830"
"env_wastrt_W121_total","A","Annual","T","Tonne","HAZ_NHAZ","Hazardous and non-hazardous - total","TRT","Waste treatment","W121","Mineral waste from construction and demolition","ME","Montenegro","2020","2020","24110"
"env_wastrt_W121_total","A","Annual","T","Tonne","HAZ_NHAZ","Hazardous and non-hazardous - total","TRT","Waste treatment","W121","Mineral waste from construction and demolition","ME","Montenegro","2022","2022","250"
"env_wastrt_W121_total","A","Annual","T","Tonne","HAZ_NHAZ","Hazardous and non-hazardous - total","TRT","Waste treatment","W121","Mineral waste from construction and demolition","MK","North Macedonia","2010","2010","60"
"env_wastrt_W121_total","A","Annual","T","Tonne","HAZ_NHAZ","Hazardous and non-hazardous - total","TRT","Waste treatment","W121","Mineral waste from construction and demolition","MK","North Macedonia","2012","2012","8363"
"env_wastrt_W121_total","A","Annual","T","Tonne","HAZ_NHAZ","Hazardous and non-hazardous - total","TRT","Waste treatment","W121","Mineral waste from construction and demolition","MK","North Macedonia","2014","2014","7269"
"env_wastrt_W121_total","A","Annual","T","Tonne","HAZ_NHAZ","Hazardous and non-hazardous - total","TRT","Waste treatment","W121","Mineral waste from construction and demolition","MK","North Macedonia","2018","2018","8034"
"env_wastrt_W121_total","A","Annual","T","Tonne","HAZ_NHAZ","Hazardous and non-hazardous - total","TRT","Waste treatment","W121","Mineral waste from construction and demolition","MK","North Macedonia","2020","2020","51724"
"env_wastrt_W121_total","A","Annual","T","Tonne","HAZ_NHAZ","Hazardous and non-hazardous - total","TRT","Waste treatment","W121","Mineral waste from construction and demolition","MK","North Macedonia","2022","2022","56321"
"env_wastrt_W121_total","A","Annual","T","Tonne","HAZ_NHAZ","Hazardous and non-hazardous - total","TRT","Waste treatment","W121","Mineral waste from construction and demolition","AL","Albania","2014","2014","0"
"env_wastrt_W121_total","A","Annual","T","Tonne","HAZ_NHAZ","Hazardous and non-hazardous - total","TRT","Waste treatment","W121","Mineral waste from construction and demolition","AL","Albania","2022","2022","42751"
"env_wastrt_W121_total","A","Annual","T","Tonne","HAZ_NHAZ","Hazardous and non-hazardous - total","TRT","Waste treatment","W121","Mineral waste from construction and demolition","RS","Serbia","2010","2010","133"
"env_wastrt_W121_total","A","Annual","T","Tonne","HAZ_NHAZ","Hazardous and non-hazardous - total","TRT","Waste treatment","W121","Mineral waste from construction and demolition","RS","Serbia","2012","2012","869"
"env_wastrt_W121_total","A","Annual","T","Tonne","HAZ_NHAZ","Hazardous and non-hazardous - total","TRT","Waste treatment","W121","Mineral waste from construction and demolition","RS","Serbia","2014","2014","51770"
"env_wastrt_W121_total","A","Annual","T","Tonne","HAZ_NHAZ","Hazardous and non-hazardous - total","TRT","Waste treatment","W121","Mineral waste from construction and demolition","RS","Serbia","2016","2016","259266"
"env_wastrt_W121_total","A","Annual","T","Tonne","HAZ_NHAZ","Hazardous and non-hazardous - total","TRT","Waste treatment","W121","Mineral waste from construction and demolition","RS","Serbia","2018","2018","359784"
"env_wastrt_W121_total","A","Annual","T","Tonne","HAZ_NHAZ","Hazardous and non-hazardous - total","TRT","Waste treatment","W121","Mineral waste from construction and demolition","RS","Serbia","2020","2020","452123"
"env_wastrt_W121_total","A","Annual","T","Tonne","HAZ_NHAZ","Hazardous and non-hazardous - total","TRT","Waste treatment","W121","Mineral waste from construction and demolition","RS","Serbia","2022","2022","257530"
"env_wastrt_W121_total","A","Annual","T","Tonne","HAZ_NHAZ","Hazardous and non-hazardous - total","TRT","Waste treatment","W121","Mineral waste from construction and demolition","TR","Türkiye","2010","2010","97359"
"env_wastrt_W121_total","A","Annual","T","Tonne","HAZ_NHAZ","Hazardous and non-hazardous - total","TRT","Waste treatment","W121","Mineral waste from construction and demolition","TR","Türkiye","2012","2012","277518"
"env_wastrt_W121_total","A","Annual","T","Tonne","HAZ_NHAZ","Hazardous and non-hazardous - total","TRT","Waste treatment","W121","Mineral waste from construction and demolition","TR","Türkiye","2014","2014","497156"
"env_wastrt_W121_total","A","Annual","T","Tonne","HAZ_NHAZ","Hazardous and non-hazardous - total","TRT","Waste treatment","W121","Mineral waste from construction and demolition","TR","Türkiye","2016","2016","152187"
"env_wastrt_W121_total","A","Annual","T","Tonne","HAZ_NHAZ","Hazardous and non-hazardous - total","TRT","Waste treatment","W121","Mineral waste from construction and demolition","TR","Türkiye","2018","2018","7999"
"env_wastrt_W121_total","A","Annual","T","Tonne","HAZ_NHAZ","Hazardous and non-hazardous - total","TRT","Waste treatment","W121","Mineral waste from construction and demolition","TR","Türkiye","2020","2020","21399"
"env_wastrt_W121_total","A","Annual","T","Tonne","HAZ_NHAZ","Hazardous and non-hazardous - total","TRT","Waste treatment","W121","Mineral waste from construction and demolition","XK","Kosovo*","2016","2016","0"
"env_wastrt_W121_total","A","Annual","T","Tonne","HAZ_NHAZ","Hazardous and non-hazardous - total","TRT","Waste treatment","W121","Mineral waste from construction and demolition","XK","Kosovo*","2020","2020","13765"
"env_wastrt_W121_total","A","Annual","T","Tonne","HAZ_NHAZ","Hazardous and non-hazardous - total","TRT","Waste treatment","W121","Mineral waste from construction and demolition","XK","Kosovo*","2022","2022","83858"
"env_wastrt_W121_total","A","Annual","T","Tonne","HAZ_NHAZ","Hazardous and non-hazardous - total","DSP_L_OTH","Disposal - landfill and other (D1-D7, D12)","W121","Mineral waste from construction and demolition","EU27_2020","European Union - 27 countries (from 2020)","2010","2010","59990000"
"env_wastrt_W121_total","A","Annual","T","Tonne","HAZ_NHAZ","Hazardous and non-hazardous - total","DSP_L_OTH","Disposal - landfill and other (D1-D7, D12)","W121","Mineral waste from construction and demolition","EU27_2020","European Union - 27 countries (from 2020)","2012","2012","38350000"
"env_wastrt_W121_total","A","Annual","T","Tonne","HAZ_NHAZ","Hazardous and non-hazardous - total","DSP_L_OTH","Disposal - landfill and other (D1-D7, D12)","W121","Mineral waste from construction and demolition","EU27_2020","European Union - 27 countries (from 2020)","2014","2014","30060000"
"env_wastrt_W121_total","A","Annual","T","Tonne","HAZ_NHAZ","Hazardous and non-hazardous - total","DSP_L_OTH","Disposal - landfill and other (D1-D7, D12)","W121","Mineral waste from construction and demolition","EU27_2020","European Union - 27 countries (from 2020)","2016","2016","31340000"
"env_wastrt_W121_total","A","Annual","T","Tonne","HAZ_NHAZ","Hazardous and non-hazardous - total","DSP_L_OTH","Disposal - landfill and other (D1-D7, D12)","W121","Mineral waste from construction and demolition","EU27_2020","European Union - 27 countries (from 2020)","2018","2018","33670000"
"env_wastrt_W121_total","A","Annual","T","Tonne","HAZ_NHAZ","Hazardous and non-hazardous - total","DSP_L_OTH","Disposal - landfill and other (D1-D7, D12)","W121","Mineral waste from construction and demolition","EU27_2020","European Union - 27 countries (from 2020)","2020","2020","25310000"
"env_wastrt_W121_total","A","Annual","T","Tonne","HAZ_NHAZ","Hazardous and non-hazardous - total","DSP_L_OTH","Disposal - landfill and other (D1-D7, D12)","W121","Mineral waste from construction and demolition","EU27_2020","European Union - 27 countries (from 2020)","2022","2022","25130000"
"env_wastrt_W121_total","A","Annual","T","Tonne","HAZ_NHAZ","Hazardous and non-hazardous - total","DSP_L_OTH","Disposal - landfill and other (D1-D7, D12)","W121","Mineral waste from construction and demolition","EU28","European Union - 28 countries (2013-2020)","2010","2010","62080000"
"env_wastrt_W121_total","A","Annual","T","Tonne","HAZ_NHAZ","Hazardous and non-hazardous - total","DSP_L_OTH","Disposal - landfill and other (D1-D7, D12)","W121","Mineral waste from construction and demolition","EU28","European Union - 28 countries (2013-2020)","2012","2012","40570000"
"env_wastrt_W121_total","A","Annual","T","Tonne","HAZ_NHAZ","Hazardous and non-hazardous - total","DSP_L_OTH","Disposal - landfill and other (D1-D7, D12)","W121","Mineral waste from construction and demolition","EU28","European Union - 28 countries (2013-2020)","2014","2014","32440000"
"env_wastrt_W121_total","A","Annual","T","Tonne","HAZ_NHAZ","Hazardous and non-hazardous - total","DSP_L_OTH","Disposal - landfill and other (D1-D7, D12)","W121","Mineral waste from construction and demolition","EU28","European Union - 28 countries (2013-2020)","2016","2016","33820000"
"env_wastrt_W121_total","A","Annual","T","Tonne","HAZ_NHAZ","Hazardous and non-hazardous - total","DSP_L_OTH","Disposal - landfill and other (D1-D7, D12)","W121","Mineral waste from construction and demolition","EU28","European Union - 28 countries (2013-2020)","2018","2018","35180000"
"env_wastrt_W121_total","A","Annual","T","Tonne","HAZ_NHAZ","Hazardous and non-hazardous - total","DSP_L_OTH","Disposal - landfill and other (D1-D7, D12)","W121","Mineral waste from construction and demolition","BE","Belgium","2010","2010","84860"
"env_wastrt_W121_total","A","Annual","T","Tonne","HAZ_NHAZ","Hazardous and non-hazardous - total","DSP_L_OTH","Disposal - landfill and other (D1-D7, D12)","W121","Mineral waste from construction and demolition","BE","Belgium","2012","2012","139665"
"env_wastrt_W121_total","A","Annual","T","Tonne","HAZ_NHAZ","Hazardous and non-hazardous - total","DSP_L_OTH","Disposal - landfill and other (D1-D7, D12)","W121","Mineral waste from construction and demolition","BE","Belgium","2014","2014","169217"
"env_wastrt_W121_total","A","Annual","T","Tonne","HAZ_NHAZ","Hazardous and non-hazardous - total","DSP_L_OTH","Disposal - landfill and other (D1-D7, D12)","W121","Mineral waste from construction and demolition","BE","Belgium","2016","2016","75448"
"env_wastrt_W121_total","A","Annual","T","Tonne","HAZ_NHAZ","Hazardous and non-hazardous - total","DSP_L_OTH","Disposal - landfill and other (D1-D7, D12)","W121","Mineral waste from construction and demolition","BE","Belgium","2018","2018","83628"
"env_wastrt_W121_total","A","Annual","T","Tonne","HAZ_NHAZ","Hazardous and non-hazardous - total","DSP_L_OTH","Disposal - landfill and other (D1-D7, D12)","W121","Mineral waste from construction and demolition","BE","Belgium","2020","2020","52275"
"env_wastrt_W121_total","A","Annual","T","Tonne","HAZ_NHAZ","Hazardous and non-hazardous - total","DSP_L_OTH","Disposal - landfill and other (D1-D7, D12)","W121","Mineral waste from construction and demolition","BE","Belgium","2022","2022","18302"
"env_wastrt_W121_total","A","Annual","T","Tonne","HAZ_NHAZ","Hazardous and non-hazardous - total","DSP_L_OTH","Disposal - landfill and other (D1-D7, D12)","W121","Mineral waste from construction and demolition","BG","Bulgaria","2010","2010","18814"
"env_wastrt_W121_total","A","Annual","T","Tonne","HAZ_NHAZ","Hazardous and non-hazardous - total","DSP_L_OTH","Disposal - landfill and other (D1-D7, D12)","W121","Mineral waste from construction and demolition","BG","Bulgaria","2012","2012","417774"
"env_wastrt_W121_total","A","Annual","T","Tonne","HAZ_NHAZ","Hazardous and non-hazardous - total","DSP_L_OTH","Disposal - landfill and other (D1-D7, D12)","W121","Mineral waste from construction and demolition","BG","Bulgaria","2014","2014","29503"
"env_wastrt_W121_total","A","Annual","T","Tonne","HAZ_NHAZ","Hazardous and non-hazardous - total","DSP_L_OTH","Disposal - landfill and other (D1-D7, D12)","W121","Mineral waste from construction and demolition","BG","Bulgaria","2016","2016","65535"
"env_wastrt_W121_total","A","Annual","T","Tonne","HAZ_NHAZ","Hazardous and non-hazardous - total","DSP_L_OTH","Disposal - landfill and other (D1-D7, D12)","W121","Mineral waste from construction and demolition","BG","Bulgaria","2018","2018","399577"
"env_wastrt_W121_total","A","Annual","T","Tonne","HAZ_NHAZ","Hazardous and non-hazardous - total","DSP_L_OTH","Disposal - landfill and other (D1-D7, D12)","W121","Mineral waste from construction and demolition","BG","Bulgaria","2020","2020","37133"
"env_wastrt_W121_total","A","Annual","T","Tonne","HAZ_NHAZ","Hazardous and non-hazardous - total","DSP_L_OTH","Disposal - landfill and other (D1-D7, D12)","W121","Mineral waste from construction and demolition","BG","Bulgaria","2022","2022","39575"
"env_wastrt_W121_total","A","Annual","T","Tonne","HAZ_NHAZ","Hazardous and non-hazardous - total","DSP_L_OTH","Disposal - landfill and other (D1-D7, D12)","W121","Mineral waste from construction and demolition","CZ","Czechia","2010","2010","260646"
"env_wastrt_W121_total","A","Annual","T","Tonne","HAZ_NHAZ","Hazardous and non-hazardous - total","DSP_L_OTH","Disposal - landfill and other (D1-D7, D12)","W121","Mineral waste from construction and demolition","CZ","Czechia","2012","2012","310153"
"env_wastrt_W121_total","A","Annual","T","Tonne","HAZ_NHAZ","Hazardous and non-hazardous - total","DSP_L_OTH","Disposal - landfill and other (D1-D7, D12)","W121","Mineral waste from construction and demolition","CZ","Czechia","2014","2014","359940"
"env_wastrt_W121_total","A","Annual","T","Tonne","HAZ_NHAZ","Hazardous and non-hazardous - total","DSP_L_OTH","Disposal - landfill and other (D1-D7, D12)","W121","Mineral waste from construction and demolition","CZ","Czechia","2016","2016","409372"
"env_wastrt_W121_total","A","Annual","T","Tonne","HAZ_NHAZ","Hazardous and non-hazardous - total","DSP_L_OTH","Disposal - landfill and other (D1-D7, D12)","W121","Mineral waste from construction and demolition","CZ","Czechia","2018","2018","280280"
"env_wastrt_W121_total","A","Annual","T","Tonne","HAZ_NHAZ","Hazardous and non-hazardous - total","DSP_L_OTH","Disposal - landfill and other (D1-D7, D12)","W121","Mineral waste from construction and demolition","CZ","Czechia","2020","2020","326694"
"env_wastrt_W121_total","A","Annual","T","Tonne","HAZ_NHAZ","Hazardous and non-hazardous - total","DSP_L_OTH","Disposal - landfill and other (D1-D7, D12)","W121","Mineral waste from construction and demolition","CZ","Czechia","2022","2022","634842"
"env_wastrt_W121_total","A","Annual","T","Tonne","HAZ_NHAZ","Hazardous and non-hazardous - total","DSP_L_OTH","Disposal - landfill and other (D1-D7, D12)","W121","Mineral waste from construction and demolition","DK","Denmark","2010","2010","138901"
"env_wastrt_W121_total","A","Annual","T","Tonne","HAZ_NHAZ","Hazardous and non-hazardous - total","DSP_L_OTH","Disposal - landfill and other (D1-D7, D12)","W121","Mineral waste from construction and demolition","DK","Denmark","2012","2012","113432"
"env_wastrt_W121_total","A","Annual","T","Tonne","HAZ_NHAZ","Hazardous and non-hazardous - total","DSP_L_OTH","Disposal - landfill and other (D1-D7, D12)","W121","Mineral waste from construction and demolition","DK","Denmark","2014","2014","124345"
"env_wastrt_W121_total","A","Annual","T","Tonne","HAZ_NHAZ","Hazardous and non-hazardous - total","DSP_L_OTH","Disposal - landfill and other (D1-D7, D12)","W121","Mineral waste from construction and demolition","DK","Denmark","2016","2016","141699"
"env_wastrt_W121_total","A","Annual","T","Tonne","HAZ_NHAZ","Hazardous and non-hazardous - total","DSP_L_OTH","Disposal - landfill and other (D1-D7, D12)","W121","Mineral waste from construction and demolition","DK","Denmark","2018","2018","27136"
"env_wastrt_W121_total","A","Annual","T","Tonne","HAZ_NHAZ","Hazardous and non-hazardous - total","DSP_L_OTH","Disposal - landfill and other (D1-D7, D12)","W121","Mineral waste from construction and demolition","DK","Denmark","2020","2020","34368"
"env_wastrt_W121_total","A","Annual","T","Tonne","HAZ_NHAZ","Hazardous and non-hazardous - total","DSP_L_OTH","Disposal - landfill and other (D1-D7, D12)","W121","Mineral waste from construction and demolition","DK","Denmark","2022","2022","31391"
"env_wastrt_W121_total","A","Annual","T","Tonne","HAZ_NHAZ","Hazardous and non-hazardous - total","DSP_L_OTH","Disposal - landfill and other (D1-D7, D12)","W121","Mineral waste from construction and demolition","DE","Germany","2010","2010","3716366"
"env_wastrt_W121_total","A","Annual","T","Tonne","HAZ_NHAZ","Hazardous and non-hazardous - total","DSP_L_OTH","Disposal - landfill and other (D1-D7, D12)","W121","Mineral waste from construction and demolition","DE","Germany","2012","2012","4717252"
"env_wastrt_W121_total","A","Annual","T","Tonne","HAZ_NHAZ","Hazardous and non-hazardous - total","DSP_L_OTH","Disposal - landfill and other (D1-D7, D12)","W121","Mineral waste from construction and demolition","DE","Germany","2014","2014","5605211"
"env_wastrt_W121_total","A","Annual","T","Tonne","HAZ_NHAZ","Hazardous and non-hazardous - total","DSP_L_OTH","Disposal - landfill and other (D1-D7, D12)","W121","Mineral waste from construction and demolition","DE","Germany","2016","2016","6114132"
"env_wastrt_W121_total","A","Annual","T","Tonne","HAZ_NHAZ","Hazardous and non-hazardous - total","DSP_L_OTH","Disposal - landfill and other (D1-D7, D12)","W121","Mineral waste from construction and demolition","DE","Germany","2020","2020","6575054"
"env_wastrt_W121_total","A","Annual","T","Tonne","HAZ_NHAZ","Hazardous and non-hazardous - total","DSP_L_OTH","Disposal - landfill and other (D1-D7, D12)","W121","Mineral waste from construction and demolition","DE","Germany","2022","2022","5411301"
"env_wastrt_W121_total","A","Annual","T","Tonne","HAZ_NHAZ","Hazardous and non-hazardous - total","DSP_L_OTH","Disposal - landfill and other (D1-D7, D12)","W121","Mineral waste from construction and demolition","EE","Estonia","2010","2010","21522"
"env_wastrt_W121_total","A","Annual","T","Tonne","HAZ_NHAZ","Hazardous and non-hazardous - total","DSP_L_OTH","Disposal - landfill and other (D1-D7, D12)","W121","Mineral waste from construction and demolition","EE","Estonia","2012","2012","19779"
"env_wastrt_W121_total","A","Annual","T","Tonne","HAZ_NHAZ","Hazardous and non-hazardous - total","DSP_L_OTH","Disposal - landfill and other (D1-D7, D12)","W121","Mineral waste from construction and demolition","EE","Estonia","2014","2014","18052"
"env_wastrt_W121_total","A","Annual","T","Tonne","HAZ_NHAZ","Hazardous and non-hazardous - total","DSP_L_OTH","Disposal - landfill and other (D1-D7, D12)","W121","Mineral waste from construction and demolition","EE","Estonia","2016","2016","13324"
"env_wastrt_W121_total","A","Annual","T","Tonne","HAZ_NHAZ","Hazardous and non-hazardous - total","DSP_L_OTH","Disposal - landfill and other (D1-D7, D12)","W121","Mineral waste from construction and demolition","EE","Estonia","2018","2018","46548"
"env_wastrt_W121_total","A","Annual","T","Tonne","HAZ_NHAZ","Hazardous and non-hazardous - total","DSP_L_OTH","Disposal - landfill and other (D1-D7, D12)","W121","Mineral waste from construction and demolition","EE","Estonia","2020","2020","48198"
"env_wastrt_W121_total","A","Annual","T","Tonne","HAZ_NHAZ","Hazardous and non-hazardous - total","DSP_L_OTH","Disposal - landfill and other (D1-D7, D12)","W121","Mineral waste from construction and demolition","EE","Estonia","2022","2022","47543"
"env_wastrt_W121_total","A","Annual","T","Tonne","HAZ_NHAZ","Hazardous and non-hazardous - total","DSP_L_OTH","Disposal - landfill and other (D1-D7, D12)","W121","Mineral waste from construction and demolition","IE","Ireland","2010","2010","11658"
"env_wastrt_W121_total","A","Annual","T","Tonne","HAZ_NHAZ","Hazardous and non-hazardous - total","DSP_L_OTH","Disposal - landfill and other (D1-D7, D12)","W121","Mineral waste from construction and demolition","IE","Ireland","2012","2012","933"
"env_wastrt_W121_total","A","Annual","T","Tonne","HAZ_NHAZ","Hazardous and non-hazardous - total","DSP_L_OTH","Disposal - landfill and other (D1-D7, D12)","W121","Mineral waste from construction and demolition","IE","Ireland","2014","2014","1048"
"env_wastrt_W121_total","A","Annual","T","Tonne","HAZ_NHAZ","Hazardous and non-hazardous - total","DSP_L_OTH","Disposal - landfill and other (D1-D7, D12)","W121","Mineral waste from construction and demolition","IE","Ireland","2016","2016","16874"
"env_wastrt_W121_total","A","Annual","T","Tonne","HAZ_NHAZ","Hazardous and non-hazardous - total","DSP_L_OTH","Disposal - landfill and other (D1-D7, D12)","W121","Mineral waste from construction and demolition","IE","Ireland","2018","2018","2901"
"env_wastrt_W121_total","A","Annual","T","Tonne","HAZ_NHAZ","Hazardous and non-hazardous - total","DSP_L_OTH","Disposal - landfill and other (D1-D7, D12)","W121","Mineral waste from construction and demolition","IE","Ireland","2020","2020","26295"
"env_wastrt_W121_total","A","Annual","T","Tonne","HAZ_NHAZ","Hazardous and non-hazardous - total","DSP_L_OTH","Disposal - landfill and other (D1-D7, D12)","W121","Mineral waste from construction and demolition","IE","Ireland","2022","2022","2536"
"env_wastrt_W121_total","A","Annual","T","Tonne","HAZ_NHAZ","Hazardous and non-hazardous - total","DSP_L_OTH","Disposal - landfill and other (D1-D7, D12)","W121","Mineral waste from construction and demolition","EL","Greece","2010","2010","1544505"
"env_wastrt_W121_total","A","Annual","T","Tonne","HAZ_NHAZ","Hazardous and non-hazardous - total","DSP_L_OTH","Disposal - landfill and other (D1-D7, D12)","W121","Mineral waste from construction and demolition","EL","Greece","2012","2012","601668"
"env_wastrt_W121_total","A","Annual","T","Tonne","HAZ_NHAZ","Hazardous and non-hazardous - total","DSP_L_OTH","Disposal - landfill and other (D1-D7, D12)","W121","Mineral waste from construction and demolition","EL","Greece","2014","2014","139486"
"env_wastrt_W121_total","A","Annual","T","Tonne","HAZ_NHAZ","Hazardous and non-hazardous - total","DSP_L_OTH","Disposal - landfill and other (D1-D7, D12)","W121","Mineral waste from construction and demolition","EL","Greece","2016","2016","16422"
"env_wastrt_W121_total","A","Annual","T","Tonne","HAZ_NHAZ","Hazardous and non-hazardous - total","DSP_L_OTH","Disposal - landfill and other (D1-D7, D12)","W121","Mineral waste from construction and demolition","EL","Greece","2018","2018","20107"
"env_wastrt_W121_total","A","Annual","T","Tonne","HAZ_NHAZ","Hazardous and non-hazardous - total","DSP_L_OTH","Disposal - landfill and other (D1-D7, D12)","W121","Mineral waste from construction and demolition","EL","Greece","2020","2020","0"
"env_wastrt_W121_total","A","Annual","T","Tonne","HAZ_NHAZ","Hazardous and non-hazardous - total","DSP_L_OTH","Disposal - landfill and other (D1-D7, D12)","W121","Mineral waste from construction and demolition","EL","Greece","2022","2022","7886"
"env_wastrt_W121_total","A","Annual","T","Tonne","HAZ_NHAZ","Hazardous and non-hazardous - total","DSP_L_OTH","Disposal - landfill and other (D1-D7, D12)","W121","Mineral waste from construction and demolition","ES","Spain","2010","2010","4080483"
"env_wastrt_W121_total","A","Annual","T","Tonne","HAZ_NHAZ","Hazardous and non-hazardous - total","DSP_L_OTH","Disposal - landfill and other (D1-D7, D12)","W121","Mineral waste from construction and demolition","ES","Spain","2012","2012","4354862"
"env_wastrt_W121_total","A","Annual","T","Tonne","HAZ_NHAZ","Hazardous and non-hazardous - total","DSP_L_OTH","Disposal - landfill and other (D1-D7, D12)","W121","Mineral waste from construction and demolition","ES","Spain","2014","2014","2163749"
"env_wastrt_W121_total","A","Annual","T","Tonne","HAZ_NHAZ","Hazardous and non-hazardous - total","DSP_L_OTH","Disposal - landfill and other (D1-D7, D12)","W121","Mineral waste from construction and demolition","ES","Spain","2016","2016","1940847"
"env_wastrt_W121_total","A","Annual","T","Tonne","HAZ_NHAZ","Hazardous and non-hazardous - total","DSP_L_OTH","Disposal - landfill and other (D1-D7, D12)","W121","Mineral waste from construction and demolition","ES","Spain","2018","2018","3676074"
"env_wastrt_W121_total","A","Annual","T","Tonne","HAZ_NHAZ","Hazardous and non-hazardous - total","DSP_L_OTH","Disposal - landfill and other (D1-D7, D12)","W121","Mineral waste from construction and demolition","ES","Spain","2020","2020","3940040"
"env_wastrt_W121_total","A","Annual","T","Tonne","HAZ_NHAZ","Hazardous and non-hazardous - total","DSP_L_OTH","Disposal - landfill and other (D1-D7, D12)","W121","Mineral waste from construction and demolition","ES","Spain","2022","2022","3672990"
"env_wastrt_W121_total","A","Annual","T","Tonne","HAZ_NHAZ","Hazardous and non-hazardous - total","DSP_L_OTH","Disposal - landfill and other (D1-D7, D12)","W121","Mineral waste from construction and demolition","FR","France","2010","2010","21925886"
"env_wastrt_W121_total","A","Annual","T","Tonne","HAZ_NHAZ","Hazardous and non-hazardous - total","DSP_L_OTH","Disposal - landfill and other (D1-D7, D12)","W121","Mineral waste from construction and demolition","FR","France","2012","2012","20840715"
"env_wastrt_W121_total","A","Annual","T","Tonne","HAZ_NHAZ","Hazardous and non-hazardous - total","DSP_L_OTH","Disposal - landfill and other (D1-D7, D12)","W121","Mineral waste from construction and demolition","FR","France","2014","2014","17991274"
"env_wastrt_W121_total","A","Annual","T","Tonne","HAZ_NHAZ","Hazardous and non-hazardous - total","DSP_L_OTH","Disposal - landfill and other (D1-D7, D12)","W121","Mineral waste from construction and demolition","FR","France","2016","2016","19080523"
"env_wastrt_W121_total","A","Annual","T","Tonne","HAZ_NHAZ","Hazardous and non-hazardous - total","DSP_L_OTH","Disposal - landfill and other (D1-D7, D12)","W121","Mineral waste from construction and demolition","FR","France","2018","2018","19399146"
"env_wastrt_W121_total","A","Annual","T","Tonne","HAZ_NHAZ","Hazardous and non-hazardous - total","DSP_L_OTH","Disposal - landfill and other (D1-D7, D12)","W121","Mineral waste from construction and demolition","FR","France","2020","2020","10122465"
"env_wastrt_W121_total","A","Annual","T","Tonne","HAZ_NHAZ","Hazardous and non-hazardous - total","DSP_L_OTH","Disposal - landfill and other (D1-D7, D12)","W121","Mineral waste from construction and demolition","FR","France","2022","2022","11580546"
"env_wastrt_W121_total","A","Annual","T","Tonne","HAZ_NHAZ","Hazardous and non-hazardous - total","DSP_L_OTH","Disposal - landfill and other (D1-D7, D12)","W121","Mineral waste from construction and demolition","HR","Croatia","2010","2010","40333"
"env_wastrt_W121_total","A","Annual","T","Tonne","HAZ_NHAZ","Hazardous and non-hazardous - total","DSP_L_OTH","Disposal - landfill and other (D1-D7, D12)","W121","Mineral waste from construction and demolition","HR","Croatia","2012","2012","121345"
"env_wastrt_W121_total","A","Annual","T","Tonne","HAZ_NHAZ","Hazardous and non-hazardous - total","DSP_L_OTH","Disposal - landfill and other (D1-D7, D12)","W121","Mineral waste from construction and demolition","HR","Croatia","2014","2014","86801"
"env_wastrt_W121_total","A","Annual","T","Tonne","HAZ_NHAZ","Hazardous and non-hazardous - total","DSP_L_OTH","Disposal - landfill and other (D1-D7, D12)","W121","Mineral waste from construction and demolition","HR","Croatia","2016","2016","105982"
"env_wastrt_W121_total","A","Annual","T","Tonne","HAZ_NHAZ","Hazardous and non-hazardous - total","DSP_L_OTH","Disposal - landfill and other (D1-D7, D12)","W121","Mineral waste from construction and demolition","HR","Croatia","2018","2018","68257"
"env_wastrt_W121_total","A","Annual","T","Tonne","HAZ_NHAZ","Hazardous and non-hazardous - total","DSP_L_OTH","Disposal - landfill and other (D1-D7, D12)","W121","Mineral waste from construction and demolition","HR","Croatia","2020","2020","46954"
"env_wastrt_W121_total","A","Annual","T","Tonne","HAZ_NHAZ","Hazardous and non-hazardous - total","DSP_L_OTH","Disposal - landfill and other (D1-D7, D12)","W121","Mineral waste from construction and demolition","HR","Croatia","2022","2022","57445"
"env_wastrt_W121_total","A","Annual","T","Tonne","HAZ_NHAZ","Hazardous and non-hazardous - total","DSP_L_OTH","Disposal - landfill and other (D1-D7, D12)","W121","Mineral waste from construction and demolition","IT","Italy","2010","2010","1009838"
"env_wastrt_W121_total","A","Annual","T","Tonne","HAZ_NHAZ","Hazardous and non-hazardous - total","DSP_L_OTH","Disposal - landfill and other (D1-D7, D12)","W121","Mineral waste from construction and demolition","IT","Italy","2012","2012","919878"
"env_wastrt_W121_total","A","Annual","T","Tonne","HAZ_NHAZ","Hazardous and non-hazardous - total","DSP_L_OTH","Disposal - landfill and other (D1-D7, D12)","W121","Mineral waste from construction and demolition","IT","Italy","2014","2014","1049201"
"env_wastrt_W121_total","A","Annual","T","Tonne","HAZ_NHAZ","Hazardous and non-hazardous - total","DSP_L_OTH","Disposal - landfill and other (D1-D7, D12)","W121","Mineral waste from construction and demolition","IT","Italy","2016","2016","759434"
"env_wastrt_W121_total","A","Annual","T","Tonne","HAZ_NHAZ","Hazardous and non-hazardous - total","DSP_L_OTH","Disposal - landfill and other (D1-D7, D12)","W121","Mineral waste from construction and demolition","IT","Italy","2018","2018","732347"
"env_wastrt_W121_total","A","Annual","T","Tonne","HAZ_NHAZ","Hazardous and non-hazardous - total","DSP_L_OTH","Disposal - landfill and other (D1-D7, D12)","W121","Mineral waste from construction and demolition","IT","Italy","2020","2020","915469"
"env_wastrt_W121_total","A","Annual","T","Tonne","HAZ_NHAZ","Hazardous and non-hazardous - total","DSP_L_OTH","Disposal - landfill and other (D1-D7, D12)","W121","Mineral waste from construction and demolition","IT","Italy","2022","2022","746554"
"env_wastrt_W121_total","A","Annual","T","Tonne","HAZ_NHAZ","Hazardous and non-hazardous - total","DSP_L_OTH","Disposal - landfill and other (D1-D7, D12)","W121","Mineral waste from construction and demolition","CY","Cyprus","2010","2010","159770"
"env_wastrt_W121_total","A","Annual","T","Tonne","HAZ_NHAZ","Hazardous and non-hazardous - total","DSP_L_OTH","Disposal - landfill and other (D1-D7, D12)","W121","Mineral waste from construction and demolition","CY","Cyprus","2012","2012","54801"
"env_wastrt_W121_total","A","Annual","T","Tonne","HAZ_NHAZ","Hazardous and non-hazardous - total","DSP_L_OTH","Disposal - landfill and other (D1-D7, D12)","W121","Mineral waste from construction and demolition","CY","Cyprus","2014","2014","68949"
"env_wastrt_W121_total","A","Annual","T","Tonne","HAZ_NHAZ","Hazardous and non-hazardous - total","DSP_L_OTH","Disposal - landfill and other (D1-D7, D12)","W121","Mineral waste from construction and demolition","CY","Cyprus","2016","2016","80271"
"env_wastrt_W121_total","A","Annual","T","Tonne","HAZ_NHAZ","Hazardous and non-hazardous - total","DSP_L_OTH","Disposal - landfill and other (D1-D7, D12)","W121","Mineral waste from construction and demolition","CY","Cyprus","2018","2018","79159"
"env_wastrt_W121_total","A","Annual","T","Tonne","HAZ_NHAZ","Hazardous and non-hazardous - total","DSP_L_OTH","Disposal - landfill and other (D1-D7, D12)","W121","Mineral waste from construction and demolition","CY","Cyprus","2020","2020","53830"
"env_wastrt_W121_total","A","Annual","T","Tonne","HAZ_NHAZ","Hazardous and non-hazardous - total","DSP_L_OTH","Disposal - landfill and other (D1-D7, D12)","W121","Mineral waste from construction and demolition","CY","Cyprus","2022","2022","17718"
"env_wastrt_W121_total","A","Annual","T","Tonne","HAZ_NHAZ","Hazardous and non-hazardous - total","DSP_L_OTH","Disposal - landfill and other (D1-D7, D12)","W121","Mineral waste from construction and demolition","LV","Latvia","2010","2010","13441"
"env_wastrt_W121_total","A","Annual","T","Tonne","HAZ_NHAZ","Hazardous and non-hazardous - total","DSP_L_OTH","Disposal - landfill and other (D1-D7, D12)","W121","Mineral waste from construction and demolition","LV","Latvia","2012","2012","6708"
"env_wastrt_W121_total","A","Annual","T","Tonne","HAZ_NHAZ","Hazardous and non-hazardous - total","DSP_L_OTH","Disposal - landfill and other (D1-D7, D12)","W121","Mineral waste from construction and demolition","LV","Latvia","2014","2014","9588"
"env_wastrt_W121_total","A","Annual","T","Tonne","HAZ_NHAZ","Hazardous and non-hazardous - total","DSP_L_OTH","Disposal - landfill and other (D1-D7, D12)","W121","Mineral waste from construction and demolition","LV","Latvia","2016","2016","2616"
"env_wastrt_W121_total","A","Annual","T","Tonne","HAZ_NHAZ","Hazardous and non-hazardous - total","DSP_L_OTH","Disposal - landfill and other (D1-D7, D12)","W121","Mineral waste from construction and demolition","LV","Latvia","2018","2018","13841"
"env_wastrt_W121_total","A","Annual","T","Tonne","HAZ_NHAZ","Hazardous and non-hazardous - total","DSP_L_OTH","Disposal - landfill and other (D1-D7, D12)","W121","Mineral waste from construction and demolition","LV","Latvia","2020","2020","3041"
"env_wastrt_W121_total","A","Annual","T","Tonne","HAZ_NHAZ","Hazardous and non-hazardous - total","DSP_L_OTH","Disposal - landfill and other (D1-D7, D12)","W121","Mineral waste from construction and demolition","LV","Latvia","2022","2022","27382"
"env_wastrt_W121_total","A","Annual","T","Tonne","HAZ_NHAZ","Hazardous and non-hazardous - total","DSP_L_OTH","Disposal - landfill and other (D1-D7, D12)","W121","Mineral waste from construction and demolition","LT","Lithuania","2010","2010","86034"
"env_wastrt_W121_total","A","Annual","T","Tonne","HAZ_NHAZ","Hazardous and non-hazardous - total","DSP_L_OTH","Disposal - landfill and other (D1-D7, D12)","W121","Mineral waste from construction and demolition","LT","Lithuania","2012","2012","52591"
"env_wastrt_W121_total","A","Annual","T","Tonne","HAZ_NHAZ","Hazardous and non-hazardous - total","DSP_L_OTH","Disposal - landfill and other (D1-D7, D12)","W121","Mineral waste from construction and demolition","LT","Lithuania","2014","2014","44989"
"env_wastrt_W121_total","A","Annual","T","Tonne","HAZ_NHAZ","Hazardous and non-hazardous - total","DSP_L_OTH","Disposal - landfill and other (D1-D7, D12)","W121","Mineral waste from construction and demolition","LT","Lithuania","2016","2016","25637"
"env_wastrt_W121_total","A","Annual","T","Tonne","HAZ_NHAZ","Hazardous and non-hazardous - total","DSP_L_OTH","Disposal - landfill and other (D1-D7, D12)","W121","Mineral waste from construction and demolition","LT","Lithuania","2018","2018","9594"
"env_wastrt_W121_total","A","Annual","T","Tonne","HAZ_NHAZ","Hazardous and non-hazardous - total","DSP_L_OTH","Disposal - landfill and other (D1-D7, D12)","W121","Mineral waste from construction and demolition","LT","Lithuania","2020","2020","15243"
"env_wastrt_W121_total","A","Annual","T","Tonne","HAZ_NHAZ","Hazardous and non-hazardous - total","DSP_L_OTH","Disposal - landfill and other (D1-D7, D12)","W121","Mineral waste from construction and demolition","LT","Lithuania","2022","2022","18246"
"env_wastrt_W121_total","A","Annual","T","Tonne","HAZ_NHAZ","Hazardous and non-hazardous - total","DSP_L_OTH","Disposal - landfill and other (D1-D7, D12)","W121","Mineral waste from construction and demolition","LU","Luxembourg","2010","2010","10749"
"env_wastrt_W121_total","A","Annual","T","Tonne","HAZ_NHAZ","Hazardous and non-hazardous - total","DSP_L_OTH","Disposal - landfill and other (D1-D7, D12)","W121","Mineral waste from construction and demolition","LU","Luxembourg","2012","2012","7012"
"env_wastrt_W121_total","A","Annual","T","Tonne","HAZ_NHAZ","Hazardous and non-hazardous - total","DSP_L_OTH","Disposal - landfill and other (D1-D7, D12)","W121","Mineral waste from construction and demolition","LU","Luxembourg","2014","2014","8494"
"env_wastrt_W121_total","A","Annual","T","Tonne","HAZ_NHAZ","Hazardous and non-hazardous - total","DSP_L_OTH","Disposal - landfill and other (D1-D7, D12)","W121","Mineral waste from construction and demolition","LU","Luxembourg","2016","2016","1649"
"env_wastrt_W121_total","A","Annual","T","Tonne","HAZ_NHAZ","Hazardous and non-hazardous - total","DSP_L_OTH","Disposal - landfill and other (D1-D7, D12)","W121","Mineral waste from construction and demolition","LU","Luxembourg","2018","2018","7594"
"env_wastrt_W121_total","A","Annual","T","Tonne","HAZ_NHAZ","Hazardous and non-hazardous - total","DSP_L_OTH","Disposal - landfill and other (D1-D7, D12)","W121","Mineral waste from construction and demolition","LU","Luxembourg","2020","2020","5713"
"env_wastrt_W121_total","A","Annual","T","Tonne","HAZ_NHAZ","Hazardous and non-hazardous - total","DSP_L_OTH","Disposal - landfill and other (D1-D7, D12)","W121","Mineral waste from construction and demolition","LU","Luxembourg","2022","2022","6306"
"env_wastrt_W121_total","A","Annual","T","Tonne","HAZ_NHAZ","Hazardous and non-hazardous - total","DSP_L_OTH","Disposal - landfill and other (D1-D7, D12)","W121","Mineral waste from construction and demolition","HU","Hungary","2010","2010","939070"
"env_wastrt_W121_total","A","Annual","T","Tonne","HAZ_NHAZ","Hazardous and non-hazardous - total","DSP_L_OTH","Disposal - landfill and other (D1-D7, D12)","W121","Mineral waste from construction and demolition","HU","Hungary","2012","2012","490560"
"env_wastrt_W121_total","A","Annual","T","Tonne","HAZ_NHAZ","Hazardous and non-hazardous - total","DSP_L_OTH","Disposal - landfill and other (D1-D7, D12)","W121","Mineral waste from construction and demolition","HU","Hungary","2014","2014","331568"
"env_wastrt_W121_total","A","Annual","T","Tonne","HAZ_NHAZ","Hazardous and non-hazardous - total","DSP_L_OTH","Disposal - landfill and other (D1-D7, D12)","W121","Mineral waste from construction and demolition","HU","Hungary","2016","2016","36984"
"env_wastrt_W121_total","A","Annual","T","Tonne","HAZ_NHAZ","Hazardous and non-hazardous - total","DSP_L_OTH","Disposal - landfill and other (D1-D7, D12)","W121","Mineral waste from construction and demolition","HU","Hungary","2018","2018","39644"
"env_wastrt_W121_total","A","Annual","T","Tonne","HAZ_NHAZ","Hazardous and non-hazardous - total","DSP_L_OTH","Disposal - landfill and other (D1-D7, D12)","W121","Mineral waste from construction and demolition","HU","Hungary","2020","2020","71609"
"env_wastrt_W121_total","A","Annual","T","Tonne","HAZ_NHAZ","Hazardous and non-hazardous - total","DSP_L_OTH","Disposal - landfill and other (D1-D7, D12)","W121","Mineral waste from construction and demolition","HU","Hungary","2022","2022","59053"
"env_wastrt_W121_total","A","Annual","T","Tonne","HAZ_NHAZ","Hazardous and non-hazardous - total","DSP_L_OTH","Disposal - landfill and other (D1-D7, D12)","W121","Mineral waste from construction and demolition","MT","Malta","2010","2010","636638"
"env_wastrt_W121_total","A","Annual","T","Tonne","HAZ_NHAZ","Hazardous and non-hazardous - total","DSP_L_OTH","Disposal - landfill and other (D1-D7, D12)","W121","Mineral waste from construction and demolition","MT","Malta","2012","2012","1536"
"env_wastrt_W121_total","A","Annual","T","Tonne","HAZ_NHAZ","Hazardous and non-hazardous - total","DSP_L_OTH","Disposal - landfill and other (D1-D7, D12)","W121","Mineral waste from construction and demolition","MT","Malta","2014","2014","1325"
"env_wastrt_W121_total","A","Annual","T","Tonne","HAZ_NHAZ","Hazardous and non-hazardous - total","DSP_L_OTH","Disposal - landfill and other (D1-D7, D12)","W121","Mineral waste from construction and demolition","MT","Malta","2016","2016","260"
"env_wastrt_W121_total","A","Annual","T","Tonne","HAZ_NHAZ","Hazardous and non-hazardous - total","DSP_L_OTH","Disposal - landfill and other (D1-D7, D12)","W121","Mineral waste from construction and demolition","MT","Malta","2018","2018","167"
"env_wastrt_W121_total","A","Annual","T","Tonne","HAZ_NHAZ","Hazardous and non-hazardous - total","DSP_L_OTH","Disposal - landfill and other (D1-D7, D12)","W121","Mineral waste from construction and demolition","MT","Malta","2020","2020","12"
"env_wastrt_W121_total","A","Annual","T","Tonne","HAZ_NHAZ","Hazardous and non-hazardous - total","DSP_L_OTH","Disposal - landfill and other (D1-D7, D12)","W121","Mineral waste from construction and demolition","MT","Malta","2022","2022","4"
"env_wastrt_W121_total","A","Annual","T","Tonne","HAZ_NHAZ","Hazardous and non-hazardous - total","DSP_L_OTH","Disposal - landfill and other (D1-D7, D12)","W121","Mineral waste from construction and demolition","NL","Netherlands","2010","2010","49286"
"env_wastrt_W121_total","A","Annual","T","Tonne","HAZ_NHAZ","Hazardous and non-hazardous - total","DSP_L_OTH","Disposal - landfill and other (D1-D7, D12)","W121","Mineral waste from construction and demolition","NL","Netherlands","2012","2012","54761"
"env_wastrt_W121_total","A","Annual","T","Tonne","HAZ_NHAZ","Hazardous and non-hazardous - total","DSP_L_OTH","Disposal - landfill and other (D1-D7, D12)","W121","Mineral waste from construction and demolition","NL","Netherlands","2014","2014","37653"
"env_wastrt_W121_total","A","Annual","T","Tonne","HAZ_NHAZ","Hazardous and non-hazardous - total","DSP_L_OTH","Disposal - landfill and other (D1-D7, D12)","W121","Mineral waste from construction and demolition","NL","Netherlands","2016","2016","37319"
"env_wastrt_W121_total","A","Annual","T","Tonne","HAZ_NHAZ","Hazardous and non-hazardous - total","DSP_L_OTH","Disposal - landfill and other (D1-D7, D12)","W121","Mineral waste from construction and demolition","NL","Netherlands","2018","2018","23685"
"env_wastrt_W121_total","A","Annual","T","Tonne","HAZ_NHAZ","Hazardous and non-hazardous - total","DSP_L_OTH","Disposal - landfill and other (D1-D7, D12)","W121","Mineral waste from construction and demolition","NL","Netherlands","2020","2020","19545"
"env_wastrt_W121_total","A","Annual","T","Tonne","HAZ_NHAZ","Hazardous and non-hazardous - total","DSP_L_OTH","Disposal - landfill and other (D1-D7, D12)","W121","Mineral waste from construction and demolition","NL","Netherlands","2022","2022","120816"
"env_wastrt_W121_total","A","Annual","T","Tonne","HAZ_NHAZ","Hazardous and non-hazardous - total","DSP_L_OTH","Disposal - landfill and other (D1-D7, D12)","W121","Mineral waste from construction and demolition","AT","Austria","2010","2010","487481"
"env_wastrt_W121_total","A","Annual","T","Tonne","HAZ_NHAZ","Hazardous and non-hazardous - total","DSP_L_OTH","Disposal - landfill and other (D1-D7, D12)","W121","Mineral waste from construction and demolition","AT","Austria","2012","2012","499809"
"env_wastrt_W121_total","A","Annual","T","Tonne","HAZ_NHAZ","Hazardous and non-hazardous - total","DSP_L_OTH","Disposal - landfill and other (D1-D7, D12)","W121","Mineral waste from construction and demolition","AT","Austria","2014","2014","576123"
"env_wastrt_W121_total","A","Annual","T","Tonne","HAZ_NHAZ","Hazardous and non-hazardous - total","DSP_L_OTH","Disposal - landfill and other (D1-D7, D12)","W121","Mineral waste from construction and demolition","AT","Austria","2016","2016","1237573"
"env_wastrt_W121_total","A","Annual","T","Tonne","HAZ_NHAZ","Hazardous and non-hazardous - total","DSP_L_OTH","Disposal - landfill and other (D1-D7, D12)","W121","Mineral waste from construction and demolition","AT","Austria","2018","2018","1094654"
"env_wastrt_W121_total","A","Annual","T","Tonne","HAZ_NHAZ","Hazardous and non-hazardous - total","DSP_L_OTH","Disposal - landfill and other (D1-D7, D12)","W121","Mineral waste from construction and demolition","AT","Austria","2020","2020","952676"
"env_wastrt_W121_total","A","Annual","T","Tonne","HAZ_NHAZ","Hazardous and non-hazardous - total","DSP_L_OTH","Disposal - landfill and other (D1-D7, D12)","W121","Mineral waste from construction and demolition","AT","Austria","2022","2022","1052528"
"env_wastrt_W121_total","A","Annual","T","Tonne","HAZ_NHAZ","Hazardous and non-hazardous - total","DSP_L_OTH","Disposal - landfill and other (D1-D7, D12)","W121","Mineral waste from construction and demolition","PL","Poland","2010","2010","235273"
"env_wastrt_W121_total","A","Annual","T","Tonne","HAZ_NHAZ","Hazardous and non-hazardous - total","DSP_L_OTH","Disposal - landfill and other (D1-D7, D12)","W121","Mineral waste from construction and demolition","PL","Poland","2012","2012","233231"
"env_wastrt_W121_total","A","Annual","T","Tonne","HAZ_NHAZ","Hazardous and non-hazardous - total","DSP_L_OTH","Disposal - landfill and other (D1-D7, D12)","W121","Mineral waste from construction and demolition","PL","Poland","2014","2014","214012"
"env_wastrt_W121_total","A","Annual","T","Tonne","HAZ_NHAZ","Hazardous and non-hazardous - total","DSP_L_OTH","Disposal - landfill and other (D1-D7, D12)","W121","Mineral waste from construction and demolition","PL","Poland","2016","2016","335748"
"env_wastrt_W121_total","A","Annual","T","Tonne","HAZ_NHAZ","Hazardous and non-hazardous - total","DSP_L_OTH","Disposal - landfill and other (D1-D7, D12)","W121","Mineral waste from construction and demolition","PL","Poland","2018","2018","704794"
"env_wastrt_W121_total","A","Annual","T","Tonne","HAZ_NHAZ","Hazardous and non-hazardous - total","DSP_L_OTH","Disposal - landfill and other (D1-D7, D12)","W121","Mineral waste from construction and demolition","PL","Poland","2020","2020","1264984"
"env_wastrt_W121_total","A","Annual","T","Tonne","HAZ_NHAZ","Hazardous and non-hazardous - total","DSP_L_OTH","Disposal - landfill and other (D1-D7, D12)","W121","Mineral waste from construction and demolition","PL","Poland","2022","2022","869912"
"env_wastrt_W121_total","A","Annual","T","Tonne","HAZ_NHAZ","Hazardous and non-hazardous - total","DSP_L_OTH","Disposal - landfill and other (D1-D7, D12)","W121","Mineral waste from construction and demolition","PT","Portugal","2010","2010","223059"
"env_wastrt_W121_total","A","Annual","T","Tonne","HAZ_NHAZ","Hazardous and non-hazardous - total","DSP_L_OTH","Disposal - landfill and other (D1-D7, D12)","W121","Mineral waste from construction and demolition","PT","Portugal","2012","2012","92903"
"env_wastrt_W121_total","A","Annual","T","Tonne","HAZ_NHAZ","Hazardous and non-hazardous - total","DSP_L_OTH","Disposal - landfill and other (D1-D7, D12)","W121","Mineral waste from construction and demolition","PT","Portugal","2014","2014","26808"
"env_wastrt_W121_total","A","Annual","T","Tonne","HAZ_NHAZ","Hazardous and non-hazardous - total","DSP_L_OTH","Disposal - landfill and other (D1-D7, D12)","W121","Mineral waste from construction and demolition","PT","Portugal","2016","2016","29169"
"env_wastrt_W121_total","A","Annual","T","Tonne","HAZ_NHAZ","Hazardous and non-hazardous - total","DSP_L_OTH","Disposal - landfill and other (D1-D7, D12)","W121","Mineral waste from construction and demolition","PT","Portugal","2018","2018","68901"
"env_wastrt_W121_total","A","Annual","T","Tonne","HAZ_NHAZ","Hazardous and non-hazardous - total","DSP_L_OTH","Disposal - landfill and other (D1-D7, D12)","W121","Mineral waste from construction and demolition","PT","Portugal","2020","2020","60642"
"env_wastrt_W121_total","A","Annual","T","Tonne","HAZ_NHAZ","Hazardous and non-hazardous - total","DSP_L_OTH","Disposal - landfill and other (D1-D7, D12)","W121","Mineral waste from construction and demolition","PT","Portugal","2022","2022","41779"
"env_wastrt_W121_total","A","Annual","T","Tonne","HAZ_NHAZ","Hazardous and non-hazardous - total","DSP_L_OTH","Disposal - landfill and other (D1-D7, D12)","W121","Mineral waste from construction and demolition","RO","Romania","2010","2010","465840"
"env_wastrt_W121_total","A","Annual","T","Tonne","HAZ_NHAZ","Hazardous and non-hazardous - total","DSP_L_OTH","Disposal - landfill and other (D1-D7, D12)","W121","Mineral waste from construction and demolition","RO","Romania","2012","2012","257745"
"env_wastrt_W121_total","A","Annual","T","Tonne","HAZ_NHAZ","Hazardous and non-hazardous - total","DSP_L_OTH","Disposal - landfill and other (D1-D7, D12)","W121","Mineral waste from construction and demolition","RO","Romania","2014","2014","233313"
"env_wastrt_W121_total","A","Annual","T","Tonne","HAZ_NHAZ","Hazardous and non-hazardous - total","DSP_L_OTH","Disposal - landfill and other (D1-D7, D12)","W121","Mineral waste from construction and demolition","RO","Romania","2016","2016","173635"
"env_wastrt_W121_total","A","Annual","T","Tonne","HAZ_NHAZ","Hazardous and non-hazardous - total","DSP_L_OTH","Disposal - landfill and other (D1-D7, D12)","W121","Mineral waste from construction and demolition","RO","Romania","2018","2018","151477"
"env_wastrt_W121_total","A","Annual","T","Tonne","HAZ_NHAZ","Hazardous and non-hazardous - total","DSP_L_OTH","Disposal - landfill and other (D1-D7, D12)","W121","Mineral waste from construction and demolition","RO","Romania","2020","2020","118902"
"env_wastrt_W121_total","A","Annual","T","Tonne","HAZ_NHAZ","Hazardous and non-hazardous - total","DSP_L_OTH","Disposal - landfill and other (D1-D7, D12)","W121","Mineral waste from construction and demolition","RO","Romania","2022","2022","140338"
"env_wastrt_W121_total","A","Annual","T","Tonne","HAZ_NHAZ","Hazardous and non-hazardous - total","DSP_L_OTH","Disposal - landfill and other (D1-D7, D12)","W121","Mineral waste from construction and demolition","SI","Slovenia","2010","2010","41012"
"env_wastrt_W121_total","A","Annual","T","Tonne","HAZ_NHAZ","Hazardous and non-hazardous - total","DSP_L_OTH","Disposal - landfill and other (D1-D7, D12)","W121","Mineral waste from construction and demolition","SI","Slovenia","2012","2012","23144"
"env_wastrt_W121_total","A","Annual","T","Tonne","HAZ_NHAZ","Hazardous and non-hazardous - total","DSP_L_OTH","Disposal - landfill and other (D1-D7, D12)","W121","Mineral waste from construction and demolition","SI","Slovenia","2014","2014","12611"
"env_wastrt_W121_total","A","Annual","T","Tonne","HAZ_NHAZ","Hazardous and non-hazardous - total","DSP_L_OTH","Disposal - landfill and other (D1-D7, D12)","W121","Mineral waste from construction and demolition","SI","Slovenia","2016","2016","13682"
"env_wastrt_W121_total","A","Annual","T","Tonne","HAZ_NHAZ","Hazardous and non-hazardous - total","DSP_L_OTH","Disposal - landfill and other (D1-D7, D12)","W121","Mineral waste from construction and demolition","SI","Slovenia","2018","2018","15905"
"env_wastrt_W121_total","A","Annual","T","Tonne","HAZ_NHAZ","Hazardous and non-hazardous - total","DSP_L_OTH","Disposal - landfill and other (D1-D7, D12)","W121","Mineral waste from construction and demolition","SI","Slovenia","2020","2020","28310"
"env_wastrt_W121_total","A","Annual","T","Tonne","HAZ_NHAZ","Hazardous and non-hazardous - total","DSP_L_OTH","Disposal - landfill and other (D1-D7, D12)","W121","Mineral waste from construction and demolition","SI","Slovenia","2022","2022","35199"
"env_wastrt_W121_total","A","Annual","T","Tonne","HAZ_NHAZ","Hazardous and non-hazardous - total","DSP_L_OTH","Disposal - landfill and other (D1-D7, D12)","W121","Mineral waste from construction and demolition","SK","Slovakia","2010","2010","273336"
"env_wastrt_W121_total","A","Annual","T","Tonne","HAZ_NHAZ","Hazardous and non-hazardous - total","DSP_L_OTH","Disposal - landfill and other (D1-D7, D12)","W121","Mineral waste from construction and demolition","SK","Slovakia","2012","2012","266774"
"env_wastrt_W121_total","A","Annual","T","Tonne","HAZ_NHAZ","Hazardous and non-hazardous - total","DSP_L_OTH","Disposal - landfill and other (D1-D7, D12)","W121","Mineral waste from construction and demolition","SK","Slovakia","2014","2014","203826"
"env_wastrt_W121_total","A","Annual","T","Tonne","HAZ_NHAZ","Hazardous and non-hazardous - total","DSP_L_OTH","Disposal - landfill and other (D1-D7, D12)","W121","Mineral waste from construction and demolition","SK","Slovakia","2016","2016","191660"
"env_wastrt_W121_total","A","Annual","T","Tonne","HAZ_NHAZ","Hazardous and non-hazardous - total","DSP_L_OTH","Disposal - landfill and other (D1-D7, D12)","W121","Mineral waste from construction and demolition","SK","Slovakia","2018","2018","175449"
"env_wastrt_W121_total","A","Annual","T","Tonne","HAZ_NHAZ","Hazardous and non-hazardous - total","DSP_L_OTH","Disposal - landfill and other (D1-D7, D12)","W121","Mineral waste from construction and demolition","SK","Slovakia","2020","2020","161777"
"env_wastrt_W121_total","A","Annual","T","Tonne","HAZ_NHAZ","Hazardous and non-hazardous - total","DSP_L_OTH","Disposal - landfill and other (D1-D7, D12)","W121","Mineral waste from construction and demolition","SK","Slovakia","2022","2022","81272"
"env_wastrt_W121_total","A","Annual","T","Tonne","HAZ_NHAZ","Hazardous and non-hazardous - total","DSP_L_OTH","Disposal - landfill and other (D1-D7, D12)","W121","Mineral waste from construction and demolition","FI","Finland","2010","2010","23332185"
"env_wastrt_W121_total","A","Annual","T","Tonne","HAZ_NHAZ","Hazardous and non-hazardous - total","DSP_L_OTH","Disposal - landfill and other (D1-D7, D12)","W121","Mineral waste from construction and demolition","FI","Finland","2012","2012","3658658"
"env_wastrt_W121_total","A","Annual","T","Tonne","HAZ_NHAZ","Hazardous and non-hazardous - total","DSP_L_OTH","Disposal - landfill and other (D1-D7, D12)","W121","Mineral waste from construction and demolition","FI","Finland","2014","2014","125188"
"env_wastrt_W121_total","A","Annual","T","Tonne","HAZ_NHAZ","Hazardous and non-hazardous - total","DSP_L_OTH","Disposal - landfill and other (D1-D7, D12)","W121","Mineral waste from construction and demolition","FI","Finland","2016","2016","83366"
"env_wastrt_W121_total","A","Annual","T","Tonne","HAZ_NHAZ","Hazardous and non-hazardous - total","DSP_L_OTH","Disposal - landfill and other (D1-D7, D12)","W121","Mineral waste from construction and demolition","FI","Finland","2018","2018","69073"
"env_wastrt_W121_total","A","Annual","T","Tonne","HAZ_NHAZ","Hazardous and non-hazardous - total","DSP_L_OTH","Disposal - landfill and other (D1-D7, D12)","W121","Mineral waste from construction and demolition","FI","Finland","2020","2020","77128"
"env_wastrt_W121_total","A","Annual","T","Tonne","HAZ_NHAZ","Hazardous and non-hazardous - total","DSP_L_OTH","Disposal - landfill and other (D1-D7, D12)","W121","Mineral waste from construction and demolition","FI","Finland","2022","2022","77694"
"env_wastrt_W121_total","A","Annual","T","Tonne","HAZ_NHAZ","Hazardous and non-hazardous - total","DSP_L_OTH","Disposal - landfill and other (D1-D7, D12)","W121","Mineral waste from construction and demolition","SE","Sweden","2010","2010","183065"
"env_wastrt_W121_total","A","Annual","T","Tonne","HAZ_NHAZ","Hazardous and non-hazardous - total","DSP_L_OTH","Disposal - landfill and other (D1-D7, D12)","W121","Mineral waste from construction and demolition","SE","Sweden","2012","2012","92564"
"env_wastrt_W121_total","A","Annual","T","Tonne","HAZ_NHAZ","Hazardous and non-hazardous - total","DSP_L_OTH","Disposal - landfill and other (D1-D7, D12)","W121","Mineral waste from construction and demolition","SE","Sweden","2014","2014","424815"
"env_wastrt_W121_total","A","Annual","T","Tonne","HAZ_NHAZ","Hazardous and non-hazardous - total","DSP_L_OTH","Disposal - landfill and other (D1-D7, D12)","W121","Mineral waste from construction and demolition","SE","Sweden","2016","2016","354711"
"env_wastrt_W121_total","A","Annual","T","Tonne","HAZ_NHAZ","Hazardous and non-hazardous - total","DSP_L_OTH","Disposal - landfill and other (D1-D7, D12)","W121","Mineral waste from construction and demolition","SE","Sweden","2018","2018","96565"
"env_wastrt_W121_total","A","Annual","T","Tonne","HAZ_NHAZ","Hazardous and non-hazardous - total","DSP_L_OTH","Disposal - landfill and other (D1-D7, D12)","W121","Mineral waste from construction and demolition","SE","Sweden","2020","2020","355079"
"env_wastrt_W121_total","A","Annual","T","Tonne","HAZ_NHAZ","Hazardous and non-hazardous - total","DSP_L_OTH","Disposal - landfill and other (D1-D7, D12)","W121","Mineral waste from construction and demolition","SE","Sweden","2022","2022","333370"
"env_wastrt_W121_total","A","Annual","T","Tonne","HAZ_NHAZ","Hazardous and non-hazardous - total","DSP_L_OTH","Disposal - landfill and other (D1-D7, D12)","W121","Mineral waste from construction and demolition","IS","Iceland","2010","2010","1834"
"env_wastrt_W121_total","A","Annual","T","Tonne","HAZ_NHAZ","Hazardous and non-hazardous - total","DSP_L_OTH","Disposal - landfill and other (D1-D7, D12)","W121","Mineral waste from construction and demolition","IS","Iceland","2012","2012","0"
"env_wastrt_W121_total","A","Annual","T","Tonne","HAZ_NHAZ","Hazardous and non-hazardous - total","DSP_L_OTH","Disposal - landfill and other (D1-D7, D12)","W121","Mineral waste from construction and demolition","IS","Iceland","2014","2014","5295"
"env_wastrt_W121_total","A","Annual","T","Tonne","HAZ_NHAZ","Hazardous and non-hazardous - total","DSP_L_OTH","Disposal - landfill and other (D1-D7, D12)","W121","Mineral waste from construction and demolition","IS","Iceland","2016","2016","3880"
"env_wastrt_W121_total","A","Annual","T","Tonne","HAZ_NHAZ","Hazardous and non-hazardous - total","DSP_L_OTH","Disposal - landfill and other (D1-D7, D12)","W121","Mineral waste from construction and demolition","IS","Iceland","2018","2018","8635"
"env_wastrt_W121_total","A","Annual","T","Tonne","HAZ_NHAZ","Hazardous and non-hazardous - total","DSP_L_OTH","Disposal - landfill and other (D1-D7, D12)","W121","Mineral waste from construction and demolition","IS","Iceland","2020","2020","5416"
"env_wastrt_W121_total","A","Annual","T","Tonne","HAZ_NHAZ","Hazardous and non-hazardous - total","DSP_L_OTH","Disposal - landfill and other (D1-D7, D12)","W121","Mineral waste from construction and demolition","IS","Iceland","2022","2022","3262"
"env_wastrt_W121_total","A","Annual","T","Tonne","HAZ_NHAZ","Hazardous and non-hazardous - total","DSP_L_OTH","Disposal - landfill and other (D1-D7, D12)","W121","Mineral waste from construction and demolition","NO","Norway","2010","2010","184593"
"env_wastrt_W121_total","A","Annual","T","Tonne","HAZ_NHAZ","Hazardous and non-hazardous - total","DSP_L_OTH","Disposal - landfill and other (D1-D7, D12)","W121","Mineral waste from construction and demolition","NO","Norway","2012","2012","208967"
"env_wastrt_W121_total","A","Annual","T","Tonne","HAZ_NHAZ","Hazardous and non-hazardous - total","DSP_L_OTH","Disposal - landfill and other (D1-D7, D12)","W121","Mineral waste from construction and demolition","NO","Norway","2014","2014","539719"
"env_wastrt_W121_total","A","Annual","T","Tonne","HAZ_NHAZ","Hazardous and non-hazardous - total","DSP_L_OTH","Disposal - landfill and other (D1-D7, D12)","W121","Mineral waste from construction and demolition","NO","Norway","2016","2016","743529"
"env_wastrt_W121_total","A","Annual","T","Tonne","HAZ_NHAZ","Hazardous and non-hazardous - total","DSP_L_OTH","Disposal - landfill and other (D1-D7, D12)","W121","Mineral waste from construction and demolition","NO","Norway","2018","2018","878619"
"env_wastrt_W121_total","A","Annual","T","Tonne","HAZ_NHAZ","Hazardous and non-hazardous - total","DSP_L_OTH","Disposal - landfill and other (D1-D7, D12)","W121","Mineral waste from construction and demolition","NO","Norway","2020","2020","1049230"
"env_wastrt_W121_total","A","Annual","T","Tonne","HAZ_NHAZ","Hazardous and non-hazardous - total","DSP_L_OTH","Disposal - landfill and other (D1-D7, D12)","W121","Mineral waste from construction and demolition","NO","Norway","2022","2022","772773"
"env_wastrt_W121_total","A","Annual","T","Tonne","HAZ_NHAZ","Hazardous and non-hazardous - total","DSP_L_OTH","Disposal - landfill and other (D1-D7, D12)","W121","Mineral waste from construction and demolition","UK","United Kingdom","2010","2010","2090963"
"env_wastrt_W121_total","A","Annual","T","Tonne","HAZ_NHAZ","Hazardous and non-hazardous - total","DSP_L_OTH","Disposal - landfill and other (D1-D7, D12)","W121","Mineral waste from construction and demolition","UK","United Kingdom","2012","2012","2220141"
"env_wastrt_W121_total","A","Annual","T","Tonne","HAZ_NHAZ","Hazardous and non-hazardous - total","DSP_L_OTH","Disposal - landfill and other (D1-D7, D12)","W121","Mineral waste from construction and demolition","UK","United Kingdom","2014","2014","2384661"
"env_wastrt_W121_total","A","Annual","T","Tonne","HAZ_NHAZ","Hazardous and non-hazardous - total","DSP_L_OTH","Disposal - landfill and other (D1-D7, D12)","W121","Mineral waste from construction and demolition","UK","United Kingdom","2016","2016","2474089"
"env_wastrt_W121_total","A","Annual","T","Tonne","HAZ_NHAZ","Hazardous and non-hazardous - total","DSP_L_OTH","Disposal - landfill and other (D1-D7, D12)","W121","Mineral waste from construction and demolition","UK","United Kingdom","2018","2018","1511494"
"env_wastrt_W121_total","A","Annual","T","Tonne","HAZ_NHAZ","Hazardous and non-hazardous - total","DSP_L_OTH","Disposal - landfill and other (D1-D7, D12)","W121","Mineral waste from construction and demolition","BA","Bosnia and Herzegovina","2022","2022","68981"
"env_wastrt_W121_total","A","Annual","T","Tonne","HAZ_NHAZ","Hazardous and non-hazardous - total","DSP_L_OTH","Disposal - landfill and other (D1-D7, D12)","W121","Mineral waste from construction and demolition","ME","Montenegro","2012","2012","8360"
"env_wastrt_W121_total","A","Annual","T","Tonne","HAZ_NHAZ","Hazardous and non-hazardous - total","DSP_L_OTH","Disposal - landfill and other (D1-D7, D12)","W121","Mineral waste from construction and demolition","ME","Montenegro","2014","2014","22318"
"env_wastrt_W121_total","A","Annual","T","Tonne","HAZ_NHAZ","Hazardous and non-hazardous - total","DSP_L_OTH","Disposal - landfill and other (D1-D7, D12)","W121","Mineral waste from construction and demolition","ME","Montenegro","2016","2016","10085"
"env_wastrt_W121_total","A","Annual","T","Tonne","HAZ_NHAZ","Hazardous and non-hazardous - total","DSP_L_OTH","Disposal - landfill and other (D1-D7, D12)","W121","Mineral waste from construction and demolition","ME","Montenegro","2018","2018","1830"
"env_wastrt_W121_total","A","Annual","T","Tonne","HAZ_NHAZ","Hazardous and non-hazardous - total","DSP_L_OTH","Disposal - landfill and other (D1-D7, D12)","W121","Mineral waste from construction and demolition","ME","Montenegro","2020","2020","23770"
"env_wastrt_W121_total","A","Annual","T","Tonne","HAZ_NHAZ","Hazardous and non-hazardous - total","DSP_L_OTH","Disposal - landfill and other (D1-D7, D12)","W121","Mineral waste from construction and demolition","ME","Montenegro","2022","2022","234"
"env_wastrt_W121_total","A","Annual","T","Tonne","HAZ_NHAZ","Hazardous and non-hazardous - total","DSP_L_OTH","Disposal - landfill and other (D1-D7, D12)","W121","Mineral waste from construction and demolition","MK","North Macedonia","2010","2010","60"
"env_wastrt_W121_total","A","Annual","T","Tonne","HAZ_NHAZ","Hazardous and non-hazardous - total","DSP_L_OTH","Disposal - landfill and other (D1-D7, D12)","W121","Mineral waste from construction and demolition","MK","North Macedonia","2012","2012","8363"
"env_wastrt_W121_total","A","Annual","T","Tonne","HAZ_NHAZ","Hazardous and non-hazardous - total","DSP_L_OTH","Disposal - landfill and other (D1-D7, D12)","W121","Mineral waste from construction and demolition","MK","North Macedonia","2014","2014","7269"
"env_wastrt_W121_total","A","Annual","T","Tonne","HAZ_NHAZ","Hazardous and non-hazardous - total","DSP_L_OTH","Disposal - landfill and other (D1-D7, D12)","W121","Mineral waste from construction and demolition","MK","North Macedonia","2018","2018","0"
"env_wastrt_W121_total","A","Annual","T","Tonne","HAZ_NHAZ","Hazardous and non-hazardous - total","DSP_L_OTH","Disposal - landfill and other (D1-D7, D12)","W121","Mineral waste from construction and demolition","MK","North Macedonia","2020","2020","51724"
"env_wastrt_W121_total","A","Annual","T","Tonne","HAZ_NHAZ","Hazardous and non-hazardous - total","DSP_L_OTH","Disposal - landfill and other (D1-D7, D12)","W121","Mineral waste from construction and demolition","MK","North Macedonia","2022","2022","56321"
"env_wastrt_W121_total","A","Annual","T","Tonne","HAZ_NHAZ","Hazardous and non-hazardous - total","DSP_L_OTH","Disposal - landfill and other (D1-D7, D12)","W121","Mineral waste from construction and demolition","AL","Albania","2014","2014","0"
"env_wastrt_W121_total","A","Annual","T","Tonne","HAZ_NHAZ","Hazardous and non-hazardous - total","DSP_L_OTH","Disposal - landfill and other (D1-D7, D12)","W121","Mineral waste from construction and demolition","RS","Serbia","2010","2010","126"
"env_wastrt_W121_total","A","Annual","T","Tonne","HAZ_NHAZ","Hazardous and non-hazardous - total","DSP_L_OTH","Disposal - landfill and other (D1-D7, D12)","W121","Mineral waste from construction and demolition","RS","Serbia","2012","2012","870"
"env_wastrt_W121_total","A","Annual","T","Tonne","HAZ_NHAZ","Hazardous and non-hazardous - total","DSP_L_OTH","Disposal - landfill and other (D1-D7, D12)","W121","Mineral waste from construction and demolition","RS","Serbia","2014","2014","50256"
"env_wastrt_W121_total","A","Annual","T","Tonne","HAZ_NHAZ","Hazardous and non-hazardous - total","DSP_L_OTH","Disposal - landfill and other (D1-D7, D12)","W121","Mineral waste from construction and demolition","RS","Serbia","2016","2016","52702"
"env_wastrt_W121_total","A","Annual","T","Tonne","HAZ_NHAZ","Hazardous and non-hazardous - total","DSP_L_OTH","Disposal - landfill and other (D1-D7, D12)","W121","Mineral waste from construction and demolition","RS","Serbia","2018","2018","70423"
"env_wastrt_W121_total","A","Annual","T","Tonne","HAZ_NHAZ","Hazardous and non-hazardous - total","DSP_L_OTH","Disposal - landfill and other (D1-D7, D12)","W121","Mineral waste from construction and demolition","RS","Serbia","2020","2020","61363"
"env_wastrt_W121_total","A","Annual","T","Tonne","HAZ_NHAZ","Hazardous and non-hazardous - total","DSP_L_OTH","Disposal - landfill and other (D1-D7, D12)","W121","Mineral waste from construction and demolition","RS","Serbia","2022","2022","48015"
"env_wastrt_W121_total","A","Annual","T","Tonne","HAZ_NHAZ","Hazardous and non-hazardous - total","DSP_L_OTH","Disposal - landfill and other (D1-D7, D12)","W121","Mineral waste from construction and demolition","TR","Türkiye","2012","2012","220201"
"env_wastrt_W121_total","A","Annual","T","Tonne","HAZ_NHAZ","Hazardous and non-hazardous - total","DSP_L_OTH","Disposal - landfill and other (D1-D7, D12)","W121","Mineral waste from construction and demolition","TR","Türkiye","2020","2020","19928"
"env_wastrt_W121_total","A","Annual","T","Tonne","HAZ_NHAZ","Hazardous and non-hazardous - total","DSP_L_OTH","Disposal - landfill and other (D1-D7, D12)","W121","Mineral waste from construction and demolition","XK","Kosovo*","2016","2016","0"
"env_wastrt_W121_total","A","Annual","T","Tonne","HAZ_NHAZ","Hazardous and non-hazardous - total","DSP_L_OTH","Disposal - landfill and other (D1-D7, D12)","W121","Mineral waste from construction and demolition","XK","Kosovo*","2020","2020","12447"
"env_wastrt_W121_total","A","Annual","T","Tonne","HAZ_NHAZ","Hazardous and non-hazardous - total","DSP_L_OTH","Disposal - landfill and other (D1-D7, D12)","W121","Mineral waste from construction and demolition","XK","Kosovo*","2022","2022","705"
"env_wastrt_W121_total","A","Annual","T","Tonne","HAZ_NHAZ","Hazardous and non-hazardous - total","DSP_L","Disposal - landfill (D1, D5, D12)","W121","Mineral waste from construction and demolition","EU27_2020","European Union - 27 countries (from 2020)","2010","2010","59980000"
"env_wastrt_W121_total","A","Annual","T","Tonne","HAZ_NHAZ","Hazardous and non-hazardous - total","DSP_L","Disposal - landfill (D1, D5, D12)","W121","Mineral waste from construction and demolition","EU27_2020","European Union - 27 countries (from 2020)","2012","2012","38150000"
"env_wastrt_W121_total","A","Annual","T","Tonne","HAZ_NHAZ","Hazardous and non-hazardous - total","DSP_L","Disposal - landfill (D1, D5, D12)","W121","Mineral waste from construction and demolition","EU27_2020","European Union - 27 countries (from 2020)","2014","2014","30020000"
"env_wastrt_W121_total","A","Annual","T","Tonne","HAZ_NHAZ","Hazardous and non-hazardous - total","DSP_L","Disposal - landfill (D1, D5, D12)","W121","Mineral waste from construction and demolition","EU27_2020","European Union - 27 countries (from 2020)","2016","2016","31340000"
"env_wastrt_W121_total","A","Annual","T","Tonne","HAZ_NHAZ","Hazardous and non-hazardous - total","DSP_L","Disposal - landfill (D1, D5, D12)","W121","Mineral waste from construction and demolition","EU27_2020","European Union - 27 countries (from 2020)","2018","2018","33650000"
"env_wastrt_W121_total","A","Annual","T","Tonne","HAZ_NHAZ","Hazardous and non-hazardous - total","DSP_L","Disposal - landfill (D1, D5, D12)","W121","Mineral waste from construction and demolition","EU27_2020","European Union - 27 countries (from 2020)","2020","2020","25310000"
"env_wastrt_W121_total","A","Annual","T","Tonne","HAZ_NHAZ","Hazardous and non-hazardous - total","DSP_L","Disposal - landfill (D1, D5, D12)","W121","Mineral waste from construction and demolition","EU27_2020","European Union - 27 countries (from 2020)","2022","2022","25120000"
"env_wastrt_W121_total","A","Annual","T","Tonne","HAZ_NHAZ","Hazardous and non-hazardous - total","DSP_L","Disposal - landfill (D1, D5, D12)","W121","Mineral waste from construction and demolition","EU28","European Union - 28 countries (2013-2020)","2010","2010","62070000"
"env_wastrt_W121_total","A","Annual","T","Tonne","HAZ_NHAZ","Hazardous and non-hazardous - total","DSP_L","Disposal - landfill (D1, D5, D12)","W121","Mineral waste from construction and demolition","EU28","European Union - 28 countries (2013-2020)","2012","2012","40370000"
"env_wastrt_W121_total","A","Annual","T","Tonne","HAZ_NHAZ","Hazardous and non-hazardous - total","DSP_L","Disposal - landfill (D1, D5, D12)","W121","Mineral waste from construction and demolition","EU28","European Union - 28 countries (2013-2020)","2014","2014","32400000"
"env_wastrt_W121_total","A","Annual","T","Tonne","HAZ_NHAZ","Hazardous and non-hazardous - total","DSP_L","Disposal - landfill (D1, D5, D12)","W121","Mineral waste from construction and demolition","EU28","European Union - 28 countries (2013-2020)","2016","2016","33810000"
"env_wastrt_W121_total","A","Annual","T","Tonne","HAZ_NHAZ","Hazardous and non-hazardous - total","DSP_L","Disposal - landfill (D1, D5, D12)","W121","Mineral waste from construction and demolition","EU28","European Union - 28 countries (2013-2020)","2018","2018","35160000"
"env_wastrt_W121_total","A","Annual","T","Tonne","HAZ_NHAZ","Hazardous and non-hazardous - total","DSP_L","Disposal - landfill (D1, D5, D12)","W121","Mineral waste from construction and demolition","BE","Belgium","2010","2010","84860"
"env_wastrt_W121_total","A","Annual","T","Tonne","HAZ_NHAZ","Hazardous and non-hazardous - total","DSP_L","Disposal - landfill (D1, D5, D12)","W121","Mineral waste from construction and demolition","BE","Belgium","2012","2012","139665"
"env_wastrt_W121_total","A","Annual","T","Tonne","HAZ_NHAZ","Hazardous and non-hazardous - total","DSP_L","Disposal - landfill (D1, D5, D12)","W121","Mineral waste from construction and demolition","BE","Belgium","2014","2014","169217"
"env_wastrt_W121_total","A","Annual","T","Tonne","HAZ_NHAZ","Hazardous and non-hazardous - total","DSP_L","Disposal - landfill (D1, D5, D12)","W121","Mineral waste from construction and demolition","BE","Belgium","2016","2016","75448"
"env_wastrt_W121_total","A","Annual","T","Tonne","HAZ_NHAZ","Hazardous and non-hazardous - total","DSP_L","Disposal - landfill (D1, D5, D12)","W121","Mineral waste from construction and demolition","BE","Belgium","2018","2018","83628"
"env_wastrt_W121_total","A","Annual","T","Tonne","HAZ_NHAZ","Hazardous and non-hazardous - total","DSP_L","Disposal - landfill (D1, D5, D12)","W121","Mineral waste from construction and demolition","BE","Belgium","2020","2020","52275"
"env_wastrt_W121_total","A","Annual","T","Tonne","HAZ_NHAZ","Hazardous and non-hazardous - total","DSP_L","Disposal - landfill (D1, D5, D12)","W121","Mineral waste from construction and demolition","BE","Belgium","2022","2022","18302"
"env_wastrt_W121_total","A","Annual","T","Tonne","HAZ_NHAZ","Hazardous and non-hazardous - total","DSP_L","Disposal - landfill (D1, D5, D12)","W121","Mineral waste from construction and demolition","BG","Bulgaria","2010","2010","18797"
"env_wastrt_W121_total","A","Annual","T","Tonne","HAZ_NHAZ","Hazardous and non-hazardous - total","DSP_L","Disposal - landfill (D1, D5, D12)","W121","Mineral waste from construction and demolition","BG","Bulgaria","2012","2012","417774"
"env_wastrt_W121_total","A","Annual","T","Tonne","HAZ_NHAZ","Hazardous and non-hazardous - total","DSP_L","Disposal - landfill (D1, D5, D12)","W121","Mineral waste from construction and demolition","BG","Bulgaria","2014","2014","29503"
"env_wastrt_W121_total","A","Annual","T","Tonne","HAZ_NHAZ","Hazardous and non-hazardous - total","DSP_L","Disposal - landfill (D1, D5, D12)","W121","Mineral waste from construction and demolition","BG","Bulgaria","2016","2016","65535"
"env_wastrt_W121_total","A","Annual","T","Tonne","HAZ_NHAZ","Hazardous and non-hazardous - total","DSP_L","Disposal - landfill (D1, D5, D12)","W121","Mineral waste from construction and demolition","BG","Bulgaria","2018","2018","399571"
"env_wastrt_W121_total","A","Annual","T","Tonne","HAZ_NHAZ","Hazardous and non-hazardous - total","DSP_L","Disposal - landfill (D1, D5, D12)","W121","Mineral waste from construction and demolition","BG","Bulgaria","2020","2020","37133"
"env_wastrt_W121_total","A","Annual","T","Tonne","HAZ_NHAZ","Hazardous and non-hazardous - total","DSP_L","Disposal - landfill (D1, D5, D12)","W121","Mineral waste from construction and demolition","BG","Bulgaria","2022","2022","39575"
"env_wastrt_W121_total","A","Annual","T","Tonne","HAZ_NHAZ","Hazardous and non-hazardous - total","DSP_L","Disposal - landfill (D1, D5, D12)","W121","Mineral waste from construction and demolition","CZ","Czechia","2010","2010","260646"
"env_wastrt_W121_total","A","Annual","T","Tonne","HAZ_NHAZ","Hazardous and non-hazardous - total","DSP_L","Disposal - landfill (D1, D5, D12)","W121","Mineral waste from construction and demolition","CZ","Czechia","2012","2012","309687"
"env_wastrt_W121_total","A","Annual","T","Tonne","HAZ_NHAZ","Hazardous and non-hazardous - total","DSP_L","Disposal - landfill (D1, D5, D12)","W121","Mineral waste from construction and demolition","CZ","Czechia","2014","2014","359940"
"env_wastrt_W121_total","A","Annual","T","Tonne","HAZ_NHAZ","Hazardous and non-hazardous - total","DSP_L","Disposal - landfill (D1, D5, D12)","W121","Mineral waste from construction and demolition","CZ","Czechia","2016","2016","409372"
"env_wastrt_W121_total","A","Annual","T","Tonne","HAZ_NHAZ","Hazardous and non-hazardous - total","DSP_L","Disposal - landfill (D1, D5, D12)","W121","Mineral waste from construction and demolition","CZ","Czechia","2018","2018","280280"
"env_wastrt_W121_total","A","Annual","T","Tonne","HAZ_NHAZ","Hazardous and non-hazardous - total","DSP_L","Disposal - landfill (D1, D5, D12)","W121","Mineral waste from construction and demolition","CZ","Czechia","2020","2020","326694"
"env_wastrt_W121_total","A","Annual","T","Tonne","HAZ_NHAZ","Hazardous and non-hazardous - total","DSP_L","Disposal - landfill (D1, D5, D12)","W121","Mineral waste from construction and demolition","CZ","Czechia","2022","2022","634842"
"env_wastrt_W121_total","A","Annual","T","Tonne","HAZ_NHAZ","Hazardous and non-hazardous - total","DSP_L","Disposal - landfill (D1, D5, D12)","W121","Mineral waste from construction and demolition","DK","Denmark","2010","2010","138901"
"env_wastrt_W121_total","A","Annual","T","Tonne","HAZ_NHAZ","Hazardous and non-hazardous - total","DSP_L","Disposal - landfill (D1, D5, D12)","W121","Mineral waste from construction and demolition","DK","Denmark","2012","2012","113432"
"env_wastrt_W121_total","A","Annual","T","Tonne","HAZ_NHAZ","Hazardous and non-hazardous - total","DSP_L","Disposal - landfill (D1, D5, D12)","W121","Mineral waste from construction and demolition","DK","Denmark","2014","2014","124345"
"env_wastrt_W121_total","A","Annual","T","Tonne","HAZ_NHAZ","Hazardous and non-hazardous - total","DSP_L","Disposal - landfill (D1, D5, D12)","W121","Mineral waste from construction and demolition","DK","Denmark","2016","2016","141699"
"env_wastrt_W121_total","A","Annual","T","Tonne","HAZ_NHAZ","Hazardous and non-hazardous - total","DSP_L","Disposal - landfill (D1, D5, D12)","W121","Mineral waste from construction and demolition","DK","Denmark","2018","2018","27055"
"env_wastrt_W121_total","A","Annual","T","Tonne","HAZ_NHAZ","Hazardous and non-hazardous - total","DSP_L","Disposal - landfill (D1, D5, D12)","W121","Mineral waste from construction and demolition","DK","Denmark","2020","2020","34368"
"env_wastrt_W121_total","A","Annual","T","Tonne","HAZ_NHAZ","Hazardous and non-hazardous - total","DSP_L","Disposal - landfill (D1, D5, D12)","W121","Mineral waste from construction and demolition","DK","Denmark","2022","2022","31391"
"env_wastrt_W121_total","A","Annual","T","Tonne","HAZ_NHAZ","Hazardous and non-hazardous - total","DSP_L","Disposal - landfill (D1, D5, D12)","W121","Mineral waste from construction and demolition","DE","Germany","2010","2010","3711574"
"env_wastrt_W121_total","A","Annual","T","Tonne","HAZ_NHAZ","Hazardous and non-hazardous - total","DSP_L","Disposal - landfill (D1, D5, D12)","W121","Mineral waste from construction and demolition","DE","Germany","2012","2012","4713237"
"env_wastrt_W121_total","A","Annual","T","Tonne","HAZ_NHAZ","Hazardous and non-hazardous - total","DSP_L","Disposal - landfill (D1, D5, D12)","W121","Mineral waste from construction and demolition","DE","Germany","2014","2014","5576386"
"env_wastrt_W121_total","A","Annual","T","Tonne","HAZ_NHAZ","Hazardous and non-hazardous - total","DSP_L","Disposal - landfill (D1, D5, D12)","W121","Mineral waste from construction and demolition","DE","Germany","2016","2016","6107521"
"env_wastrt_W121_total","A","Annual","T","Tonne","HAZ_NHAZ","Hazardous and non-hazardous - total","DSP_L","Disposal - landfill (D1, D5, D12)","W121","Mineral waste from construction and demolition","DE","Germany","2018","2018","6365893"
"env_wastrt_W121_total","A","Annual","T","Tonne","HAZ_NHAZ","Hazardous and non-hazardous - total","DSP_L","Disposal - landfill (D1, D5, D12)","W121","Mineral waste from construction and demolition","DE","Germany","2020","2020","6572812"
"env_wastrt_W121_total","A","Annual","T","Tonne","HAZ_NHAZ","Hazardous and non-hazardous - total","DSP_L","Disposal - landfill (D1, D5, D12)","W121","Mineral waste from construction and demolition","DE","Germany","2022","2022","5406038"
"env_wastrt_W121_total","A","Annual","T","Tonne","HAZ_NHAZ","Hazardous and non-hazardous - total","DSP_L","Disposal - landfill (D1, D5, D12)","W121","Mineral waste from construction and demolition","EE","Estonia","2010","2010","21522"
"env_wastrt_W121_total","A","Annual","T","Tonne","HAZ_NHAZ","Hazardous and non-hazardous - total","DSP_L","Disposal - landfill (D1, D5, D12)","W121","Mineral waste from construction and demolition","EE","Estonia","2012","2012","19779"
"env_wastrt_W121_total","A","Annual","T","Tonne","HAZ_NHAZ","Hazardous and non-hazardous - total","DSP_L","Disposal - landfill (D1, D5, D12)","W121","Mineral waste from construction and demolition","EE","Estonia","2014","2014","18052"
"env_wastrt_W121_total","A","Annual","T","Tonne","HAZ_NHAZ","Hazardous and non-hazardous - total","DSP_L","Disposal - landfill (D1, D5, D12)","W121","Mineral waste from construction and demolition","EE","Estonia","2016","2016","13324"
"env_wastrt_W121_total","A","Annual","T","Tonne","HAZ_NHAZ","Hazardous and non-hazardous - total","DSP_L","Disposal - landfill (D1, D5, D12)","W121","Mineral waste from construction and demolition","EE","Estonia","2018","2018","46548"
"env_wastrt_W121_total","A","Annual","T","Tonne","HAZ_NHAZ","Hazardous and non-hazardous - total","DSP_L","Disposal - landfill (D1, D5, D12)","W121","Mineral waste from construction and demolition","EE","Estonia","2020","2020","48198"
"env_wastrt_W121_total","A","Annual","T","Tonne","HAZ_NHAZ","Hazardous and non-hazardous - total","DSP_L","Disposal - landfill (D1, D5, D12)","W121","Mineral waste from construction and demolition","EE","Estonia","2022","2022","47543"
"env_wastrt_W121_total","A","Annual","T","Tonne","HAZ_NHAZ","Hazardous and non-hazardous - total","DSP_L","Disposal - landfill (D1, D5, D12)","W121","Mineral waste from construction and demolition","IE","Ireland","2010","2010","11658"
"env_wastrt_W121_total","A","Annual","T","Tonne","HAZ_NHAZ","Hazardous and non-hazardous - total","DSP_L","Disposal - landfill (D1, D5, D12)","W121","Mineral waste from construction and demolition","IE","Ireland","2012","2012","933"
"env_wastrt_W121_total","A","Annual","T","Tonne","HAZ_NHAZ","Hazardous and non-hazardous - total","DSP_L","Disposal - landfill (D1, D5, D12)","W121","Mineral waste from construction and demolition","IE","Ireland","2014","2014","1048"
"env_wastrt_W121_total","A","Annual","T","Tonne","HAZ_NHAZ","Hazardous and non-hazardous - total","DSP_L","Disposal - landfill (D1, D5, D12)","W121","Mineral waste from construction and demolition","IE","Ireland","2016","2016","16874"
"env_wastrt_W121_total","A","Annual","T","Tonne","HAZ_NHAZ","Hazardous and non-hazardous - total","DSP_L","Disposal - landfill (D1, D5, D12)","W121","Mineral waste from construction and demolition","IE","Ireland","2018","2018","2901"
"env_wastrt_W121_total","A","Annual","T","Tonne","HAZ_NHAZ","Hazardous and non-hazardous - total","DSP_L","Disposal - landfill (D1, D5, D12)","W121","Mineral waste from construction and demolition","IE","Ireland","2020","2020","26295"
"env_wastrt_W121_total","A","Annual","T","Tonne","HAZ_NHAZ","Hazardous and non-hazardous - total","DSP_L","Disposal - landfill (D1, D5, D12)","W121","Mineral waste from construction and demolition","IE","Ireland","2022","2022","2536"
"env_wastrt_W121_total","A","Annual","T","Tonne","HAZ_NHAZ","Hazardous and non-hazardous - total","DSP_L","Disposal - landfill (D1, D5, D12)","W121","Mineral waste from construction and demolition","EL","Greece","2010","2010","1544505"
"env_wastrt_W121_total","A","Annual","T","Tonne","HAZ_NHAZ","Hazardous and non-hazardous - total","DSP_L","Disposal - landfill (D1, D5, D12)","W121","Mineral waste from construction and demolition","EL","Greece","2012","2012","601668"
"env_wastrt_W121_total","A","Annual","T","Tonne","HAZ_NHAZ","Hazardous and non-hazardous - total","DSP_L","Disposal - landfill (D1, D5, D12)","W121","Mineral waste from construction and demolition","EL","Greece","2014","2014","139486"
"env_wastrt_W121_total","A","Annual","T","Tonne","HAZ_NHAZ","Hazardous and non-hazardous - total","DSP_L","Disposal - landfill (D1, D5, D12)","W121","Mineral waste from construction and demolition","EL","Greece","2016","2016","16422"
"env_wastrt_W121_total","A","Annual","T","Tonne","HAZ_NHAZ","Hazardous and non-hazardous - total","DSP_L","Disposal - landfill (D1, D5, D12)","W121","Mineral waste from construction and demolition","EL","Greece","2018","2018","20107"
"env_wastrt_W121_total","A","Annual","T","Tonne","HAZ_NHAZ","Hazardous and non-hazardous - total","DSP_L","Disposal - landfill (D1, D5, D12)","W121","Mineral waste from construction and demolition","EL","Greece","2020","2020","0"
"env_wastrt_W121_total","A","Annual","T","Tonne","HAZ_NHAZ","Hazardous and non-hazardous - total","DSP_L","Disposal - landfill (D1, D5, D12)","W121","Mineral waste from construction and demolition","EL","Greece","2022","2022","7886"
"env_wastrt_W121_total","A","Annual","T","Tonne","HAZ_NHAZ","Hazardous and non-hazardous - total","DSP_L","Disposal - landfill (D1, D5, D12)","W121","Mineral waste from construction and demolition","ES","Spain","2010","2010","4080483"
"env_wastrt_W121_total","A","Annual","T","Tonne","HAZ_NHAZ","Hazardous and non-hazardous - total","DSP_L","Disposal - landfill (D1, D5, D12)","W121","Mineral waste from construction and demolition","ES","Spain","2012","2012","4154834"
"env_wastrt_W121_total","A","Annual","T","Tonne","HAZ_NHAZ","Hazardous and non-hazardous - total","DSP_L","Disposal - landfill (D1, D5, D12)","W121","Mineral waste from construction and demolition","ES","Spain","2014","2014","2163749"
"env_wastrt_W121_total","A","Annual","T","Tonne","HAZ_NHAZ","Hazardous and non-hazardous - total","DSP_L","Disposal - landfill (D1, D5, D12)","W121","Mineral waste from construction and demolition","ES","Spain","2016","2016","1940847"
"env_wastrt_W121_total","A","Annual","T","Tonne","HAZ_NHAZ","Hazardous and non-hazardous - total","DSP_L","Disposal - landfill (D1, D5, D12)","W121","Mineral waste from construction and demolition","ES","Spain","2018","2018","3676074"
"env_wastrt_W121_total","A","Annual","T","Tonne","HAZ_NHAZ","Hazardous and non-hazardous - total","DSP_L","Disposal - landfill (D1, D5, D12)","W121","Mineral waste from construction and demolition","ES","Spain","2020","2020","3940040"
"env_wastrt_W121_total","A","Annual","T","Tonne","HAZ_NHAZ","Hazardous and non-hazardous - total","DSP_L","Disposal - landfill (D1, D5, D12)","W121","Mineral waste from construction and demolition","ES","Spain","2022","2022","3672990"
"env_wastrt_W121_total","A","Annual","T","Tonne","HAZ_NHAZ","Hazardous and non-hazardous - total","DSP_L","Disposal - landfill (D1, D5, D12)","W121","Mineral waste from construction and demolition","FR","France","2010","2010","21925886"
"env_wastrt_W121_total","A","Annual","T","Tonne","HAZ_NHAZ","Hazardous and non-hazardous - total","DSP_L","Disposal - landfill (D1, D5, D12)","W121","Mineral waste from construction and demolition","FR","France","2012","2012","20840715"
"env_wastrt_W121_total","A","Annual","T","Tonne","HAZ_NHAZ","Hazardous and non-hazardous - total","DSP_L","Disposal - landfill (D1, D5, D12)","W121","Mineral waste from construction and demolition","FR","France","2014","2014","17991274"
"env_wastrt_W121_total","A","Annual","T","Tonne","HAZ_NHAZ","Hazardous and non-hazardous - total","DSP_L","Disposal - landfill (D1, D5, D12)","W121","Mineral waste from construction and demolition","FR","France","2016","2016","19080523"
"env_wastrt_W121_total","A","Annual","T","Tonne","HAZ_NHAZ","Hazardous and non-hazardous - total","DSP_L","Disposal - landfill (D1, D5, D12)","W121","Mineral waste from construction and demolition","FR","France","2018","2018","19399146"
"env_wastrt_W121_total","A","Annual","T","Tonne","HAZ_NHAZ","Hazardous and non-hazardous - total","DSP_L","Disposal - landfill (D1, D5, D12)","W121","Mineral waste from construction and demolition","FR","France","2020","2020","10122465"
"env_wastrt_W121_total","A","Annual","T","Tonne","HAZ_NHAZ","Hazardous and non-hazardous - total","DSP_L","Disposal - landfill (D1, D5, D12)","W121","Mineral waste from construction and demolition","FR","France","2022","2022","11580546"
"env_wastrt_W121_total","A","Annual","T","Tonne","HAZ_NHAZ","Hazardous and non-hazardous - total","DSP_L","Disposal - landfill (D1, D5, D12)","W121","Mineral waste from construction and demolition","HR","Croatia","2010","2010","40333"
"env_wastrt_W121_total","A","Annual","T","Tonne","HAZ_NHAZ","Hazardous and non-hazardous - total","DSP_L","Disposal - landfill (D1, D5, D12)","W121","Mineral waste from construction and demolition","HR","Croatia","2012","2012","121345"
"env_wastrt_W121_total","A","Annual","T","Tonne","HAZ_NHAZ","Hazardous and non-hazardous - total","DSP_L","Disposal - landfill (D1, D5, D12)","W121","Mineral waste from construction and demolition","HR","Croatia","2014","2014","86801"
"env_wastrt_W121_total","A","Annual","T","Tonne","HAZ_NHAZ","Hazardous and non-hazardous - total","DSP_L","Disposal - landfill (D1, D5, D12)","W121","Mineral waste from construction and demolition","HR","Croatia","2016","2016","105982"
"env_wastrt_W121_total","A","Annual","T","Tonne","HAZ_NHAZ","Hazardous and non-hazardous - total","DSP_L","Disposal - landfill (D1, D5, D12)","W121","Mineral waste from construction and demolition","HR","Croatia","2018","2018","68257"
"env_wastrt_W121_total","A","Annual","T","Tonne","HAZ_NHAZ","Hazardous and non-hazardous - total","DSP_L","Disposal - landfill (D1, D5, D12)","W121","Mineral waste from construction and demolition","HR","Croatia","2020","2020","46954"
"env_wastrt_W121_total","A","Annual","T","Tonne","HAZ_NHAZ","Hazardous and non-hazardous - total","DSP_L","Disposal - landfill (D1, D5, D12)","W121","Mineral waste from construction and demolition","HR","Croatia","2022","2022","57445"
"env_wastrt_W121_total","A","Annual","T","Tonne","HAZ_NHAZ","Hazardous and non-hazardous - total","DSP_L","Disposal - landfill (D1, D5, D12)","W121","Mineral waste from construction and demolition","IT","Italy","2010","2010","1009838"
"env_wastrt_W121_total","A","Annual","T","Tonne","HAZ_NHAZ","Hazardous and non-hazardous - total","DSP_L","Disposal - landfill (D1, D5, D12)","W121","Mineral waste from construction and demolition","IT","Italy","2012","2012","919503"
"env_wastrt_W121_total","A","Annual","T","Tonne","HAZ_NHAZ","Hazardous and non-hazardous - total","DSP_L","Disposal - landfill (D1, D5, D12)","W121","Mineral waste from construction and demolition","IT","Italy","2014","2014","1049201"
"env_wastrt_W121_total","A","Annual","T","Tonne","HAZ_NHAZ","Hazardous and non-hazardous - total","DSP_L","Disposal - landfill (D1, D5, D12)","W121","Mineral waste from construction and demolition","IT","Italy","2016","2016","759434"
"env_wastrt_W121_total","A","Annual","T","Tonne","HAZ_NHAZ","Hazardous and non-hazardous - total","DSP_L","Disposal - landfill (D1, D5, D12)","W121","Mineral waste from construction and demolition","IT","Italy","2018","2018","732347"
"env_wastrt_W121_total","A","Annual","T","Tonne","HAZ_NHAZ","Hazardous and non-hazardous - total","DSP_L","Disposal - landfill (D1, D5, D12)","W121","Mineral waste from construction and demolition","IT","Italy","2020","2020","915469"
"env_wastrt_W121_total","A","Annual","T","Tonne","HAZ_NHAZ","Hazardous and non-hazardous - total","DSP_L","Disposal - landfill (D1, D5, D12)","W121","Mineral waste from construction and demolition","IT","Italy","2022","2022","746554"
"env_wastrt_W121_total","A","Annual","T","Tonne","HAZ_NHAZ","Hazardous and non-hazardous - total","DSP_L","Disposal - landfill (D1, D5, D12)","W121","Mineral waste from construction and demolition","CY","Cyprus","2010","2010","159770"
"env_wastrt_W121_total","A","Annual","T","Tonne","HAZ_NHAZ","Hazardous and non-hazardous - total","DSP_L","Disposal - landfill (D1, D5, D12)","W121","Mineral waste from construction and demolition","CY","Cyprus","2012","2012","54801"
"env_wastrt_W121_total","A","Annual","T","Tonne","HAZ_NHAZ","Hazardous and non-hazardous - total","DSP_L","Disposal - landfill (D1, D5, D12)","W121","Mineral waste from construction and demolition","CY","Cyprus","2014","2014","68949"
"env_wastrt_W121_total","A","Annual","T","Tonne","HAZ_NHAZ","Hazardous and non-hazardous - total","DSP_L","Disposal - landfill (D1, D5, D12)","W121","Mineral waste from construction and demolition","CY","Cyprus","2016","2016","80271"
"env_wastrt_W121_total","A","Annual","T","Tonne","HAZ_NHAZ","Hazardous and non-hazardous - total","DSP_L","Disposal - landfill (D1, D5, D12)","W121","Mineral waste from construction and demolition","CY","Cyprus","2018","2018","79159"
"env_wastrt_W121_total","A","Annual","T","Tonne","HAZ_NHAZ","Hazardous and non-hazardous - total","DSP_L","Disposal - landfill (D1, D5, D12)","W121","Mineral waste from construction and demolition","CY","Cyprus","2020","2020","53830"
"env_wastrt_W121_total","A","Annual","T","Tonne","HAZ_NHAZ","Hazardous and non-hazardous - total","DSP_L","Disposal - landfill (D1, D5, D12)","W121","Mineral waste from construction and demolition","CY","Cyprus","2022","2022","17718"
"env_wastrt_W121_total","A","Annual","T","Tonne","HAZ_NHAZ","Hazardous and non-hazardous - total","DSP_L","Disposal - landfill (D1, D5, D12)","W121","Mineral waste from construction and demolition","LV","Latvia","2010","2010","13441"
"env_wastrt_W121_total","A","Annual","T","Tonne","HAZ_NHAZ","Hazardous and non-hazardous - total","DSP_L","Disposal - landfill (D1, D5, D12)","W121","Mineral waste from construction and demolition","LV","Latvia","2012","2012","6708"
"env_wastrt_W121_total","A","Annual","T","Tonne","HAZ_NHAZ","Hazardous and non-hazardous - total","DSP_L","Disposal - landfill (D1, D5, D12)","W121","Mineral waste from construction and demolition","LV","Latvia","2014","2014","9588"
"env_wastrt_W121_total","A","Annual","T","Tonne","HAZ_NHAZ","Hazardous and non-hazardous - total","DSP_L","Disposal - landfill (D1, D5, D12)","W121","Mineral waste from construction and demolition","LV","Latvia","2016","2016","2616"
"env_wastrt_W121_total","A","Annual","T","Tonne","HAZ_NHAZ","Hazardous and non-hazardous - total","DSP_L","Disposal - landfill (D1, D5, D12)","W121","Mineral waste from construction and demolition","LV","Latvia","2018","2018","13841"
"env_wastrt_W121_total","A","Annual","T","Tonne","HAZ_NHAZ","Hazardous and non-hazardous - total","DSP_L","Disposal - landfill (D1, D5, D12)","W121","Mineral waste from construction and demolition","LV","Latvia","2020","2020","3041"
"env_wastrt_W121_total","A","Annual","T","Tonne","HAZ_NHAZ","Hazardous and non-hazardous - total","DSP_L","Disposal - landfill (D1, D5, D12)","W121","Mineral waste from construction and demolition","LV","Latvia","2022","2022","27382"
"env_wastrt_W121_total","A","Annual","T","Tonne","HAZ_NHAZ","Hazardous and non-hazardous - total","DSP_L","Disposal - landfill (D1, D5, D12)","W121","Mineral waste from construction and demolition","LT","Lithuania","2010","2010","86034"
"env_wastrt_W121_total","A","Annual","T","Tonne","HAZ_NHAZ","Hazardous and non-hazardous - total","DSP_L","Disposal - landfill (D1, D5, D12)","W121","Mineral waste from construction and demolition","LT","Lithuania","2012","2012","52591"
"env_wastrt_W121_total","A","Annual","T","Tonne","HAZ_NHAZ","Hazardous and non-hazardous - total","DSP_L","Disposal - landfill (D1, D5, D12)","W121","Mineral waste from construction and demolition","LT","Lithuania","2014","2014","44989"
"env_wastrt_W121_total","A","Annual","T","Tonne","HAZ_NHAZ","Hazardous and non-hazardous - total","DSP_L","Disposal - landfill (D1, D5, D12)","W121","Mineral waste from construction and demolition","LT","Lithuania","2016","2016","25637"
"env_wastrt_W121_total","A","Annual","T","Tonne","HAZ_NHAZ","Hazardous and non-hazardous - total","DSP_L","Disposal - landfill (D1, D5, D12)","W121","Mineral waste from construction and demolition","LT","Lithuania","2018","2018","9594"
"env_wastrt_W121_total","A","Annual","T","Tonne","HAZ_NHAZ","Hazardous and non-hazardous - total","DSP_L","Disposal - landfill (D1, D5, D12)","W121","Mineral waste from construction and demolition","LT","Lithuania","2020","2020","15243"
"env_wastrt_W121_total","A","Annual","T","Tonne","HAZ_NHAZ","Hazardous and non-hazardous - total","DSP_L","Disposal - landfill (D1, D5, D12)","W121","Mineral waste from construction and demolition","LT","Lithuania","2022","2022","18246"
"env_wastrt_W121_total","A","Annual","T","Tonne","HAZ_NHAZ","Hazardous and non-hazardous - total","DSP_L","Disposal - landfill (D1, D5, D12)","W121","Mineral waste from construction and demolition","LU","Luxembourg","2010","2010","10749"
"env_wastrt_W121_total","A","Annual","T","Tonne","HAZ_NHAZ","Hazardous and non-hazardous - total","DSP_L","Disposal - landfill (D1, D5, D12)","W121","Mineral waste from construction and demolition","LU","Luxembourg","2012","2012","7012"
"env_wastrt_W121_total","A","Annual","T","Tonne","HAZ_NHAZ","Hazardous and non-hazardous - total","DSP_L","Disposal - landfill (D1, D5, D12)","W121","Mineral waste from construction and demolition","LU","Luxembourg","2014","2014","8494"
"env_wastrt_W121_total","A","Annual","T","Tonne","HAZ_NHAZ","Hazardous and non-hazardous - total","DSP_L","Disposal - landfill (D1, D5, D12)","W121","Mineral waste from construction and demolition","LU","Luxembourg","2016","2016","1649"
"env_wastrt_W121_total","A","Annual","T","Tonne","HAZ_NHAZ","Hazardous and non-hazardous - total","DSP_L","Disposal - landfill (D1, D5, D12)","W121","Mineral waste from construction and demolition","LU","Luxembourg","2018","2018","7594"
"env_wastrt_W121_total","A","Annual","T","Tonne","HAZ_NHAZ","Hazardous and non-hazardous - total","DSP_L","Disposal - landfill (D1, D5, D12)","W121","Mineral waste from construction and demolition","LU","Luxembourg","2020","2020","5713"
"env_wastrt_W121_total","A","Annual","T","Tonne","HAZ_NHAZ","Hazardous and non-hazardous - total","DSP_L","Disposal - landfill (D1, D5, D12)","W121","Mineral waste from construction and demolition","LU","Luxembourg","2022","2022","6306"
"env_wastrt_W121_total","A","Annual","T","Tonne","HAZ_NHAZ","Hazardous and non-hazardous - total","DSP_L","Disposal - landfill (D1, D5, D12)","W121","Mineral waste from construction and demolition","HU","Hungary","2010","2010","939070"
"env_wastrt_W121_total","A","Annual","T","Tonne","HAZ_NHAZ","Hazardous and non-hazardous - total","DSP_L","Disposal - landfill (D1, D5, D12)","W121","Mineral waste from construction and demolition","HU","Hungary","2012","2012","490560"
"env_wastrt_W121_total","A","Annual","T","Tonne","HAZ_NHAZ","Hazardous and non-hazardous - total","DSP_L","Disposal - landfill (D1, D5, D12)","W121","Mineral waste from construction and demolition","HU","Hungary","2014","2014","331568"
"env_wastrt_W121_total","A","Annual","T","Tonne","HAZ_NHAZ","Hazardous and non-hazardous - total","DSP_L","Disposal - landfill (D1, D5, D12)","W121","Mineral waste from construction and demolition","HU","Hungary","2016","2016","36984"
"env_wastrt_W121_total","A","Annual","T","Tonne","HAZ_NHAZ","Hazardous and non-hazardous - total","DSP_L","Disposal - landfill (D1, D5, D12)","W121","Mineral waste from construction and demolition","HU","Hungary","2018","2018","39644"
"env_wastrt_W121_total","A","Annual","T","Tonne","HAZ_NHAZ","Hazardous and non-hazardous - total","DSP_L","Disposal - landfill (D1, D5, D12)","W121","Mineral waste from construction and demolition","HU","Hungary","2020","2020","71609"
"env_wastrt_W121_total","A","Annual","T","Tonne","HAZ_NHAZ","Hazardous and non-hazardous - total","DSP_L","Disposal - landfill (D1, D5, D12)","W121","Mineral waste from construction and demolition","HU","Hungary","2022","2022","59053"
"env_wastrt_W121_total","A","Annual","T","Tonne","HAZ_NHAZ","Hazardous and non-hazardous - total","DSP_L","Disposal - landfill (D1, D5, D12)","W121","Mineral waste from construction and demolition","MT","Malta","2010","2010","636638"
"env_wastrt_W121_total","A","Annual","T","Tonne","HAZ_NHAZ","Hazardous and non-hazardous - total","DSP_L","Disposal - landfill (D1, D5, D12)","W121","Mineral waste from construction and demolition","MT","Malta","2012","2012","1536"
"env_wastrt_W121_total","A","Annual","T","Tonne","HAZ_NHAZ","Hazardous and non-hazardous - total","DSP_L","Disposal - landfill (D1, D5, D12)","W121","Mineral waste from construction and demolition","MT","Malta","2014","2014","1325"
"env_wastrt_W121_total","A","Annual","T","Tonne","HAZ_NHAZ","Hazardous and non-hazardous - total","DSP_L","Disposal - landfill (D1, D5, D12)","W121","Mineral waste from construction and demolition","MT","Malta","2016","2016","260"
"env_wastrt_W121_total","A","Annual","T","Tonne","HAZ_NHAZ","Hazardous and non-hazardous - total","DSP_L","Disposal - landfill (D1, D5, D12)","W121","Mineral waste from construction and demolition","MT","Malta","2018","2018","167"
"env_wastrt_W121_total","A","Annual","T","Tonne","HAZ_NHAZ","Hazardous and non-hazardous - total","DSP_L","Disposal - landfill (D1, D5, D12)","W121","Mineral waste from construction and demolition","MT","Malta","2020","2020","12"
"env_wastrt_W121_total","A","Annual","T","Tonne","HAZ_NHAZ","Hazardous and non-hazardous - total","DSP_L","Disposal - landfill (D1, D5, D12)","W121","Mineral waste from construction and demolition","MT","Malta","2022","2022","4"
"env_wastrt_W121_total","A","Annual","T","Tonne","HAZ_NHAZ","Hazardous and non-hazardous - total","DSP_L","Disposal - landfill (D1, D5, D12)","W121","Mineral waste from construction and demolition","NL","Netherlands","2010","2010","49273"
"env_wastrt_W121_total","A","Annual","T","Tonne","HAZ_NHAZ","Hazardous and non-hazardous - total","DSP_L","Disposal - landfill (D1, D5, D12)","W121","Mineral waste from construction and demolition","NL","Netherlands","2012","2012","54761"
"env_wastrt_W121_total","A","Annual","T","Tonne","HAZ_NHAZ","Hazardous and non-hazardous - total","DSP_L","Disposal - landfill (D1, D5, D12)","W121","Mineral waste from construction and demolition","NL","Netherlands","2014","2014","37653"
"env_wastrt_W121_total","A","Annual","T","Tonne","HAZ_NHAZ","Hazardous and non-hazardous - total","DSP_L","Disposal - landfill (D1, D5, D12)","W121","Mineral waste from construction and demolition","NL","Netherlands","2016","2016","37301"
"env_wastrt_W121_total","A","Annual","T","Tonne","HAZ_NHAZ","Hazardous and non-hazardous - total","DSP_L","Disposal - landfill (D1, D5, D12)","W121","Mineral waste from construction and demolition","NL","Netherlands","2018","2018","23659"
"env_wastrt_W121_total","A","Annual","T","Tonne","HAZ_NHAZ","Hazardous and non-hazardous - total","DSP_L","Disposal - landfill (D1, D5, D12)","W121","Mineral waste from construction and demolition","NL","Netherlands","2020","2020","19545"
"env_wastrt_W121_total","A","Annual","T","Tonne","HAZ_NHAZ","Hazardous and non-hazardous - total","DSP_L","Disposal - landfill (D1, D5, D12)","W121","Mineral waste from construction and demolition","NL","Netherlands","2022","2022","120812"
"env_wastrt_W121_total","A","Annual","T","Tonne","HAZ_NHAZ","Hazardous and non-hazardous - total","DSP_L","Disposal - landfill (D1, D5, D12)","W121","Mineral waste from construction and demolition","AT","Austria","2010","2010","487481"
"env_wastrt_W121_total","A","Annual","T","Tonne","HAZ_NHAZ","Hazardous and non-hazardous - total","DSP_L","Disposal - landfill (D1, D5, D12)","W121","Mineral waste from construction and demolition","AT","Austria","2012","2012","499809"
"env_wastrt_W121_total","A","Annual","T","Tonne","HAZ_NHAZ","Hazardous and non-hazardous - total","DSP_L","Disposal - landfill (D1, D5, D12)","W121","Mineral waste from construction and demolition","AT","Austria","2014","2014","576123"
"env_wastrt_W121_total","A","Annual","T","Tonne","HAZ_NHAZ","Hazardous and non-hazardous - total","DSP_L","Disposal - landfill (D1, D5, D12)","W121","Mineral waste from construction and demolition","AT","Austria","2016","2016","1237573"
"env_wastrt_W121_total","A","Annual","T","Tonne","HAZ_NHAZ","Hazardous and non-hazardous - total","DSP_L","Disposal - landfill (D1, D5, D12)","W121","Mineral waste from construction and demolition","AT","Austria","2018","2018","1094654"
"env_wastrt_W121_total","A","Annual","T","Tonne","HAZ_NHAZ","Hazardous and non-hazardous - total","DSP_L","Disposal - landfill (D1, D5, D12)","W121","Mineral waste from construction and demolition","AT","Austria","2020","2020","952676"
"env_wastrt_W121_total","A","Annual","T","Tonne","HAZ_NHAZ","Hazardous and non-hazardous - total","DSP_L","Disposal - landfill (D1, D5, D12)","W121","Mineral waste from construction and demolition","AT","Austria","2022","2022","1052528"
"env_wastrt_W121_total","A","Annual","T","Tonne","HAZ_NHAZ","Hazardous and non-hazardous - total","DSP_L","Disposal - landfill (D1, D5, D12)","W121","Mineral waste from construction and demolition","PL","Poland","2010","2010","235273"
"env_wastrt_W121_total","A","Annual","T","Tonne","HAZ_NHAZ","Hazardous and non-hazardous - total","DSP_L","Disposal - landfill (D1, D5, D12)","W121","Mineral waste from construction and demolition","PL","Poland","2012","2012","233231"
"env_wastrt_W121_total","A","Annual","T","Tonne","HAZ_NHAZ","Hazardous and non-hazardous - total","DSP_L","Disposal - landfill (D1, D5, D12)","W121","Mineral waste from construction and demolition","PL","Poland","2014","2014","214012"
"env_wastrt_W121_total","A","Annual","T","Tonne","HAZ_NHAZ","Hazardous and non-hazardous - total","DSP_L","Disposal - landfill (D1, D5, D12)","W121","Mineral waste from construction and demolition","PL","Poland","2016","2016","335748"
"env_wastrt_W121_total","A","Annual","T","Tonne","HAZ_NHAZ","Hazardous and non-hazardous - total","DSP_L","Disposal - landfill (D1, D5, D12)","W121","Mineral waste from construction and demolition","PL","Poland","2018","2018","704794"
"env_wastrt_W121_total","A","Annual","T","Tonne","HAZ_NHAZ","Hazardous and non-hazardous - total","DSP_L","Disposal - landfill (D1, D5, D12)","W121","Mineral waste from construction and demolition","PL","Poland","2020","2020","1264984"
"env_wastrt_W121_total","A","Annual","T","Tonne","HAZ_NHAZ","Hazardous and non-hazardous - total","DSP_L","Disposal - landfill (D1, D5, D12)","W121","Mineral waste from construction and demolition","PL","Poland","2022","2022","869912"
"env_wastrt_W121_total","A","Annual","T","Tonne","HAZ_NHAZ","Hazardous and non-hazardous - total","DSP_L","Disposal - landfill (D1, D5, D12)","W121","Mineral waste from construction and demolition","PT","Portugal","2010","2010","223059"
"env_wastrt_W121_total","A","Annual","T","Tonne","HAZ_NHAZ","Hazardous and non-hazardous - total","DSP_L","Disposal - landfill (D1, D5, D12)","W121","Mineral waste from construction and demolition","PT","Portugal","2012","2012","92903"
"env_wastrt_W121_total","A","Annual","T","Tonne","HAZ_NHAZ","Hazardous and non-hazardous - total","DSP_L","Disposal - landfill (D1, D5, D12)","W121","Mineral waste from construction and demolition","PT","Portugal","2014","2014","26808"
"env_wastrt_W121_total","A","Annual","T","Tonne","HAZ_NHAZ","Hazardous and non-hazardous - total","DSP_L","Disposal - landfill (D1, D5, D12)","W121","Mineral waste from construction and demolition","PT","Portugal","2016","2016","29169"
"env_wastrt_W121_total","A","Annual","T","Tonne","HAZ_NHAZ","Hazardous and non-hazardous - total","DSP_L","Disposal - landfill (D1, D5, D12)","W121","Mineral waste from construction and demolition","PT","Portugal","2018","2018","68901"
"env_wastrt_W121_total","A","Annual","T","Tonne","HAZ_NHAZ","Hazardous and non-hazardous - total","DSP_L","Disposal - landfill (D1, D5, D12)","W121","Mineral waste from construction and demolition","PT","Portugal","2020","2020","60642"
"env_wastrt_W121_total","A","Annual","T","Tonne","HAZ_NHAZ","Hazardous and non-hazardous - total","DSP_L","Disposal - landfill (D1, D5, D12)","W121","Mineral waste from construction and demolition","PT","Portugal","2022","2022","41779"
"env_wastrt_W121_total","A","Annual","T","Tonne","HAZ_NHAZ","Hazardous and non-hazardous - total","DSP_L","Disposal - landfill (D1, D5, D12)","W121","Mineral waste from construction and demolition","RO","Romania","2010","2010","465816"
"env_wastrt_W121_total","A","Annual","T","Tonne","HAZ_NHAZ","Hazardous and non-hazardous - total","DSP_L","Disposal - landfill (D1, D5, D12)","W121","Mineral waste from construction and demolition","RO","Romania","2012","2012","257745"
"env_wastrt_W121_total","A","Annual","T","Tonne","HAZ_NHAZ","Hazardous and non-hazardous - total","DSP_L","Disposal - landfill (D1, D5, D12)","W121","Mineral waste from construction and demolition","RO","Romania","2014","2014","233313"
"env_wastrt_W121_total","A","Annual","T","Tonne","HAZ_NHAZ","Hazardous and non-hazardous - total","DSP_L","Disposal - landfill (D1, D5, D12)","W121","Mineral waste from construction and demolition","RO","Romania","2016","2016","173635"
"env_wastrt_W121_total","A","Annual","T","Tonne","HAZ_NHAZ","Hazardous and non-hazardous - total","DSP_L","Disposal - landfill (D1, D5, D12)","W121","Mineral waste from construction and demolition","RO","Romania","2018","2018","151477"
"env_wastrt_W121_total","A","Annual","T","Tonne","HAZ_NHAZ","Hazardous and non-hazardous - total","DSP_L","Disposal - landfill (D1, D5, D12)","W121","Mineral waste from construction and demolition","RO","Romania","2020","2020","118902"
"env_wastrt_W121_total","A","Annual","T","Tonne","HAZ_NHAZ","Hazardous and non-hazardous - total","DSP_L","Disposal - landfill (D1, D5, D12)","W121","Mineral waste from construction and demolition","RO","Romania","2022","2022","140338"
"env_wastrt_W121_total","A","Annual","T","Tonne","HAZ_NHAZ","Hazardous and non-hazardous - total","DSP_L","Disposal - landfill (D1, D5, D12)","W121","Mineral waste from construction and demolition","SI","Slovenia","2010","2010","41012"
"env_wastrt_W121_total","A","Annual","T","Tonne","HAZ_NHAZ","Hazardous and non-hazardous - total","DSP_L","Disposal - landfill (D1, D5, D12)","W121","Mineral waste from construction and demolition","SI","Slovenia","2012","2012","23144"
"env_wastrt_W121_total","A","Annual","T","Tonne","HAZ_NHAZ","Hazardous and non-hazardous - total","DSP_L","Disposal - landfill (D1, D5, D12)","W121","Mineral waste from construction and demolition","SI","Slovenia","2014","2014","12611"
"env_wastrt_W121_total","A","Annual","T","Tonne","HAZ_NHAZ","Hazardous and non-hazardous - total","DSP_L","Disposal - landfill (D1, D5, D12)","W121","Mineral waste from construction and demolition","SI","Slovenia","2016","2016","13682"
"env_wastrt_W121_total","A","Annual","T","Tonne","HAZ_NHAZ","Hazardous and non-hazardous - total","DSP_L","Disposal - landfill (D1, D5, D12)","W121","Mineral waste from construction and demolition","SI","Slovenia","2018","2018","15905"
"env_wastrt_W121_total","A","Annual","T","Tonne","HAZ_NHAZ","Hazardous and non-hazardous - total","DSP_L","Disposal - landfill (D1, D5, D12)","W121","Mineral waste from construction and demolition","SI","Slovenia","2020","2020","28310"
"env_wastrt_W121_total","A","Annual","T","Tonne","HAZ_NHAZ","Hazardous and non-hazardous - total","DSP_L","Disposal - landfill (D1, D5, D12)","W121","Mineral waste from construction and demolition","SI","Slovenia","2022","2022","35199"
"env_wastrt_W121_total","A","Annual","T","Tonne","HAZ_NHAZ","Hazardous and non-hazardous - total","DSP_L","Disposal - landfill (D1, D5, D12)","W121","Mineral waste from construction and demolition","SK","Slovakia","2010","2010","264597"
"env_wastrt_W121_total","A","Annual","T","Tonne","HAZ_NHAZ","Hazardous and non-hazardous - total","DSP_L","Disposal - landfill (D1, D5, D12)","W121","Mineral waste from construction and demolition","SK","Slovakia","2012","2012","266707"
"env_wastrt_W121_total","A","Annual","T","Tonne","HAZ_NHAZ","Hazardous and non-hazardous - total","DSP_L","Disposal - landfill (D1, D5, D12)","W121","Mineral waste from construction and demolition","SK","Slovakia","2014","2014","193119"
"env_wastrt_W121_total","A","Annual","T","Tonne","HAZ_NHAZ","Hazardous and non-hazardous - total","DSP_L","Disposal - landfill (D1, D5, D12)","W121","Mineral waste from construction and demolition","SK","Slovakia","2016","2016","191549"
"env_wastrt_W121_total","A","Annual","T","Tonne","HAZ_NHAZ","Hazardous and non-hazardous - total","DSP_L","Disposal - landfill (D1, D5, D12)","W121","Mineral waste from construction and demolition","SK","Slovakia","2018","2018","175235"
"env_wastrt_W121_total","A","Annual","T","Tonne","HAZ_NHAZ","Hazardous and non-hazardous - total","DSP_L","Disposal - landfill (D1, D5, D12)","W121","Mineral waste from construction and demolition","SK","Slovakia","2020","2020","161777"
"env_wastrt_W121_total","A","Annual","T","Tonne","HAZ_NHAZ","Hazardous and non-hazardous - total","DSP_L","Disposal - landfill (D1, D5, D12)","W121","Mineral waste from construction and demolition","SK","Slovakia","2022","2022","74685"
"env_wastrt_W121_total","A","Annual","T","Tonne","HAZ_NHAZ","Hazardous and non-hazardous - total","DSP_L","Disposal - landfill (D1, D5, D12)","W121","Mineral waste from construction and demolition","FI","Finland","2010","2010","23332185"
"env_wastrt_W121_total","A","Annual","T","Tonne","HAZ_NHAZ","Hazardous and non-hazardous - total","DSP_L","Disposal - landfill (D1, D5, D12)","W121","Mineral waste from construction and demolition","FI","Finland","2012","2012","3658658"
"env_wastrt_W121_total","A","Annual","T","Tonne","HAZ_NHAZ","Hazardous and non-hazardous - total","DSP_L","Disposal - landfill (D1, D5, D12)","W121","Mineral waste from construction and demolition","FI","Finland","2014","2014","125188"
"env_wastrt_W121_total","A","Annual","T","Tonne","HAZ_NHAZ","Hazardous and non-hazardous - total","DSP_L","Disposal - landfill (D1, D5, D12)","W121","Mineral waste from construction and demolition","FI","Finland","2016","2016","83366"
"env_wastrt_W121_total","A","Annual","T","Tonne","HAZ_NHAZ","Hazardous and non-hazardous - total","DSP_L","Disposal - landfill (D1, D5, D12)","W121","Mineral waste from construction and demolition","FI","Finland","2018","2018","69073"
"env_wastrt_W121_total","A","Annual","T","Tonne","HAZ_NHAZ","Hazardous and non-hazardous - total","DSP_L","Disposal - landfill (D1, D5, D12)","W121","Mineral waste from construction and demolition","FI","Finland","2020","2020","77128"
"env_wastrt_W121_total","A","Annual","T","Tonne","HAZ_NHAZ","Hazardous and non-hazardous - total","DSP_L","Disposal - landfill (D1, D5, D12)","W121","Mineral waste from construction and demolition","FI","Finland","2022","2022","77694"
"env_wastrt_W121_total","A","Annual","T","Tonne","HAZ_NHAZ","Hazardous and non-hazardous - total","DSP_L","Disposal - landfill (D1, D5, D12)","W121","Mineral waste from construction and demolition","SE","Sweden","2010","2010","183065"
"env_wastrt_W121_total","A","Annual","T","Tonne","HAZ_NHAZ","Hazardous and non-hazardous - total","DSP_L","Disposal - landfill (D1, D5, D12)","W121","Mineral waste from construction and demolition","SE","Sweden","2012","2012","92564"
"env_wastrt_W121_total","A","Annual","T","Tonne","HAZ_NHAZ","Hazardous and non-hazardous - total","DSP_L","Disposal - landfill (D1, D5, D12)","W121","Mineral waste from construction and demolition","SE","Sweden","2014","2014","424815"
"env_wastrt_W121_total","A","Annual","T","Tonne","HAZ_NHAZ","Hazardous and non-hazardous - total","DSP_L","Disposal - landfill (D1, D5, D12)","W121","Mineral waste from construction and demolition","SE","Sweden","2016","2016","354711"
"env_wastrt_W121_total","A","Annual","T","Tonne","HAZ_NHAZ","Hazardous and non-hazardous - total","DSP_L","Disposal - landfill (D1, D5, D12)","W121","Mineral waste from construction and demolition","SE","Sweden","2018","2018","96565"
"env_wastrt_W121_total","A","Annual","T","Tonne","HAZ_NHAZ","Hazardous and non-hazardous - total","DSP_L","Disposal - landfill (D1, D5, D12)","W121","Mineral waste from construction and demolition","SE","Sweden","2020","2020","355079"
"env_wastrt_W121_total","A","Annual","T","Tonne","HAZ_NHAZ","Hazardous and non-hazardous - total","DSP_L","Disposal - landfill (D1, D5, D12)","W121","Mineral waste from construction and demolition","SE","Sweden","2022","2022","333370"
"env_wastrt_W121_total","A","Annual","T","Tonne","HAZ_NHAZ","Hazardous and non-hazardous - total","DSP_L","Disposal - landfill (D1, D5, D12)","W121","Mineral waste from construction and demolition","IS","Iceland","2010","2010","1834"
"env_wastrt_W121_total","A","Annual","T","Tonne","HAZ_NHAZ","Hazardous and non-hazardous - total","DSP_L","Disposal - landfill (D1, D5, D12)","W121","Mineral waste from construction and demolition","IS","Iceland","2012","2012","0"
"env_wastrt_W121_total","A","Annual","T","Tonne","HAZ_NHAZ","Hazardous and non-hazardous - total","DSP_L","Disposal - landfill (D1, D5, D12)","W121","Mineral waste from construction and demolition","IS","Iceland","2014","2014","5295"
"env_wastrt_W121_total","A","Annual","T","Tonne","HAZ_NHAZ","Hazardous and non-hazardous - total","DSP_L","Disposal - landfill (D1, D5, D12)","W121","Mineral waste from construction and demolition","IS","Iceland","2016","2016","3880"
"env_wastrt_W121_total","A","Annual","T","Tonne","HAZ_NHAZ","Hazardous and non-hazardous - total","DSP_L","Disposal - landfill (D1, D5, D12)","W121","Mineral waste from construction and demolition","IS","Iceland","2018","2018","1961"
"env_wastrt_W121_total","A","Annual","T","Tonne","HAZ_NHAZ","Hazardous and non-hazardous - total","DSP_L","Disposal - landfill (D1, D5, D12)","W121","Mineral waste from construction and demolition","IS","Iceland","2020","2020","5416"
"env_wastrt_W121_total","A","Annual","T","Tonne","HAZ_NHAZ","Hazardous and non-hazardous - total","DSP_L","Disposal - landfill (D1, D5, D12)","W121","Mineral waste from construction and demolition","IS","Iceland","2022","2022","3262"
"env_wastrt_W121_total","A","Annual","T","Tonne","HAZ_NHAZ","Hazardous and non-hazardous - total","DSP_L","Disposal - landfill (D1, D5, D12)","W121","Mineral waste from construction and demolition","NO","Norway","2010","2010","184593"
"env_wastrt_W121_total","A","Annual","T","Tonne","HAZ_NHAZ","Hazardous and non-hazardous - total","DSP_L","Disposal - landfill (D1, D5, D12)","W121","Mineral waste from construction and demolition","NO","Norway","2012","2012","208967"
"env_wastrt_W121_total","A","Annual","T","Tonne","HAZ_NHAZ","Hazardous and non-hazardous - total","DSP_L","Disposal - landfill (D1, D5, D12)","W121","Mineral waste from construction and demolition","NO","Norway","2014","2014","522325"
"env_wastrt_W121_total","A","Annual","T","Tonne","HAZ_NHAZ","Hazardous and non-hazardous - total","DSP_L","Disposal - landfill (D1, D5, D12)","W121","Mineral waste from construction and demolition","NO","Norway","2016","2016","743529"
"env_wastrt_W121_total","A","Annual","T","Tonne","HAZ_NHAZ","Hazardous and non-hazardous - total","DSP_L","Disposal - landfill (D1, D5, D12)","W121","Mineral waste from construction and demolition","NO","Norway","2018","2018","878619"
"env_wastrt_W121_total","A","Annual","T","Tonne","HAZ_NHAZ","Hazardous and non-hazardous - total","DSP_L","Disposal - landfill (D1, D5, D12)","W121","Mineral waste from construction and demolition","NO","Norway","2020","2020","880440"
"env_wastrt_W121_total","A","Annual","T","Tonne","HAZ_NHAZ","Hazardous and non-hazardous - total","DSP_L","Disposal - landfill (D1, D5, D12)","W121","Mineral waste from construction and demolition","NO","Norway","2022","2022","592062"
"env_wastrt_W121_total","A","Annual","T","Tonne","HAZ_NHAZ","Hazardous and non-hazardous - total","DSP_L","Disposal - landfill (D1, D5, D12)","W121","Mineral waste from construction and demolition","UK","United Kingdom","2010","2010","2090963"
"env_wastrt_W121_total","A","Annual","T","Tonne","HAZ_NHAZ","Hazardous and non-hazardous - total","DSP_L","Disposal - landfill (D1, D5, D12)","W121","Mineral waste from construction and demolition","UK","United Kingdom","2012","2012","2220141"
"env_wastrt_W121_total","A","Annual","T","Tonne","HAZ_NHAZ","Hazardous and non-hazardous - total","DSP_L","Disposal - landfill (D1, D5, D12)","W121","Mineral waste from construction and demolition","UK","United Kingdom","2014","2014","2384661"
"env_wastrt_W121_total","A","Annual","T","Tonne","HAZ_NHAZ","Hazardous and non-hazardous - total","DSP_L","Disposal - landfill (D1, D5, D12)","W121","Mineral waste from construction and demolition","UK","United Kingdom","2016","2016","2474089"
"env_wastrt_W121_total","A","Annual","T","Tonne","HAZ_NHAZ","Hazardous and non-hazardous - total","DSP_L","Disposal - landfill (D1, D5, D12)","W121","Mineral waste from construction and demolition","UK","United Kingdom","2018","2018","1511494"
"env_wastrt_W121_total","A","Annual","T","Tonne","HAZ_NHAZ","Hazardous and non-hazardous - total","DSP_L","Disposal - landfill (D1, D5, D12)","W121","Mineral waste from construction and demolition","BA","Bosnia and Herzegovina","2022","2022","68981"
"env_wastrt_W121_total","A","Annual","T","Tonne","HAZ_NHAZ","Hazardous and non-hazardous - total","DSP_L","Disposal - landfill (D1, D5, D12)","W121","Mineral waste from construction and demolition","ME","Montenegro","2012","2012","8360"
"env_wastrt_W121_total","A","Annual","T","Tonne","HAZ_NHAZ","Hazardous and non-hazardous - total","DSP_L","Disposal - landfill (D1, D5, D12)","W121","Mineral waste from construction and demolition","ME","Montenegro","2014","2014","22210"
"env_wastrt_W121_total","A","Annual","T","Tonne","HAZ_NHAZ","Hazardous and non-hazardous - total","DSP_L","Disposal - landfill (D1, D5, D12)","W121","Mineral waste from construction and demolition","ME","Montenegro","2016","2016","10085"
"env_wastrt_W121_total","A","Annual","T","Tonne","HAZ_NHAZ","Hazardous and non-hazardous - total","DSP_L","Disposal - landfill (D1, D5, D12)","W121","Mineral waste from construction and demolition","ME","Montenegro","2018","2018","1830"
"env_wastrt_W121_total","A","Annual","T","Tonne","HAZ_NHAZ","Hazardous and non-hazardous - total","DSP_L","Disposal - landfill (D1, D5, D12)","W121","Mineral waste from construction and demolition","ME","Montenegro","2020","2020","23770"
"env_wastrt_W121_total","A","Annual","T","Tonne","HAZ_NHAZ","Hazardous and non-hazardous - total","DSP_L","Disposal - landfill (D1, D5, D12)","W121","Mineral waste from construction and demolition","ME","Montenegro","2022","2022","234"
"env_wastrt_W121_total","A","Annual","T","Tonne","HAZ_NHAZ","Hazardous and non-hazardous - total","DSP_L","Disposal - landfill (D1, D5, D12)","W121","Mineral waste from construction and demolition","MK","North Macedonia","2010","2010","60"
"env_wastrt_W121_total","A","Annual","T","Tonne","HAZ_NHAZ","Hazardous and non-hazardous - total","DSP_L","Disposal - landfill (D1, D5, D12)","W121","Mineral waste from construction and demolition","MK","North Macedonia","2012","2012","8363"
"env_wastrt_W121_total","A","Annual","T","Tonne","HAZ_NHAZ","Hazardous and non-hazardous - total","DSP_L","Disposal - landfill (D1, D5, D12)","W121","Mineral waste from construction and demolition","MK","North Macedonia","2014","2014","7269"
"env_wastrt_W121_total","A","Annual","T","Tonne","HAZ_NHAZ","Hazardous and non-hazardous - total","DSP_L","Disposal - landfill (D1, D5, D12)","W121","Mineral waste from construction and demolition","MK","North Macedonia","2018","2018","0"
"env_wastrt_W121_total","A","Annual","T","Tonne","HAZ_NHAZ","Hazardous and non-hazardous - total","DSP_L","Disposal - landfill (D1, D5, D12)","W121","Mineral waste from construction and demolition","MK","North Macedonia","2020","2020","47641"
"env_wastrt_W121_total","A","Annual","T","Tonne","HAZ_NHAZ","Hazardous and non-hazardous - total","DSP_L","Disposal - landfill (D1, D5, D12)","W121","Mineral waste from construction and demolition","MK","North Macedonia","2022","2022","56321"
"env_wastrt_W121_total","A","Annual","T","Tonne","HAZ_NHAZ","Hazardous and non-hazardous - total","DSP_L","Disposal - landfill (D1, D5, D12)","W121","Mineral waste from construction and demolition","AL","Albania","2014","2014","0"
"env_wastrt_W121_total","A","Annual","T","Tonne","HAZ_NHAZ","Hazardous and non-hazardous - total","DSP_L","Disposal - landfill (D1, D5, D12)","W121","Mineral waste from construction and demolition","RS","Serbia","2010","2010","126"
"env_wastrt_W121_total","A","Annual","T","Tonne","HAZ_NHAZ","Hazardous and non-hazardous - total","DSP_L","Disposal - landfill (D1, D5, D12)","W121","Mineral waste from construction and demolition","RS","Serbia","2012","2012","862"
"env_wastrt_W121_total","A","Annual","T","Tonne","HAZ_NHAZ","Hazardous and non-hazardous - total","DSP_L","Disposal - landfill (D1, D5, D12)","W121","Mineral waste from construction and demolition","RS","Serbia","2014","2014","50256"
"env_wastrt_W121_total","A","Annual","T","Tonne","HAZ_NHAZ","Hazardous and non-hazardous - total","DSP_L","Disposal - landfill (D1, D5, D12)","W121","Mineral waste from construction and demolition","RS","Serbia","2016","2016","52702"
"env_wastrt_W121_total","A","Annual","T","Tonne","HAZ_NHAZ","Hazardous and non-hazardous - total","DSP_L","Disposal - landfill (D1, D5, D12)","W121","Mineral waste from construction and demolition","RS","Serbia","2018","2018","70423"
"env_wastrt_W121_total","A","Annual","T","Tonne","HAZ_NHAZ","Hazardous and non-hazardous - total","DSP_L","Disposal - landfill (D1, D5, D12)","W121","Mineral waste from construction and demolition","RS","Serbia","2020","2020","61363"
"env_wastrt_W121_total","A","Annual","T","Tonne","HAZ_NHAZ","Hazardous and non-hazardous - total","DSP_L","Disposal - landfill (D1, D5, D12)","W121","Mineral waste from construction and demolition","RS","Serbia","2022","2022","48015"
"env_wastrt_W121_total","A","Annual","T","Tonne","HAZ_NHAZ","Hazardous and non-hazardous - total","DSP_L","Disposal - landfill (D1, D5, D12)","W121","Mineral waste from construction and demolition","TR","Türkiye","2010","2010","21400"
"env_wastrt_W121_total","A","Annual","T","Tonne","HAZ_NHAZ","Hazardous and non-hazardous - total","DSP_L","Disposal - landfill (D1, D5, D12)","W121","Mineral waste from construction and demolition","TR","Türkiye","2012","2012","220201"
"env_wastrt_W121_total","A","Annual","T","Tonne","HAZ_NHAZ","Hazardous and non-hazardous - total","DSP_L","Disposal - landfill (D1, D5, D12)","W121","Mineral waste from construction and demolition","TR","Türkiye","2016","2016","5040"
"env_wastrt_W121_total","A","Annual","T","Tonne","HAZ_NHAZ","Hazardous and non-hazardous - total","DSP_L","Disposal - landfill (D1, D5, D12)","W121","Mineral waste from construction and demolition","TR","Türkiye","2018","2018","7049"
"env_wastrt_W121_total","A","Annual","T","Tonne","HAZ_NHAZ","Hazardous and non-hazardous - total","DSP_L","Disposal - landfill (D1, D5, D12)","W121","Mineral waste from construction and demolition","TR","Türkiye","2020","2020","19928"
"env_wastrt_W121_total","A","Annual","T","Tonne","HAZ_NHAZ","Hazardous and non-hazardous - total","DSP_L","Disposal - landfill (D1, D5, D12)","W121","Mineral waste from construction and demolition","TR","Türkiye","2022","2022","8688"
"env_wastrt_W121_total","A","Annual","T","Tonne","HAZ_NHAZ","Hazardous and non-hazardous - total","DSP_L","Disposal - landfill (D1, D5, D12)","W121","Mineral waste from construction and demolition","XK","Kosovo*","2016","2016","0"
"env_wastrt_W121_total","A","Annual","T","Tonne","HAZ_NHAZ","Hazardous and non-hazardous - total","DSP_L","Disposal - landfill (D1, D5, D12)","W121","Mineral waste from construction and demolition","XK","Kosovo*","2020","2020","12447"
"env_wastrt_W121_total","A","Annual","T","Tonne","HAZ_NHAZ","Hazardous and non-hazardous - total","DSP_L","Disposal - landfill (D1, D5, D12)","W121","Mineral waste from construction and demolition","XK","Kosovo*","2022","2022","705"
"env_wastrt_W121_total","A","Annual","T","Tonne","HAZ_NHAZ","Hazardous and non-hazardous - total","DSP_I","Disposal - incineration (D10)","W121","Mineral waste from construction and demolition","EU27_2020","European Union - 27 countries (from 2020)","2010","2010","200000"
"env_wastrt_W121_total","A","Annual","T","Tonne","HAZ_NHAZ","Hazardous and non-hazardous - total","DSP_I","Disposal - incineration (D10)","W121","Mineral waste from construction and demolition","EU27_2020","European Union - 27 countries (from 2020)","2012","2012","170000"
"env_wastrt_W121_total","A","Annual","T","Tonne","HAZ_NHAZ","Hazardous and non-hazardous - total","DSP_I","Disposal - incineration (D10)","W121","Mineral waste from construction and demolition","EU27_2020","European Union - 27 countries (from 2020)","2014","2014","140000"
"env_wastrt_W121_total","A","Annual","T","Tonne","HAZ_NHAZ","Hazardous and non-hazardous - total","DSP_I","Disposal - incineration (D10)","W121","Mineral waste from construction and demolition","EU27_2020","European Union - 27 countries (from 2020)","2016","2016","100000"
"env_wastrt_W121_total","A","Annual","T","Tonne","HAZ_NHAZ","Hazardous and non-hazardous - total","DSP_I","Disposal - incineration (D10)","W121","Mineral waste from construction and demolition","EU27_2020","European Union - 27 countries (from 2020)","2018","2018","50000"
"env_wastrt_W121_total","A","Annual","T","Tonne","HAZ_NHAZ","Hazardous and non-hazardous - total","DSP_I","Disposal - incineration (D10)","W121","Mineral waste from construction and demolition","EU27_2020","European Union - 27 countries (from 2020)","2020","2020","30000"
"env_wastrt_W121_total","A","Annual","T","Tonne","HAZ_NHAZ","Hazardous and non-hazardous - total","DSP_I","Disposal - incineration (D10)","W121","Mineral waste from construction and demolition","EU27_2020","European Union - 27 countries (from 2020)","2022","2022","30000"
"env_wastrt_W121_total","A","Annual","T","Tonne","HAZ_NHAZ","Hazardous and non-hazardous - total","DSP_I","Disposal - incineration (D10)","W121","Mineral waste from construction and demolition","EU28","European Union - 28 countries (2013-2020)","2010","2010","200000"
"env_wastrt_W121_total","A","Annual","T","Tonne","HAZ_NHAZ","Hazardous and non-hazardous - total","DSP_I","Disposal - incineration (D10)","W121","Mineral waste from construction and demolition","EU28","European Union - 28 countries (2013-2020)","2012","2012","170000"
"env_wastrt_W121_total","A","Annual","T","Tonne","HAZ_NHAZ","Hazardous and non-hazardous - total","DSP_I","Disposal - incineration (D10)","W121","Mineral waste from construction and demolition","EU28","European Union - 28 countries (2013-2020)","2014","2014","140000"
"env_wastrt_W121_total","A","Annual","T","Tonne","HAZ_NHAZ","Hazardous and non-hazardous - total","DSP_I","Disposal - incineration (D10)","W121","Mineral waste from construction and demolition","EU28","European Union - 28 countries (2013-2020)","2016","2016","100000"
"env_wastrt_W121_total","A","Annual","T","Tonne","HAZ_NHAZ","Hazardous and non-hazardous - total","DSP_I","Disposal - incineration (D10)","W121","Mineral waste from construction and demolition","EU28","European Union - 28 countries (2013-2020)","2018","2018","50000"
"env_wastrt_W121_total","A","Annual","T","Tonne","HAZ_NHAZ","Hazardous and non-hazardous - total","DSP_I","Disposal - incineration (D10)","W121","Mineral waste from construction and demolition","BE","Belgium","2010","2010","314"
"env_wastrt_W121_total","A","Annual","T","Tonne","HAZ_NHAZ","Hazardous and non-hazardous - total","DSP_I","Disposal - incineration (D10)","W121","Mineral waste from construction and demolition","BE","Belgium","2012","2012","192"
"env_wastrt_W121_total","A","Annual","T","Tonne","HAZ_NHAZ","Hazardous and non-hazardous - total","DSP_I","Disposal - incineration (D10)","W121","Mineral waste from construction and demolition","BE","Belgium","2014","2014","69"
"env_wastrt_W121_total","A","Annual","T","Tonne","HAZ_NHAZ","Hazardous and non-hazardous - total","DSP_I","Disposal - incineration (D10)","W121","Mineral waste from construction and demolition","BE","Belgium","2016","2016","320"
"env_wastrt_W121_total","A","Annual","T","Tonne","HAZ_NHAZ","Hazardous and non-hazardous - total","DSP_I","Disposal - incineration (D10)","W121","Mineral waste from construction and demolition","BE","Belgium","2018","2018","8525"
"env_wastrt_W121_total","A","Annual","T","Tonne","HAZ_NHAZ","Hazardous and non-hazardous - total","DSP_I","Disposal - incineration (D10)","W121","Mineral waste from construction and demolition","BE","Belgium","2020","2020","835"
"env_wastrt_W121_total","A","Annual","T","Tonne","HAZ_NHAZ","Hazardous and non-hazardous - total","DSP_I","Disposal - incineration (D10)","W121","Mineral waste from construction and demolition","BE","Belgium","2022","2022","503"
"env_wastrt_W121_total","A","Annual","T","Tonne","HAZ_NHAZ","Hazardous and non-hazardous - total","DSP_I","Disposal - incineration (D10)","W121","Mineral waste from construction and demolition","BG","Bulgaria","2010","2010","23"
"env_wastrt_W121_total","A","Annual","T","Tonne","HAZ_NHAZ","Hazardous and non-hazardous - total","DSP_I","Disposal - incineration (D10)","W121","Mineral waste from construction and demolition","BG","Bulgaria","2012","2012","8656"
"env_wastrt_W121_total","A","Annual","T","Tonne","HAZ_NHAZ","Hazardous and non-hazardous - total","DSP_I","Disposal - incineration (D10)","W121","Mineral waste from construction and demolition","BG","Bulgaria","2014","2014","2"
"env_wastrt_W121_total","A","Annual","T","Tonne","HAZ_NHAZ","Hazardous and non-hazardous - total","DSP_I","Disposal - incineration (D10)","W121","Mineral waste from construction and demolition","BG","Bulgaria","2016","2016","0"
"env_wastrt_W121_total","A","Annual","T","Tonne","HAZ_NHAZ","Hazardous and non-hazardous - total","DSP_I","Disposal - incineration (D10)","W121","Mineral waste from construction and demolition","BG","Bulgaria","2018","2018","1"
"env_wastrt_W121_total","A","Annual","T","Tonne","HAZ_NHAZ","Hazardous and non-hazardous - total","DSP_I","Disposal - incineration (D10)","W121","Mineral waste from construction and demolition","BG","Bulgaria","2020","2020","7"
"env_wastrt_W121_total","A","Annual","T","Tonne","HAZ_NHAZ","Hazardous and non-hazardous - total","DSP_I","Disposal - incineration (D10)","W121","Mineral waste from construction and demolition","BG","Bulgaria","2022","2022","0"
"env_wastrt_W121_total","A","Annual","T","Tonne","HAZ_NHAZ","Hazardous and non-hazardous - total","DSP_I","Disposal - incineration (D10)","W121","Mineral waste from construction and demolition","CZ","Czechia","2010","2010","839"
"env_wastrt_W121_total","A","Annual","T","Tonne","HAZ_NHAZ","Hazardous and non-hazardous - total","DSP_I","Disposal - incineration (D10)","W121","Mineral waste from construction and demolition","CZ","Czechia","2012","2012","3209"
"env_wastrt_W121_total","A","Annual","T","Tonne","HAZ_NHAZ","Hazardous and non-hazardous - total","DSP_I","Disposal - incineration (D10)","W121","Mineral waste from construction and demolition","CZ","Czechia","2014","2014","1293"
"env_wastrt_W121_total","A","Annual","T","Tonne","HAZ_NHAZ","Hazardous and non-hazardous - total","DSP_I","Disposal - incineration (D10)","W121","Mineral waste from construction and demolition","CZ","Czechia","2016","2016","1578"
"env_wastrt_W121_total","A","Annual","T","Tonne","HAZ_NHAZ","Hazardous and non-hazardous - total","DSP_I","Disposal - incineration (D10)","W121","Mineral waste from construction and demolition","CZ","Czechia","2020","2020","746"
"env_wastrt_W121_total","A","Annual","T","Tonne","HAZ_NHAZ","Hazardous and non-hazardous - total","DSP_I","Disposal - incineration (D10)","W121","Mineral waste from construction and demolition","CZ","Czechia","2022","2022","1320"
"env_wastrt_W121_total","A","Annual","T","Tonne","HAZ_NHAZ","Hazardous and non-hazardous - total","DSP_I","Disposal - incineration (D10)","W121","Mineral waste from construction and demolition","DK","Denmark","2010","2010","0"
"env_wastrt_W121_total","A","Annual","T","Tonne","HAZ_NHAZ","Hazardous and non-hazardous - total","DSP_I","Disposal - incineration (D10)","W121","Mineral waste from construction and demolition","DK","Denmark","2012","2012","8"
"env_wastrt_W121_total","A","Annual","T","Tonne","HAZ_NHAZ","Hazardous and non-hazardous - total","DSP_I","Disposal - incineration (D10)","W121","Mineral waste from construction and demolition","DK","Denmark","2014","2014","334"
"env_wastrt_W121_total","A","Annual","T","Tonne","HAZ_NHAZ","Hazardous and non-hazardous - total","DSP_I","Disposal - incineration (D10)","W121","Mineral waste from construction and demolition","DK","Denmark","2016","2016","0"
"env_wastrt_W121_total","A","Annual","T","Tonne","HAZ_NHAZ","Hazardous and non-hazardous - total","DSP_I","Disposal - incineration (D10)","W121","Mineral waste from construction and demolition","DK","Denmark","2018","2018","9"
"env_wastrt_W121_total","A","Annual","T","Tonne","HAZ_NHAZ","Hazardous and non-hazardous - total","DSP_I","Disposal - incineration (D10)","W121","Mineral waste from construction and demolition","DK","Denmark","2020","2020","30"
"env_wastrt_W121_total","A","Annual","T","Tonne","HAZ_NHAZ","Hazardous and non-hazardous - total","DSP_I","Disposal - incineration (D10)","W121","Mineral waste from construction and demolition","DK","Denmark","2022","2022","64"
"env_wastrt_W121_total","A","Annual","T","Tonne","HAZ_NHAZ","Hazardous and non-hazardous - total","DSP_I","Disposal - incineration (D10)","W121","Mineral waste from construction and demolition","DE","Germany","2010","2010","177236"
"env_wastrt_W121_total","A","Annual","T","Tonne","HAZ_NHAZ","Hazardous and non-hazardous - total","DSP_I","Disposal - incineration (D10)","W121","Mineral waste from construction and demolition","DE","Germany","2012","2012","144154"
"env_wastrt_W121_total","A","Annual","T","Tonne","HAZ_NHAZ","Hazardous and non-hazardous - total","DSP_I","Disposal - incineration (D10)","W121","Mineral waste from construction and demolition","DE","Germany","2014","2014","112328"
"env_wastrt_W121_total","A","Annual","T","Tonne","HAZ_NHAZ","Hazardous and non-hazardous - total","DSP_I","Disposal - incineration (D10)","W121","Mineral waste from construction and demolition","DE","Germany","2016","2016","66576"
"env_wastrt_W121_total","A","Annual","T","Tonne","HAZ_NHAZ","Hazardous and non-hazardous - total","DSP_I","Disposal - incineration (D10)","W121","Mineral waste from construction and demolition","DE","Germany","2020","2020","19136"
"env_wastrt_W121_total","A","Annual","T","Tonne","HAZ_NHAZ","Hazardous and non-hazardous - total","DSP_I","Disposal - incineration (D10)","W121","Mineral waste from construction and demolition","DE","Germany","2022","2022","16110"
"env_wastrt_W121_total","A","Annual","T","Tonne","HAZ_NHAZ","Hazardous and non-hazardous - total","DSP_I","Disposal - incineration (D10)","W121","Mineral waste from construction and demolition","EE","Estonia","2010","2010","0"
"env_wastrt_W121_total","A","Annual","T","Tonne","HAZ_NHAZ","Hazardous and non-hazardous - total","DSP_I","Disposal - incineration (D10)","W121","Mineral waste from construction and demolition","EE","Estonia","2012","2012","0"
"env_wastrt_W121_total","A","Annual","T","Tonne","HAZ_NHAZ","Hazardous and non-hazardous - total","DSP_I","Disposal - incineration (D10)","W121","Mineral waste from construction and demolition","EE","Estonia","2014","2014","0"
"env_wastrt_W121_total","A","Annual","T","Tonne","HAZ_NHAZ","Hazardous and non-hazardous - total","DSP_I","Disposal - incineration (D10)","W121","Mineral waste from construction and demolition","EE","Estonia","2016","2016","0"
"env_wastrt_W121_total","A","Annual","T","Tonne","HAZ_NHAZ","Hazardous and non-hazardous - total","DSP_I","Disposal - incineration (D10)","W121","Mineral waste from construction and demolition","EE","Estonia","2018","2018","1"
"env_wastrt_W121_total","A","Annual","T","Tonne","HAZ_NHAZ","Hazardous and non-hazardous - total","DSP_I","Disposal - incineration (D10)","W121","Mineral waste from construction and demolition","EE","Estonia","2020","2020","0"
"env_wastrt_W121_total","A","Annual","T","Tonne","HAZ_NHAZ","Hazardous and non-hazardous - total","DSP_I","Disposal - incineration (D10)","W121","Mineral waste from construction and demolition","EE","Estonia","2022","2022","0"
"env_wastrt_W121_total","A","Annual","T","Tonne","HAZ_NHAZ","Hazardous and non-hazardous - total","DSP_I","Disposal - incineration (D10)","W121","Mineral waste from construction and demolition","IE","Ireland","2010","2010","2505"
"env_wastrt_W121_total","A","Annual","T","Tonne","HAZ_NHAZ","Hazardous and non-hazardous - total","DSP_I","Disposal - incineration (D10)","W121","Mineral waste from construction and demolition","IE","Ireland","2012","2012","0"
"env_wastrt_W121_total","A","Annual","T","Tonne","HAZ_NHAZ","Hazardous and non-hazardous - total","DSP_I","Disposal - incineration (D10)","W121","Mineral waste from construction and demolition","IE","Ireland","2014","2014","0"
"env_wastrt_W121_total","A","Annual","T","Tonne","HAZ_NHAZ","Hazardous and non-hazardous - total","DSP_I","Disposal - incineration (D10)","W121","Mineral waste from construction and demolition","IE","Ireland","2016","2016","0"
"env_wastrt_W121_total","A","Annual","T","Tonne","HAZ_NHAZ","Hazardous and non-hazardous - total","DSP_I","Disposal - incineration (D10)","W121","Mineral waste from construction and demolition","IE","Ireland","2018","2018","0"
"env_wastrt_W121_total","A","Annual","T","Tonne","HAZ_NHAZ","Hazardous and non-hazardous - total","DSP_I","Disposal - incineration (D10)","W121","Mineral waste from construction and demolition","IE","Ireland","2020","2020","0"
"env_wastrt_W121_total","A","Annual","T","Tonne","HAZ_NHAZ","Hazardous and non-hazardous - total","DSP_I","Disposal - incineration (D10)","W121","Mineral waste from construction and demolition","IE","Ireland","2022","2022","0"
"env_wastrt_W121_total","A","Annual","T","Tonne","HAZ_NHAZ","Hazardous and non-hazardous - total","DSP_I","Disposal - incineration (D10)","W121","Mineral waste from construction and demolition","EL","Greece","2010","2010","0"
"env_wastrt_W121_total","A","Annual","T","Tonne","HAZ_NHAZ","Hazardous and non-hazardous - total","DSP_I","Disposal - incineration (D10)","W121","Mineral waste from construction and demolition","EL","Greece","2012","2012","0"
"env_wastrt_W121_total","A","Annual","T","Tonne","HAZ_NHAZ","Hazardous and non-hazardous - total","DSP_I","Disposal - incineration (D10)","W121","Mineral waste from construction and demolition","EL","Greece","2014","2014","0"
"env_wastrt_W121_total","A","Annual","T","Tonne","HAZ_NHAZ","Hazardous and non-hazardous - total","DSP_I","Disposal - incineration (D10)","W121","Mineral waste from construction and demolition","EL","Greece","2016","2016","0"
"env_wastrt_W121_total","A","Annual","T","Tonne","HAZ_NHAZ","Hazardous and non-hazardous - total","DSP_I","Disposal - incineration (D10)","W121","Mineral waste from construction and demolition","EL","Greece","2018","2018","0"
"env_wastrt_W121_total","A","Annual","T","Tonne","HAZ_NHAZ","Hazardous and non-hazardous - total","DSP_I","Disposal - incineration (D10)","W121","Mineral waste from construction and demolition","EL","Greece","2020","2020","0"
"env_wastrt_W121_total","A","Annual","T","Tonne","HAZ_NHAZ","Hazardous and non-hazardous - total","DSP_I","Disposal - incineration (D10)","W121","Mineral waste from construction and demolition","EL","Greece","2022","2022","0"
"env_wastrt_W121_total","A","Annual","T","Tonne","HAZ_NHAZ","Hazardous and non-hazardous - total","DSP_I","Disposal - incineration (D10)","W121","Mineral waste from construction and demolition","ES","Spain","2010","2010","0"
"env_wastrt_W121_total","A","Annual","T","Tonne","HAZ_NHAZ","Hazardous and non-hazardous - total","DSP_I","Disposal - incineration (D10)","W121","Mineral waste from construction and demolition","ES","Spain","2012","2012","0"
"env_wastrt_W121_total","A","Annual","T","Tonne","HAZ_NHAZ","Hazardous and non-hazardous - total","DSP_I","Disposal - incineration (D10)","W121","Mineral waste from construction and demolition","ES","Spain","2014","2014","0"
"env_wastrt_W121_total","A","Annual","T","Tonne","HAZ_NHAZ","Hazardous and non-hazardous - total","DSP_I","Disposal - incineration (D10)","W121","Mineral waste from construction and demolition","ES","Spain","2016","2016","0"
"env_wastrt_W121_total","A","Annual","T","Tonne","HAZ_NHAZ","Hazardous and non-hazardous - total","DSP_I","Disposal - incineration (D10)","W121","Mineral waste from construction and demolition","ES","Spain","2018","2018","0"
"env_wastrt_W121_total","A","Annual","T","Tonne","HAZ_NHAZ","Hazardous and non-hazardous - total","DSP_I","Disposal - incineration (D10)","W121","Mineral waste from construction and demolition","ES","Spain","2020","2020","0"
"env_wastrt_W121_total","A","Annual","T","Tonne","HAZ_NHAZ","Hazardous and non-hazardous - total","DSP_I","Disposal - incineration (D10)","W121","Mineral waste from construction and demolition","ES","Spain","2022","2022","0"
"env_wastrt_W121_total","A","Annual","T","Tonne","HAZ_NHAZ","Hazardous and non-hazardous - total","DSP_I","Disposal - incineration (D10)","W121","Mineral waste from construction and demolition","FR","France","2010","2010","2789"
"env_wastrt_W121_total","A","Annual","T","Tonne","HAZ_NHAZ","Hazardous and non-hazardous - total","DSP_I","Disposal - incineration (D10)","W121","Mineral waste from construction and demolition","FR","France","2012","2012","1477"
"env_wastrt_W121_total","A","Annual","T","Tonne","HAZ_NHAZ","Hazardous and non-hazardous - total","DSP_I","Disposal - incineration (D10)","W121","Mineral waste from construction and demolition","FR","France","2014","2014","5281"
"env_wastrt_W121_total","A","Annual","T","Tonne","HAZ_NHAZ","Hazardous and non-hazardous - total","DSP_I","Disposal - incineration (D10)","W121","Mineral waste from construction and demolition","FR","France","2016","2016","5205"
"env_wastrt_W121_total","A","Annual","T","Tonne","HAZ_NHAZ","Hazardous and non-hazardous - total","DSP_I","Disposal - incineration (D10)","W121","Mineral waste from construction and demolition","FR","France","2018","2018","9609"
"env_wastrt_W121_total","A","Annual","T","Tonne","HAZ_NHAZ","Hazardous and non-hazardous - total","DSP_I","Disposal - incineration (D10)","W121","Mineral waste from construction and demolition","FR","France","2020","2020","9014"
"env_wastrt_W121_total","A","Annual","T","Tonne","HAZ_NHAZ","Hazardous and non-hazardous - total","DSP_I","Disposal - incineration (D10)","W121","Mineral waste from construction and demolition","FR","France","2022","2022","10513"
"env_wastrt_W121_total","A","Annual","T","Tonne","HAZ_NHAZ","Hazardous and non-hazardous - total","DSP_I","Disposal - incineration (D10)","W121","Mineral waste from construction and demolition","HR","Croatia","2010","2010","1500"
"env_wastrt_W121_total","A","Annual","T","Tonne","HAZ_NHAZ","Hazardous and non-hazardous - total","DSP_I","Disposal - incineration (D10)","W121","Mineral waste from construction and demolition","HR","Croatia","2012","2012","0"
"env_wastrt_W121_total","A","Annual","T","Tonne","HAZ_NHAZ","Hazardous and non-hazardous - total","DSP_I","Disposal - incineration (D10)","W121","Mineral waste from construction and demolition","HR","Croatia","2014","2014","0"
"env_wastrt_W121_total","A","Annual","T","Tonne","HAZ_NHAZ","Hazardous and non-hazardous - total","DSP_I","Disposal - incineration (D10)","W121","Mineral waste from construction and demolition","HR","Croatia","2016","2016","0"
"env_wastrt_W121_total","A","Annual","T","Tonne","HAZ_NHAZ","Hazardous and non-hazardous - total","DSP_I","Disposal - incineration (D10)","W121","Mineral waste from construction and demolition","HR","Croatia","2018","2018","0"
"env_wastrt_W121_total","A","Annual","T","Tonne","HAZ_NHAZ","Hazardous and non-hazardous - total","DSP_I","Disposal - incineration (D10)","W121","Mineral waste from construction and demolition","HR","Croatia","2020","2020","0"
"env_wastrt_W121_total","A","Annual","T","Tonne","HAZ_NHAZ","Hazardous and non-hazardous - total","DSP_I","Disposal - incineration (D10)","W121","Mineral waste from construction and demolition","HR","Croatia","2022","2022","0"
"env_wastrt_W121_total","A","Annual","T","Tonne","HAZ_NHAZ","Hazardous and non-hazardous - total","DSP_I","Disposal - incineration (D10)","W121","Mineral waste from construction and demolition","IT","Italy","2010","2010","2684"
"env_wastrt_W121_total","A","Annual","T","Tonne","HAZ_NHAZ","Hazardous and non-hazardous - total","DSP_I","Disposal - incineration (D10)","W121","Mineral waste from construction and demolition","IT","Italy","2012","2012","2720"
"env_wastrt_W121_total","A","Annual","T","Tonne","HAZ_NHAZ","Hazardous and non-hazardous - total","DSP_I","Disposal - incineration (D10)","W121","Mineral waste from construction and demolition","IT","Italy","2014","2014","4375"
"env_wastrt_W121_total","A","Annual","T","Tonne","HAZ_NHAZ","Hazardous and non-hazardous - total","DSP_I","Disposal - incineration (D10)","W121","Mineral waste from construction and demolition","IT","Italy","2016","2016","873"
"env_wastrt_W121_total","A","Annual","T","Tonne","HAZ_NHAZ","Hazardous and non-hazardous - total","DSP_I","Disposal - incineration (D10)","W121","Mineral waste from construction and demolition","IT","Italy","2018","2018","2188"
"env_wastrt_W121_total","A","Annual","T","Tonne","HAZ_NHAZ","Hazardous and non-hazardous - total","DSP_I","Disposal - incineration (D10)","W121","Mineral waste from construction and demolition","IT","Italy","2020","2020","459"
"env_wastrt_W121_total","A","Annual","T","Tonne","HAZ_NHAZ","Hazardous and non-hazardous - total","DSP_I","Disposal - incineration (D10)","W121","Mineral waste from construction and demolition","IT","Italy","2022","2022","809"
"env_wastrt_W121_total","A","Annual","T","Tonne","HAZ_NHAZ","Hazardous and non-hazardous - total","DSP_I","Disposal - incineration (D10)","W121","Mineral waste from construction and demolition","CY","Cyprus","2010","2010","0"
"env_wastrt_W121_total","A","Annual","T","Tonne","HAZ_NHAZ","Hazardous and non-hazardous - total","DSP_I","Disposal - incineration (D10)","W121","Mineral waste from construction and demolition","CY","Cyprus","2012","2012","0"
"env_wastrt_W121_total","A","Annual","T","Tonne","HAZ_NHAZ","Hazardous and non-hazardous - total","DSP_I","Disposal - incineration (D10)","W121","Mineral waste from construction and demolition","CY","Cyprus","2014","2014","0"
"env_wastrt_W121_total","A","Annual","T","Tonne","HAZ_NHAZ","Hazardous and non-hazardous - total","DSP_I","Disposal - incineration (D10)","W121","Mineral waste from construction and demolition","CY","Cyprus","2016","2016","0"
"env_wastrt_W121_total","A","Annual","T","Tonne","HAZ_NHAZ","Hazardous and non-hazardous - total","DSP_I","Disposal - incineration (D10)","W121","Mineral waste from construction and demolition","CY","Cyprus","2018","2018","0"
"env_wastrt_W121_total","A","Annual","T","Tonne","HAZ_NHAZ","Hazardous and non-hazardous - total","DSP_I","Disposal - incineration (D10)","W121","Mineral waste from construction and demolition","CY","Cyprus","2020","2020","0"
"env_wastrt_W121_total","A","Annual","T","Tonne","HAZ_NHAZ","Hazardous and non-hazardous - total","DSP_I","Disposal - incineration (D10)","W121","Mineral waste from construction and demolition","CY","Cyprus","2022","2022","0"
"env_wastrt_W121_total","A","Annual","T","Tonne","HAZ_NHAZ","Hazardous and non-hazardous - total","DSP_I","Disposal - incineration (D10)","W121","Mineral waste from construction and demolition","LV","Latvia","2010","2010","0"
"env_wastrt_W121_total","A","Annual","T","Tonne","HAZ_NHAZ","Hazardous and non-hazardous - total","DSP_I","Disposal - incineration (D10)","W121","Mineral waste from construction and demolition","LV","Latvia","2012","2012","0"
"env_wastrt_W121_total","A","Annual","T","Tonne","HAZ_NHAZ","Hazardous and non-hazardous - total","DSP_I","Disposal - incineration (D10)","W121","Mineral waste from construction and demolition","LV","Latvia","2014","2014","0"
"env_wastrt_W121_total","A","Annual","T","Tonne","HAZ_NHAZ","Hazardous and non-hazardous - total","DSP_I","Disposal - incineration (D10)","W121","Mineral waste from construction and demolition","LV","Latvia","2016","2016","0"
"env_wastrt_W121_total","A","Annual","T","Tonne","HAZ_NHAZ","Hazardous and non-hazardous - total","DSP_I","Disposal - incineration (D10)","W121","Mineral waste from construction and demolition","LV","Latvia","2018","2018","0"
"env_wastrt_W121_total","A","Annual","T","Tonne","HAZ_NHAZ","Hazardous and non-hazardous - total","DSP_I","Disposal - incineration (D10)","W121","Mineral waste from construction and demolition","LV","Latvia","2020","2020","0"
"env_wastrt_W121_total","A","Annual","T","Tonne","HAZ_NHAZ","Hazardous and non-hazardous - total","DSP_I","Disposal - incineration (D10)","W121","Mineral waste from construction and demolition","LV","Latvia","2022","2022","0"
"env_wastrt_W121_total","A","Annual","T","Tonne","HAZ_NHAZ","Hazardous and non-hazardous - total","DSP_I","Disposal - incineration (D10)","W121","Mineral waste from construction and demolition","LT","Lithuania","2010","2010","25"
"env_wastrt_W121_total","A","Annual","T","Tonne","HAZ_NHAZ","Hazardous and non-hazardous - total","DSP_I","Disposal - incineration (D10)","W121","Mineral waste from construction and demolition","LT","Lithuania","2012","2012","227"
"env_wastrt_W121_total","A","Annual","T","Tonne","HAZ_NHAZ","Hazardous and non-hazardous - total","DSP_I","Disposal - incineration (D10)","W121","Mineral waste from construction and demolition","LT","Lithuania","2014","2014","13"
"env_wastrt_W121_total","A","Annual","T","Tonne","HAZ_NHAZ","Hazardous and non-hazardous - total","DSP_I","Disposal - incineration (D10)","W121","Mineral waste from construction and demolition","LT","Lithuania","2016","2016","0"
"env_wastrt_W121_total","A","Annual","T","Tonne","HAZ_NHAZ","Hazardous and non-hazardous - total","DSP_I","Disposal - incineration (D10)","W121","Mineral waste from construction and demolition","LT","Lithuania","2018","2018","0"
"env_wastrt_W121_total","A","Annual","T","Tonne","HAZ_NHAZ","Hazardous and non-hazardous - total","DSP_I","Disposal - incineration (D10)","W121","Mineral waste from construction and demolition","LT","Lithuania","2020","2020","1"
"env_wastrt_W121_total","A","Annual","T","Tonne","HAZ_NHAZ","Hazardous and non-hazardous - total","DSP_I","Disposal - incineration (D10)","W121","Mineral waste from construction and demolition","LT","Lithuania","2022","2022","7"
"env_wastrt_W121_total","A","Annual","T","Tonne","HAZ_NHAZ","Hazardous and non-hazardous - total","DSP_I","Disposal - incineration (D10)","W121","Mineral waste from construction and demolition","LU","Luxembourg","2010","2010","0"
"env_wastrt_W121_total","A","Annual","T","Tonne","HAZ_NHAZ","Hazardous and non-hazardous - total","DSP_I","Disposal - incineration (D10)","W121","Mineral waste from construction and demolition","LU","Luxembourg","2012","2012","0"
"env_wastrt_W121_total","A","Annual","T","Tonne","HAZ_NHAZ","Hazardous and non-hazardous - total","DSP_I","Disposal - incineration (D10)","W121","Mineral waste from construction and demolition","LU","Luxembourg","2014","2014","0"
"env_wastrt_W121_total","A","Annual","T","Tonne","HAZ_NHAZ","Hazardous and non-hazardous - total","DSP_I","Disposal - incineration (D10)","W121","Mineral waste from construction and demolition","LU","Luxembourg","2016","2016","0"
"env_wastrt_W121_total","A","Annual","T","Tonne","HAZ_NHAZ","Hazardous and non-hazardous - total","DSP_I","Disposal - incineration (D10)","W121","Mineral waste from construction and demolition","LU","Luxembourg","2018","2018","0"
"env_wastrt_W121_total","A","Annual","T","Tonne","HAZ_NHAZ","Hazardous and non-hazardous - total","DSP_I","Disposal - incineration (D10)","W121","Mineral waste from construction and demolition","LU","Luxembourg","2020","2020","0"
"env_wastrt_W121_total","A","Annual","T","Tonne","HAZ_NHAZ","Hazardous and non-hazardous - total","DSP_I","Disposal - incineration (D10)","W121","Mineral waste from construction and demolition","LU","Luxembourg","2022","2022","0"
"env_wastrt_W121_total","A","Annual","T","Tonne","HAZ_NHAZ","Hazardous and non-hazardous - total","DSP_I","Disposal - incineration (D10)","W121","Mineral waste from construction and demolition","HU","Hungary","2010","2010","359"
"env_wastrt_W121_total","A","Annual","T","Tonne","HAZ_NHAZ","Hazardous and non-hazardous - total","DSP_I","Disposal - incineration (D10)","W121","Mineral waste from construction and demolition","HU","Hungary","2012","2012","1347"
"env_wastrt_W121_total","A","Annual","T","Tonne","HAZ_NHAZ","Hazardous and non-hazardous - total","DSP_I","Disposal - incineration (D10)","W121","Mineral waste from construction and demolition","HU","Hungary","2014","2014","2479"
"env_wastrt_W121_total","A","Annual","T","Tonne","HAZ_NHAZ","Hazardous and non-hazardous - total","DSP_I","Disposal - incineration (D10)","W121","Mineral waste from construction and demolition","HU","Hungary","2016","2016","766"
"env_wastrt_W121_total","A","Annual","T","Tonne","HAZ_NHAZ","Hazardous and non-hazardous - total","DSP_I","Disposal - incineration (D10)","W121","Mineral waste from construction and demolition","HU","Hungary","2018","2018","947"
"env_wastrt_W121_total","A","Annual","T","Tonne","HAZ_NHAZ","Hazardous and non-hazardous - total","DSP_I","Disposal - incineration (D10)","W121","Mineral waste from construction and demolition","HU","Hungary","2020","2020","495"
"env_wastrt_W121_total","A","Annual","T","Tonne","HAZ_NHAZ","Hazardous and non-hazardous - total","DSP_I","Disposal - incineration (D10)","W121","Mineral waste from construction and demolition","HU","Hungary","2022","2022","438"
"env_wastrt_W121_total","A","Annual","T","Tonne","HAZ_NHAZ","Hazardous and non-hazardous - total","DSP_I","Disposal - incineration (D10)","W121","Mineral waste from construction and demolition","MT","Malta","2010","2010","0"
"env_wastrt_W121_total","A","Annual","T","Tonne","HAZ_NHAZ","Hazardous and non-hazardous - total","DSP_I","Disposal - incineration (D10)","W121","Mineral waste from construction and demolition","MT","Malta","2012","2012","0"
"env_wastrt_W121_total","A","Annual","T","Tonne","HAZ_NHAZ","Hazardous and non-hazardous - total","DSP_I","Disposal - incineration (D10)","W121","Mineral waste from construction and demolition","MT","Malta","2014","2014","0"
"env_wastrt_W121_total","A","Annual","T","Tonne","HAZ_NHAZ","Hazardous and non-hazardous - total","DSP_I","Disposal - incineration (D10)","W121","Mineral waste from construction and demolition","MT","Malta","2016","2016","0"
"env_wastrt_W121_total","A","Annual","T","Tonne","HAZ_NHAZ","Hazardous and non-hazardous - total","DSP_I","Disposal - incineration (D10)","W121","Mineral waste from construction and demolition","MT","Malta","2018","2018","0"
"env_wastrt_W121_total","A","Annual","T","Tonne","HAZ_NHAZ","Hazardous and non-hazardous - total","DSP_I","Disposal - incineration (D10)","W121","Mineral waste from construction and demolition","MT","Malta","2020","2020","0"
"env_wastrt_W121_total","A","Annual","T","Tonne","HAZ_NHAZ","Hazardous and non-hazardous - total","DSP_I","Disposal - incineration (D10)","W121","Mineral waste from construction and demolition","MT","Malta","2022","2022","0"
"env_wastrt_W121_total","A","Annual","T","Tonne","HAZ_NHAZ","Hazardous and non-hazardous - total","DSP_I","Disposal - incineration (D10)","W121","Mineral waste from construction and demolition","NL","Netherlands","2010","2010","534"
"env_wastrt_W121_total","A","Annual","T","Tonne","HAZ_NHAZ","Hazardous and non-hazardous - total","DSP_I","Disposal - incineration (D10)","W121","Mineral waste from construction and demolition","NL","Netherlands","2012","2012","3383"
"env_wastrt_W121_total","A","Annual","T","Tonne","HAZ_NHAZ","Hazardous and non-hazardous - total","DSP_I","Disposal - incineration (D10)","W121","Mineral waste from construction and demolition","NL","Netherlands","2014","2014","8565"
"env_wastrt_W121_total","A","Annual","T","Tonne","HAZ_NHAZ","Hazardous and non-hazardous - total","DSP_I","Disposal - incineration (D10)","W121","Mineral waste from construction and demolition","NL","Netherlands","2016","2016","4721"
"env_wastrt_W121_total","A","Annual","T","Tonne","HAZ_NHAZ","Hazardous and non-hazardous - total","DSP_I","Disposal - incineration (D10)","W121","Mineral waste from construction and demolition","NL","Netherlands","2018","2018","11493"
"env_wastrt_W121_total","A","Annual","T","Tonne","HAZ_NHAZ","Hazardous and non-hazardous - total","DSP_I","Disposal - incineration (D10)","W121","Mineral waste from construction and demolition","NL","Netherlands","2020","2020","1473"
"env_wastrt_W121_total","A","Annual","T","Tonne","HAZ_NHAZ","Hazardous and non-hazardous - total","DSP_I","Disposal - incineration (D10)","W121","Mineral waste from construction and demolition","NL","Netherlands","2022","2022","865"
"env_wastrt_W121_total","A","Annual","T","Tonne","HAZ_NHAZ","Hazardous and non-hazardous - total","DSP_I","Disposal - incineration (D10)","W121","Mineral waste from construction and demolition","AT","Austria","2010","2010","6"
"env_wastrt_W121_total","A","Annual","T","Tonne","HAZ_NHAZ","Hazardous and non-hazardous - total","DSP_I","Disposal - incineration (D10)","W121","Mineral waste from construction and demolition","AT","Austria","2012","2012","28"
"env_wastrt_W121_total","A","Annual","T","Tonne","HAZ_NHAZ","Hazardous and non-hazardous - total","DSP_I","Disposal - incineration (D10)","W121","Mineral waste from construction and demolition","PL","Poland","2010","2010","1312"
"env_wastrt_W121_total","A","Annual","T","Tonne","HAZ_NHAZ","Hazardous and non-hazardous - total","DSP_I","Disposal - incineration (D10)","W121","Mineral waste from construction and demolition","PL","Poland","2012","2012","2413"
"env_wastrt_W121_total","A","Annual","T","Tonne","HAZ_NHAZ","Hazardous and non-hazardous - total","DSP_I","Disposal - incineration (D10)","W121","Mineral waste from construction and demolition","PL","Poland","2014","2014","1058"
"env_wastrt_W121_total","A","Annual","T","Tonne","HAZ_NHAZ","Hazardous and non-hazardous - total","DSP_I","Disposal - incineration (D10)","W121","Mineral waste from construction and demolition","PL","Poland","2016","2016","610"
"env_wastrt_W121_total","A","Annual","T","Tonne","HAZ_NHAZ","Hazardous and non-hazardous - total","DSP_I","Disposal - incineration (D10)","W121","Mineral waste from construction and demolition","PL","Poland","2018","2018","759"
"env_wastrt_W121_total","A","Annual","T","Tonne","HAZ_NHAZ","Hazardous and non-hazardous - total","DSP_I","Disposal - incineration (D10)","W121","Mineral waste from construction and demolition","PL","Poland","2020","2020","168"
"env_wastrt_W121_total","A","Annual","T","Tonne","HAZ_NHAZ","Hazardous and non-hazardous - total","DSP_I","Disposal - incineration (D10)","W121","Mineral waste from construction and demolition","PL","Poland","2022","2022","250"
"env_wastrt_W121_total","A","Annual","T","Tonne","HAZ_NHAZ","Hazardous and non-hazardous - total","DSP_I","Disposal - incineration (D10)","W121","Mineral waste from construction and demolition","PT","Portugal","2010","2010","0"
"env_wastrt_W121_total","A","Annual","T","Tonne","HAZ_NHAZ","Hazardous and non-hazardous - total","DSP_I","Disposal - incineration (D10)","W121","Mineral waste from construction and demolition","PT","Portugal","2012","2012","0"
"env_wastrt_W121_total","A","Annual","T","Tonne","HAZ_NHAZ","Hazardous and non-hazardous - total","DSP_I","Disposal - incineration (D10)","W121","Mineral waste from construction and demolition","PT","Portugal","2014","2014","0"
"env_wastrt_W121_total","A","Annual","T","Tonne","HAZ_NHAZ","Hazardous and non-hazardous - total","DSP_I","Disposal - incineration (D10)","W121","Mineral waste from construction and demolition","PT","Portugal","2016","2016","0"
"env_wastrt_W121_total","A","Annual","T","Tonne","HAZ_NHAZ","Hazardous and non-hazardous - total","DSP_I","Disposal - incineration (D10)","W121","Mineral waste from construction and demolition","PT","Portugal","2018","2018","0"
"env_wastrt_W121_total","A","Annual","T","Tonne","HAZ_NHAZ","Hazardous and non-hazardous - total","DSP_I","Disposal - incineration (D10)","W121","Mineral waste from construction and demolition","PT","Portugal","2020","2020","0"
"env_wastrt_W121_total","A","Annual","T","Tonne","HAZ_NHAZ","Hazardous and non-hazardous - total","DSP_I","Disposal - incineration (D10)","W121","Mineral waste from construction and demolition","PT","Portugal","2022","2022","0"
"env_wastrt_W121_total","A","Annual","T","Tonne","HAZ_NHAZ","Hazardous and non-hazardous - total","DSP_I","Disposal - incineration (D10)","W121","Mineral waste from construction and demolition","RO","Romania","2010","2010","54"
"env_wastrt_W121_total","A","Annual","T","Tonne","HAZ_NHAZ","Hazardous and non-hazardous - total","DSP_I","Disposal - incineration (D10)","W121","Mineral waste from construction and demolition","RO","Romania","2012","2012","0"
"env_wastrt_W121_total","A","Annual","T","Tonne","HAZ_NHAZ","Hazardous and non-hazardous - total","DSP_I","Disposal - incineration (D10)","W121","Mineral waste from construction and demolition","RO","Romania","2014","2014","0"
"env_wastrt_W121_total","A","Annual","T","Tonne","HAZ_NHAZ","Hazardous and non-hazardous - total","DSP_I","Disposal - incineration (D10)","W121","Mineral waste from construction and demolition","RO","Romania","2016","2016","0"
"env_wastrt_W121_total","A","Annual","T","Tonne","HAZ_NHAZ","Hazardous and non-hazardous - total","DSP_I","Disposal - incineration (D10)","W121","Mineral waste from construction and demolition","RO","Romania","2018","2018","0"
"env_wastrt_W121_total","A","Annual","T","Tonne","HAZ_NHAZ","Hazardous and non-hazardous - total","DSP_I","Disposal - incineration (D10)","W121","Mineral waste from construction and demolition","RO","Romania","2020","2020","0"
"env_wastrt_W121_total","A","Annual","T","Tonne","HAZ_NHAZ","Hazardous and non-hazardous - total","DSP_I","Disposal - incineration (D10)","W121","Mineral waste from construction and demolition","RO","Romania","2022","2022","0"
"env_wastrt_W121_total","A","Annual","T","Tonne","HAZ_NHAZ","Hazardous and non-hazardous - total","DSP_I","Disposal - incineration (D10)","W121","Mineral waste from construction and demolition","SI","Slovenia","2010","2010","0"
"env_wastrt_W121_total","A","Annual","T","Tonne","HAZ_NHAZ","Hazardous and non-hazardous - total","DSP_I","Disposal - incineration (D10)","W121","Mineral waste from construction and demolition","SI","Slovenia","2012","2012","18"
"env_wastrt_W121_total","A","Annual","T","Tonne","HAZ_NHAZ","Hazardous and non-hazardous - total","DSP_I","Disposal - incineration (D10)","W121","Mineral waste from construction and demolition","SI","Slovenia","2014","2014","12"
"env_wastrt_W121_total","A","Annual","T","Tonne","HAZ_NHAZ","Hazardous and non-hazardous - total","DSP_I","Disposal - incineration (D10)","W121","Mineral waste from construction and demolition","SI","Slovenia","2016","2016","0"
"env_wastrt_W121_total","A","Annual","T","Tonne","HAZ_NHAZ","Hazardous and non-hazardous - total","DSP_I","Disposal - incineration (D10)","W121","Mineral waste from construction and demolition","SI","Slovenia","2018","2018","0"
"env_wastrt_W121_total","A","Annual","T","Tonne","HAZ_NHAZ","Hazardous and non-hazardous - total","DSP_I","Disposal - incineration (D10)","W121","Mineral waste from construction and demolition","SI","Slovenia","2020","2020","0"
"env_wastrt_W121_total","A","Annual","T","Tonne","HAZ_NHAZ","Hazardous and non-hazardous - total","DSP_I","Disposal - incineration (D10)","W121","Mineral waste from construction and demolition","SI","Slovenia","2022","2022","0"
"env_wastrt_W121_total","A","Annual","T","Tonne","HAZ_NHAZ","Hazardous and non-hazardous - total","DSP_I","Disposal - incineration (D10)","W121","Mineral waste from construction and demolition","SK","Slovakia","2010","2010","150"
"env_wastrt_W121_total","A","Annual","T","Tonne","HAZ_NHAZ","Hazardous and non-hazardous - total","DSP_I","Disposal - incineration (D10)","W121","Mineral waste from construction and demolition","SK","Slovakia","2012","2012","81"
"env_wastrt_W121_total","A","Annual","T","Tonne","HAZ_NHAZ","Hazardous and non-hazardous - total","DSP_I","Disposal - incineration (D10)","W121","Mineral waste from construction and demolition","SK","Slovakia","2014","2014","797"
"env_wastrt_W121_total","A","Annual","T","Tonne","HAZ_NHAZ","Hazardous and non-hazardous - total","DSP_I","Disposal - incineration (D10)","W121","Mineral waste from construction and demolition","SK","Slovakia","2016","2016","0"
"env_wastrt_W121_total","A","Annual","T","Tonne","HAZ_NHAZ","Hazardous and non-hazardous - total","DSP_I","Disposal - incineration (D10)","W121","Mineral waste from construction and demolition","SK","Slovakia","2018","2018","517"
"env_wastrt_W121_total","A","Annual","T","Tonne","HAZ_NHAZ","Hazardous and non-hazardous - total","DSP_I","Disposal - incineration (D10)","W121","Mineral waste from construction and demolition","SK","Slovakia","2020","2020","0"
"env_wastrt_W121_total","A","Annual","T","Tonne","HAZ_NHAZ","Hazardous and non-hazardous - total","DSP_I","Disposal - incineration (D10)","W121","Mineral waste from construction and demolition","SK","Slovakia","2022","2022","0"
"env_wastrt_W121_total","A","Annual","T","Tonne","HAZ_NHAZ","Hazardous and non-hazardous - total","DSP_I","Disposal - incineration (D10)","W121","Mineral waste from construction and demolition","FI","Finland","2010","2010","7972"
"env_wastrt_W121_total","A","Annual","T","Tonne","HAZ_NHAZ","Hazardous and non-hazardous - total","DSP_I","Disposal - incineration (D10)","W121","Mineral waste from construction and demolition","FI","Finland","2012","2012","3945"
"env_wastrt_W121_total","A","Annual","T","Tonne","HAZ_NHAZ","Hazardous and non-hazardous - total","DSP_I","Disposal - incineration (D10)","W121","Mineral waste from construction and demolition","FI","Finland","2014","2014","3739"
"env_wastrt_W121_total","A","Annual","T","Tonne","HAZ_NHAZ","Hazardous and non-hazardous - total","DSP_I","Disposal - incineration (D10)","W121","Mineral waste from construction and demolition","FI","Finland","2016","2016","646"
"env_wastrt_W121_total","A","Annual","T","Tonne","HAZ_NHAZ","Hazardous and non-hazardous - total","DSP_I","Disposal - incineration (D10)","W121","Mineral waste from construction and demolition","FI","Finland","2018","2018","601"
"env_wastrt_W121_total","A","Annual","T","Tonne","HAZ_NHAZ","Hazardous and non-hazardous - total","DSP_I","Disposal - incineration (D10)","W121","Mineral waste from construction and demolition","FI","Finland","2020","2020","559"
"env_wastrt_W121_total","A","Annual","T","Tonne","HAZ_NHAZ","Hazardous and non-hazardous - total","DSP_I","Disposal - incineration (D10)","W121","Mineral waste from construction and demolition","FI","Finland","2022","2022","932"
"env_wastrt_W121_total","A","Annual","T","Tonne","HAZ_NHAZ","Hazardous and non-hazardous - total","DSP_I","Disposal - incineration (D10)","W121","Mineral waste from construction and demolition","SE","Sweden","2010","2010","0"
"env_wastrt_W121_total","A","Annual","T","Tonne","HAZ_NHAZ","Hazardous and non-hazardous - total","DSP_I","Disposal - incineration (D10)","W121","Mineral waste from construction and demolition","SE","Sweden","2012","2012","0"
"env_wastrt_W121_total","A","Annual","T","Tonne","HAZ_NHAZ","Hazardous and non-hazardous - total","DSP_I","Disposal - incineration (D10)","W121","Mineral waste from construction and demolition","SE","Sweden","2014","2014","0"
"env_wastrt_W121_total","A","Annual","T","Tonne","HAZ_NHAZ","Hazardous and non-hazardous - total","DSP_I","Disposal - incineration (D10)","W121","Mineral waste from construction and demolition","SE","Sweden","2016","2016","19799"
"env_wastrt_W121_total","A","Annual","T","Tonne","HAZ_NHAZ","Hazardous and non-hazardous - total","DSP_I","Disposal - incineration (D10)","W121","Mineral waste from construction and demolition","SE","Sweden","2018","2018","4119"
"env_wastrt_W121_total","A","Annual","T","Tonne","HAZ_NHAZ","Hazardous and non-hazardous - total","DSP_I","Disposal - incineration (D10)","W121","Mineral waste from construction and demolition","SE","Sweden","2020","2020","598"
"env_wastrt_W121_total","A","Annual","T","Tonne","HAZ_NHAZ","Hazardous and non-hazardous - total","DSP_I","Disposal - incineration (D10)","W121","Mineral waste from construction and demolition","IS","Iceland","2010","2010","0"
"env_wastrt_W121_total","A","Annual","T","Tonne","HAZ_NHAZ","Hazardous and non-hazardous - total","DSP_I","Disposal - incineration (D10)","W121","Mineral waste from construction and demolition","IS","Iceland","2012","2012","0"
"env_wastrt_W121_total","A","Annual","T","Tonne","HAZ_NHAZ","Hazardous and non-hazardous - total","DSP_I","Disposal - incineration (D10)","W121","Mineral waste from construction and demolition","IS","Iceland","2014","2014","0"
"env_wastrt_W121_total","A","Annual","T","Tonne","HAZ_NHAZ","Hazardous and non-hazardous - total","DSP_I","Disposal - incineration (D10)","W121","Mineral waste from construction and demolition","IS","Iceland","2016","2016","0"
"env_wastrt_W121_total","A","Annual","T","Tonne","HAZ_NHAZ","Hazardous and non-hazardous - total","DSP_I","Disposal - incineration (D10)","W121","Mineral waste from construction and demolition","IS","Iceland","2018","2018","0"
"env_wastrt_W121_total","A","Annual","T","Tonne","HAZ_NHAZ","Hazardous and non-hazardous - total","DSP_I","Disposal - incineration (D10)","W121","Mineral waste from construction and demolition","IS","Iceland","2020","2020","0"
"env_wastrt_W121_total","A","Annual","T","Tonne","HAZ_NHAZ","Hazardous and non-hazardous - total","DSP_I","Disposal - incineration (D10)","W121","Mineral waste from construction and demolition","IS","Iceland","2022","2022","0"
"env_wastrt_W121_total","A","Annual","T","Tonne","HAZ_NHAZ","Hazardous and non-hazardous - total","DSP_I","Disposal - incineration (D10)","W121","Mineral waste from construction and demolition","NO","Norway","2010","2010","0"
"env_wastrt_W121_total","A","Annual","T","Tonne","HAZ_NHAZ","Hazardous and non-hazardous - total","DSP_I","Disposal - incineration (D10)","W121","Mineral waste from construction and demolition","NO","Norway","2012","2012","0"
"env_wastrt_W121_total","A","Annual","T","Tonne","HAZ_NHAZ","Hazardous and non-hazardous - total","DSP_I","Disposal - incineration (D10)","W121","Mineral waste from construction and demolition","NO","Norway","2014","2014","7638"
"env_wastrt_W121_total","A","Annual","T","Tonne","HAZ_NHAZ","Hazardous and non-hazardous - total","DSP_I","Disposal - incineration (D10)","W121","Mineral waste from construction and demolition","NO","Norway","2016","2016","7055"
"env_wastrt_W121_total","A","Annual","T","Tonne","HAZ_NHAZ","Hazardous and non-hazardous - total","DSP_I","Disposal - incineration (D10)","W121","Mineral waste from construction and demolition","NO","Norway","2018","2018","6772"
"env_wastrt_W121_total","A","Annual","T","Tonne","HAZ_NHAZ","Hazardous and non-hazardous - total","DSP_I","Disposal - incineration (D10)","W121","Mineral waste from construction and demolition","NO","Norway","2020","2020","3753"
"env_wastrt_W121_total","A","Annual","T","Tonne","HAZ_NHAZ","Hazardous and non-hazardous - total","DSP_I","Disposal - incineration (D10)","W121","Mineral waste from construction and demolition","NO","Norway","2022","2022","2783"
"env_wastrt_W121_total","A","Annual","T","Tonne","HAZ_NHAZ","Hazardous and non-hazardous - total","DSP_I","Disposal - incineration (D10)","W121","Mineral waste from construction and demolition","UK","United Kingdom","2010","2010","57"
"env_wastrt_W121_total","A","Annual","T","Tonne","HAZ_NHAZ","Hazardous and non-hazardous - total","DSP_I","Disposal - incineration (D10)","W121","Mineral waste from construction and demolition","UK","United Kingdom","2012","2012","0"
"env_wastrt_W121_total","A","Annual","T","Tonne","HAZ_NHAZ","Hazardous and non-hazardous - total","DSP_I","Disposal - incineration (D10)","W121","Mineral waste from construction and demolition","UK","United Kingdom","2014","2014","0"
"env_wastrt_W121_total","A","Annual","T","Tonne","HAZ_NHAZ","Hazardous and non-hazardous - total","DSP_I","Disposal - incineration (D10)","W121","Mineral waste from construction and demolition","UK","United Kingdom","2016","2016","0"
"env_wastrt_W121_total","A","Annual","T","Tonne","HAZ_NHAZ","Hazardous and non-hazardous - total","DSP_I","Disposal - incineration (D10)","W121","Mineral waste from construction and demolition","UK","United Kingdom","2018","2018","5081"
"env_wastrt_W121_total","A","Annual","T","Tonne","HAZ_NHAZ","Hazardous and non-hazardous - total","DSP_I","Disposal - incineration (D10)","W121","Mineral waste from construction and demolition","BA","Bosnia and Herzegovina","2022","2022","1"
"env_wastrt_W121_total","A","Annual","T","Tonne","HAZ_NHAZ","Hazardous and non-hazardous - total","DSP_I","Disposal - incineration (D10)","W121","Mineral waste from construction and demolition","ME","Montenegro","2012","2012","0"
"env_wastrt_W121_total","A","Annual","T","Tonne","HAZ_NHAZ","Hazardous and non-hazardous - total","DSP_I","Disposal - incineration (D10)","W121","Mineral waste from construction and demolition","ME","Montenegro","2014","2014","0"
"env_wastrt_W121_total","A","Annual","T","Tonne","HAZ_NHAZ","Hazardous and non-hazardous - total","DSP_I","Disposal - incineration (D10)","W121","Mineral waste from construction and demolition","ME","Montenegro","2016","2016","0"
"env_wastrt_W121_total","A","Annual","T","Tonne","HAZ_NHAZ","Hazardous and non-hazardous - total","DSP_I","Disposal - incineration (D10)","W121","Mineral waste from construction and demolition","ME","Montenegro","2018","2018","0"
"env_wastrt_W121_total","A","Annual","T","Tonne","HAZ_NHAZ","Hazardous and non-hazardous - total","DSP_I","Disposal - incineration (D10)","W121","Mineral waste from construction and demolition","ME","Montenegro","2020","2020","0"
"env_wastrt_W121_total","A","Annual","T","Tonne","HAZ_NHAZ","Hazardous and non-hazardous - total","DSP_I","Disposal - incineration (D10)","W121","Mineral waste from construction and demolition","ME","Montenegro","2022","2022","0"
"env_wastrt_W121_total","A","Annual","T","Tonne","HAZ_NHAZ","Hazardous and non-hazardous - total","DSP_I","Disposal - incineration (D10)","W121","Mineral waste from construction and demolition","MK","North Macedonia","2010","2010","0"
"env_wastrt_W121_total","A","Annual","T","Tonne","HAZ_NHAZ","Hazardous and non-hazardous - total","DSP_I","Disposal - incineration (D10)","W121","Mineral waste from construction and demolition","MK","North Macedonia","2012","2012","0"
"env_wastrt_W121_total","A","Annual","T","Tonne","HAZ_NHAZ","Hazardous and non-hazardous - total","DSP_I","Disposal - incineration (D10)","W121","Mineral waste from construction and demolition","MK","North Macedonia","2014","2014","0"
"env_wastrt_W121_total","A","Annual","T","Tonne","HAZ_NHAZ","Hazardous and non-hazardous - total","DSP_I","Disposal - incineration (D10)","W121","Mineral waste from construction and demolition","MK","North Macedonia","2018","2018","0"
"env_wastrt_W121_total","A","Annual","T","Tonne","HAZ_NHAZ","Hazardous and non-hazardous - total","DSP_I","Disposal - incineration (D10)","W121","Mineral waste from construction and demolition","MK","North Macedonia","2020","2020","0"
"env_wastrt_W121_total","A","Annual","T","Tonne","HAZ_NHAZ","Hazardous and non-hazardous - total","DSP_I","Disposal - incineration (D10)","W121","Mineral waste from construction and demolition","MK","North Macedonia","2022","2022","0"
"env_wastrt_W121_total","A","Annual","T","Tonne","HAZ_NHAZ","Hazardous and non-hazardous - total","DSP_I","Disposal - incineration (D10)","W121","Mineral waste from construction and demolition","AL","Albania","2014","2014","0"
"env_wastrt_W121_total","A","Annual","T","Tonne","HAZ_NHAZ","Hazardous and non-hazardous - total","DSP_I","Disposal - incineration (D10)","W121","Mineral waste from construction and demolition","RS","Serbia","2010","2010","0"
"env_wastrt_W121_total","A","Annual","T","Tonne","HAZ_NHAZ","Hazardous and non-hazardous - total","DSP_I","Disposal - incineration (D10)","W121","Mineral waste from construction and demolition","RS","Serbia","2012","2012","0"
"env_wastrt_W121_total","A","Annual","T","Tonne","HAZ_NHAZ","Hazardous and non-hazardous - total","DSP_I","Disposal - incineration (D10)","W121","Mineral waste from construction and demolition","RS","Serbia","2014","2014","0"
"env_wastrt_W121_total","A","Annual","T","Tonne","HAZ_NHAZ","Hazardous and non-hazardous - total","DSP_I","Disposal - incineration (D10)","W121","Mineral waste from construction and demolition","RS","Serbia","2016","2016","0"
"env_wastrt_W121_total","A","Annual","T","Tonne","HAZ_NHAZ","Hazardous and non-hazardous - total","DSP_I","Disposal - incineration (D10)","W121","Mineral waste from construction and demolition","RS","Serbia","2018","2018","0"
"env_wastrt_W121_total","A","Annual","T","Tonne","HAZ_NHAZ","Hazardous and non-hazardous - total","DSP_I","Disposal - incineration (D10)","W121","Mineral waste from construction and demolition","RS","Serbia","2020","2020","0"
"env_wastrt_W121_total","A","Annual","T","Tonne","HAZ_NHAZ","Hazardous and non-hazardous - total","DSP_I","Disposal - incineration (D10)","W121","Mineral waste from construction and demolition","RS","Serbia","2022","2022","0"
"env_wastrt_W121_total","A","Annual","T","Tonne","HAZ_NHAZ","Hazardous and non-hazardous - total","DSP_I","Disposal - incineration (D10)","W121","Mineral waste from construction and demolition","TR","Türkiye","2010","2010","2"
"env_wastrt_W121_total","A","Annual","T","Tonne","HAZ_NHAZ","Hazardous and non-hazardous - total","DSP_I","Disposal - incineration (D10)","W121","Mineral waste from construction and demolition","TR","Türkiye","2012","2012","91"
"env_wastrt_W121_total","A","Annual","T","Tonne","HAZ_NHAZ","Hazardous and non-hazardous - total","DSP_I","Disposal - incineration (D10)","W121","Mineral waste from construction and demolition","TR","Türkiye","2018","2018","491"
"env_wastrt_W121_total","A","Annual","T","Tonne","HAZ_NHAZ","Hazardous and non-hazardous - total","DSP_I","Disposal - incineration (D10)","W121","Mineral waste from construction and demolition","TR","Türkiye","2022","2022","978"
"env_wastrt_W121_total","A","Annual","T","Tonne","HAZ_NHAZ","Hazardous and non-hazardous - total","DSP_I","Disposal - incineration (D10)","W121","Mineral waste from construction and demolition","XK","Kosovo*","2016","2016","0"
"env_wastrt_W121_total","A","Annual","T","Tonne","HAZ_NHAZ","Hazardous and non-hazardous - total","DSP_I","Disposal - incineration (D10)","W121","Mineral waste from construction and demolition","XK","Kosovo*","2020","2020","5"
"env_wastrt_W121_total","A","Annual","T","Tonne","HAZ_NHAZ","Hazardous and non-hazardous - total","DSP_I","Disposal - incineration (D10)","W121","Mineral waste from construction and demolition","XK","Kosovo*","2022","2022","0"
"env_wastrt_W121_total","A","Annual","T","Tonne","HAZ_NHAZ","Hazardous and non-hazardous - total","DSP_OTH","Disposal - other (D2-D4, D6-D7)","W121","Mineral waste from construction and demolition","EU27_2020","European Union - 27 countries (from 2020)","2010","2010","10000"
"env_wastrt_W121_total","A","Annual","T","Tonne","HAZ_NHAZ","Hazardous and non-hazardous - total","DSP_OTH","Disposal - other (D2-D4, D6-D7)","W121","Mineral waste from construction and demolition","EU27_2020","European Union - 27 countries (from 2020)","2012","2012","200000"
"env_wastrt_W121_total","A","Annual","T","Tonne","HAZ_NHAZ","Hazardous and non-hazardous - total","DSP_OTH","Disposal - other (D2-D4, D6-D7)","W121","Mineral waste from construction and demolition","EU27_2020","European Union - 27 countries (from 2020)","2014","2014","40000"
"env_wastrt_W121_total","A","Annual","T","Tonne","HAZ_NHAZ","Hazardous and non-hazardous - total","DSP_OTH","Disposal - other (D2-D4, D6-D7)","W121","Mineral waste from construction and demolition","EU27_2020","European Union - 27 countries (from 2020)","2016","2016","10000"
"env_wastrt_W121_total","A","Annual","T","Tonne","HAZ_NHAZ","Hazardous and non-hazardous - total","DSP_OTH","Disposal - other (D2-D4, D6-D7)","W121","Mineral waste from construction and demolition","EU27_2020","European Union - 27 countries (from 2020)","2018","2018","10000"
"env_wastrt_W121_total","A","Annual","T","Tonne","HAZ_NHAZ","Hazardous and non-hazardous - total","DSP_OTH","Disposal - other (D2-D4, D6-D7)","W121","Mineral waste from construction and demolition","EU27_2020","European Union - 27 countries (from 2020)","2020","2020","0"
"env_wastrt_W121_total","A","Annual","T","Tonne","HAZ_NHAZ","Hazardous and non-hazardous - total","DSP_OTH","Disposal - other (D2-D4, D6-D7)","W121","Mineral waste from construction and demolition","EU27_2020","European Union - 27 countries (from 2020)","2022","2022","10000"
"env_wastrt_W121_total","A","Annual","T","Tonne","HAZ_NHAZ","Hazardous and non-hazardous - total","DSP_OTH","Disposal - other (D2-D4, D6-D7)","W121","Mineral waste from construction and demolition","EU28","European Union - 28 countries (2013-2020)","2010","2010","10000"
"env_wastrt_W121_total","A","Annual","T","Tonne","HAZ_NHAZ","Hazardous and non-hazardous - total","DSP_OTH","Disposal - other (D2-D4, D6-D7)","W121","Mineral waste from construction and demolition","EU28","European Union - 28 countries (2013-2020)","2012","2012","200000"
"env_wastrt_W121_total","A","Annual","T","Tonne","HAZ_NHAZ","Hazardous and non-hazardous - total","DSP_OTH","Disposal - other (D2-D4, D6-D7)","W121","Mineral waste from construction and demolition","EU28","European Union - 28 countries (2013-2020)","2014","2014","40000"
"env_wastrt_W121_total","A","Annual","T","Tonne","HAZ_NHAZ","Hazardous and non-hazardous - total","DSP_OTH","Disposal - other (D2-D4, D6-D7)","W121","Mineral waste from construction and demolition","EU28","European Union - 28 countries (2013-2020)","2016","2016","10000"
"env_wastrt_W121_total","A","Annual","T","Tonne","HAZ_NHAZ","Hazardous and non-hazardous - total","DSP_OTH","Disposal - other (D2-D4, D6-D7)","W121","Mineral waste from construction and demolition","EU28","European Union - 28 countries (2013-2020)","2018","2018","10000"
"env_wastrt_W121_total","A","Annual","T","Tonne","HAZ_NHAZ","Hazardous and non-hazardous - total","DSP_OTH","Disposal - other (D2-D4, D6-D7)","W121","Mineral waste from construction and demolition","BE","Belgium","2010","2010","0"
"env_wastrt_W121_total","A","Annual","T","Tonne","HAZ_NHAZ","Hazardous and non-hazardous - total","DSP_OTH","Disposal - other (D2-D4, D6-D7)","W121","Mineral waste from construction and demolition","BE","Belgium","2012","2012","0"
"env_wastrt_W121_total","A","Annual","T","Tonne","HAZ_NHAZ","Hazardous and non-hazardous - total","DSP_OTH","Disposal - other (D2-D4, D6-D7)","W121","Mineral waste from construction and demolition","BE","Belgium","2014","2014","0"
"env_wastrt_W121_total","A","Annual","T","Tonne","HAZ_NHAZ","Hazardous and non-hazardous - total","DSP_OTH","Disposal - other (D2-D4, D6-D7)","W121","Mineral waste from construction and demolition","BE","Belgium","2016","2016","0"
"env_wastrt_W121_total","A","Annual","T","Tonne","HAZ_NHAZ","Hazardous and non-hazardous - total","DSP_OTH","Disposal - other (D2-D4, D6-D7)","W121","Mineral waste from construction and demolition","BE","Belgium","2018","2018","0"
"env_wastrt_W121_total","A","Annual","T","Tonne","HAZ_NHAZ","Hazardous and non-hazardous - total","DSP_OTH","Disposal - other (D2-D4, D6-D7)","W121","Mineral waste from construction and demolition","BE","Belgium","2020","2020","0"
"env_wastrt_W121_total","A","Annual","T","Tonne","HAZ_NHAZ","Hazardous and non-hazardous - total","DSP_OTH","Disposal - other (D2-D4, D6-D7)","W121","Mineral waste from construction and demolition","BE","Belgium","2022","2022","0"
"env_wastrt_W121_total","A","Annual","T","Tonne","HAZ_NHAZ","Hazardous and non-hazardous - total","DSP_OTH","Disposal - other (D2-D4, D6-D7)","W121","Mineral waste from construction and demolition","BG","Bulgaria","2010","2010","17"
"env_wastrt_W121_total","A","Annual","T","Tonne","HAZ_NHAZ","Hazardous and non-hazardous - total","DSP_OTH","Disposal - other (D2-D4, D6-D7)","W121","Mineral waste from construction and demolition","BG","Bulgaria","2012","2012","0"
"env_wastrt_W121_total","A","Annual","T","Tonne","HAZ_NHAZ","Hazardous and non-hazardous - total","DSP_OTH","Disposal - other (D2-D4, D6-D7)","W121","Mineral waste from construction and demolition","BG","Bulgaria","2014","2014","0"
"env_wastrt_W121_total","A","Annual","T","Tonne","HAZ_NHAZ","Hazardous and non-hazardous - total","DSP_OTH","Disposal - other (D2-D4, D6-D7)","W121","Mineral waste from construction and demolition","BG","Bulgaria","2016","2016","0"
"env_wastrt_W121_total","A","Annual","T","Tonne","HAZ_NHAZ","Hazardous and non-hazardous - total","DSP_OTH","Disposal - other (D2-D4, D6-D7)","W121","Mineral waste from construction and demolition","BG","Bulgaria","2018","2018","6"
"env_wastrt_W121_total","A","Annual","T","Tonne","HAZ_NHAZ","Hazardous and non-hazardous - total","DSP_OTH","Disposal - other (D2-D4, D6-D7)","W121","Mineral waste from construction and demolition","BG","Bulgaria","2020","2020","0"
"env_wastrt_W121_total","A","Annual","T","Tonne","HAZ_NHAZ","Hazardous and non-hazardous - total","DSP_OTH","Disposal - other (D2-D4, D6-D7)","W121","Mineral waste from construction and demolition","BG","Bulgaria","2022","2022","0"
"env_wastrt_W121_total","A","Annual","T","Tonne","HAZ_NHAZ","Hazardous and non-hazardous - total","DSP_OTH","Disposal - other (D2-D4, D6-D7)","W121","Mineral waste from construction and demolition","CZ","Czechia","2010","2010","0"
"env_wastrt_W121_total","A","Annual","T","Tonne","HAZ_NHAZ","Hazardous and non-hazardous - total","DSP_OTH","Disposal - other (D2-D4, D6-D7)","W121","Mineral waste from construction and demolition","CZ","Czechia","2012","2012","466"
"env_wastrt_W121_total","A","Annual","T","Tonne","HAZ_NHAZ","Hazardous and non-hazardous - total","DSP_OTH","Disposal - other (D2-D4, D6-D7)","W121","Mineral waste from construction and demolition","CZ","Czechia","2014","2014","0"
"env_wastrt_W121_total","A","Annual","T","Tonne","HAZ_NHAZ","Hazardous and non-hazardous - total","DSP_OTH","Disposal - other (D2-D4, D6-D7)","W121","Mineral waste from construction and demolition","CZ","Czechia","2016","2016","0"
"env_wastrt_W121_total","A","Annual","T","Tonne","HAZ_NHAZ","Hazardous and non-hazardous - total","DSP_OTH","Disposal - other (D2-D4, D6-D7)","W121","Mineral waste from construction and demolition","CZ","Czechia","2018","2018","0"
"env_wastrt_W121_total","A","Annual","T","Tonne","HAZ_NHAZ","Hazardous and non-hazardous - total","DSP_OTH","Disposal - other (D2-D4, D6-D7)","W121","Mineral waste from construction and demolition","CZ","Czechia","2020","2020","0"
"env_wastrt_W121_total","A","Annual","T","Tonne","HAZ_NHAZ","Hazardous and non-hazardous - total","DSP_OTH","Disposal - other (D2-D4, D6-D7)","W121","Mineral waste from construction and demolition","CZ","Czechia","2022","2022","0"
"env_wastrt_W121_total","A","Annual","T","Tonne","HAZ_NHAZ","Hazardous and non-hazardous - total","DSP_OTH","Disposal - other (D2-D4, D6-D7)","W121","Mineral waste from construction and demolition","DK","Denmark","2010","2010","0"
"env_wastrt_W121_total","A","Annual","T","Tonne","HAZ_NHAZ","Hazardous and non-hazardous - total","DSP_OTH","Disposal - other (D2-D4, D6-D7)","W121","Mineral waste from construction and demolition","DK","Denmark","2012","2012","0"
"env_wastrt_W121_total","A","Annual","T","Tonne","HAZ_NHAZ","Hazardous and non-hazardous - total","DSP_OTH","Disposal - other (D2-D4, D6-D7)","W121","Mineral waste from construction and demolition","DK","Denmark","2014","2014","0"
"env_wastrt_W121_total","A","Annual","T","Tonne","HAZ_NHAZ","Hazardous and non-hazardous - total","DSP_OTH","Disposal - other (D2-D4, D6-D7)","W121","Mineral waste from construction and demolition","DK","Denmark","2016","2016","0"
"env_wastrt_W121_total","A","Annual","T","Tonne","HAZ_NHAZ","Hazardous and non-hazardous - total","DSP_OTH","Disposal - other (D2-D4, D6-D7)","W121","Mineral waste from construction and demolition","DK","Denmark","2018","2018","81"
"env_wastrt_W121_total","A","Annual","T","Tonne","HAZ_NHAZ","Hazardous and non-hazardous - total","DSP_OTH","Disposal - other (D2-D4, D6-D7)","W121","Mineral waste from construction and demolition","DK","Denmark","2020","2020","0"
"env_wastrt_W121_total","A","Annual","T","Tonne","HAZ_NHAZ","Hazardous and non-hazardous - total","DSP_OTH","Disposal - other (D2-D4, D6-D7)","W121","Mineral waste from construction and demolition","DK","Denmark","2022","2022","0"
"env_wastrt_W121_total","A","Annual","T","Tonne","HAZ_NHAZ","Hazardous and non-hazardous - total","DSP_OTH","Disposal - other (D2-D4, D6-D7)","W121","Mineral waste from construction and demolition","DE","Germany","2010","2010","4792"
"env_wastrt_W121_total","A","Annual","T","Tonne","HAZ_NHAZ","Hazardous and non-hazardous - total","DSP_OTH","Disposal - other (D2-D4, D6-D7)","W121","Mineral waste from construction and demolition","DE","Germany","2012","2012","4015"
"env_wastrt_W121_total","A","Annual","T","Tonne","HAZ_NHAZ","Hazardous and non-hazardous - total","DSP_OTH","Disposal - other (D2-D4, D6-D7)","W121","Mineral waste from construction and demolition","DE","Germany","2014","2014","28825"
"env_wastrt_W121_total","A","Annual","T","Tonne","HAZ_NHAZ","Hazardous and non-hazardous - total","DSP_OTH","Disposal - other (D2-D4, D6-D7)","W121","Mineral waste from construction and demolition","DE","Germany","2016","2016","6611"
"env_wastrt_W121_total","A","Annual","T","Tonne","HAZ_NHAZ","Hazardous and non-hazardous - total","DSP_OTH","Disposal - other (D2-D4, D6-D7)","W121","Mineral waste from construction and demolition","DE","Germany","2020","2020","2242"
"env_wastrt_W121_total","A","Annual","T","Tonne","HAZ_NHAZ","Hazardous and non-hazardous - total","DSP_OTH","Disposal - other (D2-D4, D6-D7)","W121","Mineral waste from construction and demolition","DE","Germany","2022","2022","5263"
"env_wastrt_W121_total","A","Annual","T","Tonne","HAZ_NHAZ","Hazardous and non-hazardous - total","DSP_OTH","Disposal - other (D2-D4, D6-D7)","W121","Mineral waste from construction and demolition","EE","Estonia","2010","2010","0"
"env_wastrt_W121_total","A","Annual","T","Tonne","HAZ_NHAZ","Hazardous and non-hazardous - total","DSP_OTH","Disposal - other (D2-D4, D6-D7)","W121","Mineral waste from construction and demolition","EE","Estonia","2012","2012","0"
"env_wastrt_W121_total","A","Annual","T","Tonne","HAZ_NHAZ","Hazardous and non-hazardous - total","DSP_OTH","Disposal - other (D2-D4, D6-D7)","W121","Mineral waste from construction and demolition","EE","Estonia","2014","2014","0"
"env_wastrt_W121_total","A","Annual","T","Tonne","HAZ_NHAZ","Hazardous and non-hazardous - total","DSP_OTH","Disposal - other (D2-D4, D6-D7)","W121","Mineral waste from construction and demolition","EE","Estonia","2016","2016","0"
"env_wastrt_W121_total","A","Annual","T","Tonne","HAZ_NHAZ","Hazardous and non-hazardous - total","DSP_OTH","Disposal - other (D2-D4, D6-D7)","W121","Mineral waste from construction and demolition","EE","Estonia","2018","2018","0"
"env_wastrt_W121_total","A","Annual","T","Tonne","HAZ_NHAZ","Hazardous and non-hazardous - total","DSP_OTH","Disposal - other (D2-D4, D6-D7)","W121","Mineral waste from construction and demolition","EE","Estonia","2020","2020","0"
"env_wastrt_W121_total","A","Annual","T","Tonne","HAZ_NHAZ","Hazardous and non-hazardous - total","DSP_OTH","Disposal - other (D2-D4, D6-D7)","W121","Mineral waste from construction and demolition","EE","Estonia","2022","2022","0"
"env_wastrt_W121_total","A","Annual","T","Tonne","HAZ_NHAZ","Hazardous and non-hazardous - total","DSP_OTH","Disposal - other (D2-D4, D6-D7)","W121","Mineral waste from construction and demolition","IE","Ireland","2010","2010","0"
"env_wastrt_W121_total","A","Annual","T","Tonne","HAZ_NHAZ","Hazardous and non-hazardous - total","DSP_OTH","Disposal - other (D2-D4, D6-D7)","W121","Mineral waste from construction and demolition","IE","Ireland","2012","2012","0"
"env_wastrt_W121_total","A","Annual","T","Tonne","HAZ_NHAZ","Hazardous and non-hazardous - total","DSP_OTH","Disposal - other (D2-D4, D6-D7)","W121","Mineral waste from construction and demolition","IE","Ireland","2014","2014","0"
"env_wastrt_W121_total","A","Annual","T","Tonne","HAZ_NHAZ","Hazardous and non-hazardous - total","DSP_OTH","Disposal - other (D2-D4, D6-D7)","W121","Mineral waste from construction and demolition","IE","Ireland","2016","2016","0"
"env_wastrt_W121_total","A","Annual","T","Tonne","HAZ_NHAZ","Hazardous and non-hazardous - total","DSP_OTH","Disposal - other (D2-D4, D6-D7)","W121","Mineral waste from construction and demolition","IE","Ireland","2018","2018","0"
"env_wastrt_W121_total","A","Annual","T","Tonne","HAZ_NHAZ","Hazardous and non-hazardous - total","DSP_OTH","Disposal - other (D2-D4, D6-D7)","W121","Mineral waste from construction and demolition","IE","Ireland","2020","2020","0"
"env_wastrt_W121_total","A","Annual","T","Tonne","HAZ_NHAZ","Hazardous and non-hazardous - total","DSP_OTH","Disposal - other (D2-D4, D6-D7)","W121","Mineral waste from construction and demolition","IE","Ireland","2022","2022","0"
"env_wastrt_W121_total","A","Annual","T","Tonne","HAZ_NHAZ","Hazardous and non-hazardous - total","DSP_OTH","Disposal - other (D2-D4, D6-D7)","W121","Mineral waste from construction and demolition","EL","Greece","2010","2010","0"
"env_wastrt_W121_total","A","Annual","T","Tonne","HAZ_NHAZ","Hazardous and non-hazardous - total","DSP_OTH","Disposal - other (D2-D4, D6-D7)","W121","Mineral waste from construction and demolition","EL","Greece","2012","2012","0"
"env_wastrt_W121_total","A","Annual","T","Tonne","HAZ_NHAZ","Hazardous and non-hazardous - total","DSP_OTH","Disposal - other (D2-D4, D6-D7)","W121","Mineral waste from construction and demolition","EL","Greece","2014","2014","0"
"env_wastrt_W121_total","A","Annual","T","Tonne","HAZ_NHAZ","Hazardous and non-hazardous - total","DSP_OTH","Disposal - other (D2-D4, D6-D7)","W121","Mineral waste from construction and demolition","EL","Greece","2016","2016","0"
"env_wastrt_W121_total","A","Annual","T","Tonne","HAZ_NHAZ","Hazardous and non-hazardous - total","DSP_OTH","Disposal - other (D2-D4, D6-D7)","W121","Mineral waste from construction and demolition","EL","Greece","2018","2018","0"
"env_wastrt_W121_total","A","Annual","T","Tonne","HAZ_NHAZ","Hazardous and non-hazardous - total","DSP_OTH","Disposal - other (D2-D4, D6-D7)","W121","Mineral waste from construction and demolition","EL","Greece","2020","2020","0"
"env_wastrt_W121_total","A","Annual","T","Tonne","HAZ_NHAZ","Hazardous and non-hazardous - total","DSP_OTH","Disposal - other (D2-D4, D6-D7)","W121","Mineral waste from construction and demolition","EL","Greece","2022","2022","0"
"env_wastrt_W121_total","A","Annual","T","Tonne","HAZ_NHAZ","Hazardous and non-hazardous - total","DSP_OTH","Disposal - other (D2-D4, D6-D7)","W121","Mineral waste from construction and demolition","ES","Spain","2010","2010","0"
"env_wastrt_W121_total","A","Annual","T","Tonne","HAZ_NHAZ","Hazardous and non-hazardous - total","DSP_OTH","Disposal - other (D2-D4, D6-D7)","W121","Mineral waste from construction and demolition","ES","Spain","2012","2012","200028"
"env_wastrt_W121_total","A","Annual","T","Tonne","HAZ_NHAZ","Hazardous and non-hazardous - total","DSP_OTH","Disposal - other (D2-D4, D6-D7)","W121","Mineral waste from construction and demolition","ES","Spain","2014","2014","0"
"env_wastrt_W121_total","A","Annual","T","Tonne","HAZ_NHAZ","Hazardous and non-hazardous - total","DSP_OTH","Disposal - other (D2-D4, D6-D7)","W121","Mineral waste from construction and demolition","ES","Spain","2016","2016","0"
"env_wastrt_W121_total","A","Annual","T","Tonne","HAZ_NHAZ","Hazardous and non-hazardous - total","DSP_OTH","Disposal - other (D2-D4, D6-D7)","W121","Mineral waste from construction and demolition","ES","Spain","2018","2018","0"
"env_wastrt_W121_total","A","Annual","T","Tonne","HAZ_NHAZ","Hazardous and non-hazardous - total","DSP_OTH","Disposal - other (D2-D4, D6-D7)","W121","Mineral waste from construction and demolition","ES","Spain","2020","2020","0"
"env_wastrt_W121_total","A","Annual","T","Tonne","HAZ_NHAZ","Hazardous and non-hazardous - total","DSP_OTH","Disposal - other (D2-D4, D6-D7)","W121","Mineral waste from construction and demolition","ES","Spain","2022","2022","0"
"env_wastrt_W121_total","A","Annual","T","Tonne","HAZ_NHAZ","Hazardous and non-hazardous - total","DSP_OTH","Disposal - other (D2-D4, D6-D7)","W121","Mineral waste from construction and demolition","FR","France","2010","2010","0"
"env_wastrt_W121_total","A","Annual","T","Tonne","HAZ_NHAZ","Hazardous and non-hazardous - total","DSP_OTH","Disposal - other (D2-D4, D6-D7)","W121","Mineral waste from construction and demolition","FR","France","2012","2012","0"
"env_wastrt_W121_total","A","Annual","T","Tonne","HAZ_NHAZ","Hazardous and non-hazardous - total","DSP_OTH","Disposal - other (D2-D4, D6-D7)","W121","Mineral waste from construction and demolition","FR","France","2014","2014","0"
"env_wastrt_W121_total","A","Annual","T","Tonne","HAZ_NHAZ","Hazardous and non-hazardous - total","DSP_OTH","Disposal - other (D2-D4, D6-D7)","W121","Mineral waste from construction and demolition","FR","France","2016","2016","0"
"env_wastrt_W121_total","A","Annual","T","Tonne","HAZ_NHAZ","Hazardous and non-hazardous - total","DSP_OTH","Disposal - other (D2-D4, D6-D7)","W121","Mineral waste from construction and demolition","FR","France","2018","2018","0"
"env_wastrt_W121_total","A","Annual","T","Tonne","HAZ_NHAZ","Hazardous and non-hazardous - total","DSP_OTH","Disposal - other (D2-D4, D6-D7)","W121","Mineral waste from construction and demolition","FR","France","2020","2020","0"
"env_wastrt_W121_total","A","Annual","T","Tonne","HAZ_NHAZ","Hazardous and non-hazardous - total","DSP_OTH","Disposal - other (D2-D4, D6-D7)","W121","Mineral waste from construction and demolition","FR","France","2022","2022","0"
"env_wastrt_W121_total","A","Annual","T","Tonne","HAZ_NHAZ","Hazardous and non-hazardous - total","DSP_OTH","Disposal - other (D2-D4, D6-D7)","W121","Mineral waste from construction and demolition","HR","Croatia","2010","2010","0"
"env_wastrt_W121_total","A","Annual","T","Tonne","HAZ_NHAZ","Hazardous and non-hazardous - total","DSP_OTH","Disposal - other (D2-D4, D6-D7)","W121","Mineral waste from construction and demolition","HR","Croatia","2012","2012","0"
"env_wastrt_W121_total","A","Annual","T","Tonne","HAZ_NHAZ","Hazardous and non-hazardous - total","DSP_OTH","Disposal - other (D2-D4, D6-D7)","W121","Mineral waste from construction and demolition","HR","Croatia","2014","2014","0"
"env_wastrt_W121_total","A","Annual","T","Tonne","HAZ_NHAZ","Hazardous and non-hazardous - total","DSP_OTH","Disposal - other (D2-D4, D6-D7)","W121","Mineral waste from construction and demolition","HR","Croatia","2016","2016","0"
"env_wastrt_W121_total","A","Annual","T","Tonne","HAZ_NHAZ","Hazardous and non-hazardous - total","DSP_OTH","Disposal - other (D2-D4, D6-D7)","W121","Mineral waste from construction and demolition","HR","Croatia","2018","2018","0"
"env_wastrt_W121_total","A","Annual","T","Tonne","HAZ_NHAZ","Hazardous and non-hazardous - total","DSP_OTH","Disposal - other (D2-D4, D6-D7)","W121","Mineral waste from construction and demolition","HR","Croatia","2020","2020","0"
"env_wastrt_W121_total","A","Annual","T","Tonne","HAZ_NHAZ","Hazardous and non-hazardous - total","DSP_OTH","Disposal - other (D2-D4, D6-D7)","W121","Mineral waste from construction and demolition","HR","Croatia","2022","2022","0"
"env_wastrt_W121_total","A","Annual","T","Tonne","HAZ_NHAZ","Hazardous and non-hazardous - total","DSP_OTH","Disposal - other (D2-D4, D6-D7)","W121","Mineral waste from construction and demolition","IT","Italy","2010","2010","0"
"env_wastrt_W121_total","A","Annual","T","Tonne","HAZ_NHAZ","Hazardous and non-hazardous - total","DSP_OTH","Disposal - other (D2-D4, D6-D7)","W121","Mineral waste from construction and demolition","IT","Italy","2012","2012","375"
"env_wastrt_W121_total","A","Annual","T","Tonne","HAZ_NHAZ","Hazardous and non-hazardous - total","DSP_OTH","Disposal - other (D2-D4, D6-D7)","W121","Mineral waste from construction and demolition","IT","Italy","2014","2014","0"
"env_wastrt_W121_total","A","Annual","T","Tonne","HAZ_NHAZ","Hazardous and non-hazardous - total","DSP_OTH","Disposal - other (D2-D4, D6-D7)","W121","Mineral waste from construction and demolition","IT","Italy","2016","2016","0"
"env_wastrt_W121_total","A","Annual","T","Tonne","HAZ_NHAZ","Hazardous and non-hazardous - total","DSP_OTH","Disposal - other (D2-D4, D6-D7)","W121","Mineral waste from construction and demolition","IT","Italy","2018","2018","0"
"env_wastrt_W121_total","A","Annual","T","Tonne","HAZ_NHAZ","Hazardous and non-hazardous - total","DSP_OTH","Disposal - other (D2-D4, D6-D7)","W121","Mineral waste from construction and demolition","IT","Italy","2020","2020","0"
"env_wastrt_W121_total","A","Annual","T","Tonne","HAZ_NHAZ","Hazardous and non-hazardous - total","DSP_OTH","Disposal - other (D2-D4, D6-D7)","W121","Mineral waste from construction and demolition","IT","Italy","2022","2022","0"
"env_wastrt_W121_total","A","Annual","T","Tonne","HAZ_NHAZ","Hazardous and non-hazardous - total","DSP_OTH","Disposal - other (D2-D4, D6-D7)","W121","Mineral waste from construction and demolition","CY","Cyprus","2010","2010","0"
"env_wastrt_W121_total","A","Annual","T","Tonne","HAZ_NHAZ","Hazardous and non-hazardous - total","DSP_OTH","Disposal - other (D2-D4, D6-D7)","W121","Mineral waste from construction and demolition","CY","Cyprus","2012","2012","0"
"env_wastrt_W121_total","A","Annual","T","Tonne","HAZ_NHAZ","Hazardous and non-hazardous - total","DSP_OTH","Disposal - other (D2-D4, D6-D7)","W121","Mineral waste from construction and demolition","CY","Cyprus","2014","2014","0"
"env_wastrt_W121_total","A","Annual","T","Tonne","HAZ_NHAZ","Hazardous and non-hazardous - total","DSP_OTH","Disposal - other (D2-D4, D6-D7)","W121","Mineral waste from construction and demolition","CY","Cyprus","2016","2016","0"
"env_wastrt_W121_total","A","Annual","T","Tonne","HAZ_NHAZ","Hazardous and non-hazardous - total","DSP_OTH","Disposal - other (D2-D4, D6-D7)","W121","Mineral waste from construction and demolition","CY","Cyprus","2018","2018","0"
"env_wastrt_W121_total","A","Annual","T","Tonne","HAZ_NHAZ","Hazardous and non-hazardous - total","DSP_OTH","Disposal - other (D2-D4, D6-D7)","W121","Mineral waste from construction and demolition","CY","Cyprus","2020","2020","0"
"env_wastrt_W121_total","A","Annual","T","Tonne","HAZ_NHAZ","Hazardous and non-hazardous - total","DSP_OTH","Disposal - other (D2-D4, D6-D7)","W121","Mineral waste from construction and demolition","CY","Cyprus","2022","2022","0"
"env_wastrt_W121_total","A","Annual","T","Tonne","HAZ_NHAZ","Hazardous and non-hazardous - total","DSP_OTH","Disposal - other (D2-D4, D6-D7)","W121","Mineral waste from construction and demolition","LV","Latvia","2010","2010","0"
"env_wastrt_W121_total","A","Annual","T","Tonne","HAZ_NHAZ","Hazardous and non-hazardous - total","DSP_OTH","Disposal - other (D2-D4, D6-D7)","W121","Mineral waste from construction and demolition","LV","Latvia","2012","2012","0"
"env_wastrt_W121_total","A","Annual","T","Tonne","HAZ_NHAZ","Hazardous and non-hazardous - total","DSP_OTH","Disposal - other (D2-D4, D6-D7)","W121","Mineral waste from construction and demolition","LV","Latvia","2014","2014","0"
"env_wastrt_W121_total","A","Annual","T","Tonne","HAZ_NHAZ","Hazardous and non-hazardous - total","DSP_OTH","Disposal - other (D2-D4, D6-D7)","W121","Mineral waste from construction and demolition","LV","Latvia","2016","2016","0"
"env_wastrt_W121_total","A","Annual","T","Tonne","HAZ_NHAZ","Hazardous and non-hazardous - total","DSP_OTH","Disposal - other (D2-D4, D6-D7)","W121","Mineral waste from construction and demolition","LV","Latvia","2018","2018","0"
"env_wastrt_W121_total","A","Annual","T","Tonne","HAZ_NHAZ","Hazardous and non-hazardous - total","DSP_OTH","Disposal - other (D2-D4, D6-D7)","W121","Mineral waste from construction and demolition","LV","Latvia","2020","2020","0"
"env_wastrt_W121_total","A","Annual","T","Tonne","HAZ_NHAZ","Hazardous and non-hazardous - total","DSP_OTH","Disposal - other (D2-D4, D6-D7)","W121","Mineral waste from construction and demolition","LV","Latvia","2022","2022","0"
"env_wastrt_W121_total","A","Annual","T","Tonne","HAZ_NHAZ","Hazardous and non-hazardous - total","DSP_OTH","Disposal - other (D2-D4, D6-D7)","W121","Mineral waste from construction and demolition","LT","Lithuania","2010","2010","0"
"env_wastrt_W121_total","A","Annual","T","Tonne","HAZ_NHAZ","Hazardous and non-hazardous - total","DSP_OTH","Disposal - other (D2-D4, D6-D7)","W121","Mineral waste from construction and demolition","LT","Lithuania","2012","2012","0"
"env_wastrt_W121_total","A","Annual","T","Tonne","HAZ_NHAZ","Hazardous and non-hazardous - total","DSP_OTH","Disposal - other (D2-D4, D6-D7)","W121","Mineral waste from construction and demolition","LT","Lithuania","2014","2014","0"
"env_wastrt_W121_total","A","Annual","T","Tonne","HAZ_NHAZ","Hazardous and non-hazardous - total","DSP_OTH","Disposal - other (D2-D4, D6-D7)","W121","Mineral waste from construction and demolition","LT","Lithuania","2016","2016","0"
"env_wastrt_W121_total","A","Annual","T","Tonne","HAZ_NHAZ","Hazardous and non-hazardous - total","DSP_OTH","Disposal - other (D2-D4, D6-D7)","W121","Mineral waste from construction and demolition","LT","Lithuania","2018","2018","0"
"env_wastrt_W121_total","A","Annual","T","Tonne","HAZ_NHAZ","Hazardous and non-hazardous - total","DSP_OTH","Disposal - other (D2-D4, D6-D7)","W121","Mineral waste from construction and demolition","LT","Lithuania","2020","2020","0"
"env_wastrt_W121_total","A","Annual","T","Tonne","HAZ_NHAZ","Hazardous and non-hazardous - total","DSP_OTH","Disposal - other (D2-D4, D6-D7)","W121","Mineral waste from construction and demolition","LT","Lithuania","2022","2022","0"
"env_wastrt_W121_total","A","Annual","T","Tonne","HAZ_NHAZ","Hazardous and non-hazardous - total","DSP_OTH","Disposal - other (D2-D4, D6-D7)","W121","Mineral waste from construction and demolition","LU","Luxembourg","2010","2010","0"
"env_wastrt_W121_total","A","Annual","T","Tonne","HAZ_NHAZ","Hazardous and non-hazardous - total","DSP_OTH","Disposal - other (D2-D4, D6-D7)","W121","Mineral waste from construction and demolition","LU","Luxembourg","2012","2012","0"
"env_wastrt_W121_total","A","Annual","T","Tonne","HAZ_NHAZ","Hazardous and non-hazardous - total","DSP_OTH","Disposal - other (D2-D4, D6-D7)","W121","Mineral waste from construction and demolition","LU","Luxembourg","2014","2014","0"
"env_wastrt_W121_total","A","Annual","T","Tonne","HAZ_NHAZ","Hazardous and non-hazardous - total","DSP_OTH","Disposal - other (D2-D4, D6-D7)","W121","Mineral waste from construction and demolition","LU","Luxembourg","2016","2016","0"
"env_wastrt_W121_total","A","Annual","T","Tonne","HAZ_NHAZ","Hazardous and non-hazardous - total","DSP_OTH","Disposal - other (D2-D4, D6-D7)","W121","Mineral waste from construction and demolition","LU","Luxembourg","2018","2018","0"
"env_wastrt_W121_total","A","Annual","T","Tonne","HAZ_NHAZ","Hazardous and non-hazardous - total","DSP_OTH","Disposal - other (D2-D4, D6-D7)","W121","Mineral waste from construction and demolition","LU","Luxembourg","2020","2020","0"
"env_wastrt_W121_total","A","Annual","T","Tonne","HAZ_NHAZ","Hazardous and non-hazardous - total","DSP_OTH","Disposal - other (D2-D4, D6-D7)","W121","Mineral waste from construction and demolition","LU","Luxembourg","2022","2022","0"
"env_wastrt_W121_total","A","Annual","T","Tonne","HAZ_NHAZ","Hazardous and non-hazardous - total","DSP_OTH","Disposal - other (D2-D4, D6-D7)","W121","Mineral waste from construction and demolition","HU","Hungary","2010","2010","0"
"env_wastrt_W121_total","A","Annual","T","Tonne","HAZ_NHAZ","Hazardous and non-hazardous - total","DSP_OTH","Disposal - other (D2-D4, D6-D7)","W121","Mineral waste from construction and demolition","HU","Hungary","2012","2012","0"
"env_wastrt_W121_total","A","Annual","T","Tonne","HAZ_NHAZ","Hazardous and non-hazardous - total","DSP_OTH","Disposal - other (D2-D4, D6-D7)","W121","Mineral waste from construction and demolition","HU","Hungary","2014","2014","0"
"env_wastrt_W121_total","A","Annual","T","Tonne","HAZ_NHAZ","Hazardous and non-hazardous - total","DSP_OTH","Disposal - other (D2-D4, D6-D7)","W121","Mineral waste from construction and demolition","HU","Hungary","2016","2016","0"
"env_wastrt_W121_total","A","Annual","T","Tonne","HAZ_NHAZ","Hazardous and non-hazardous - total","DSP_OTH","Disposal - other (D2-D4, D6-D7)","W121","Mineral waste from construction and demolition","HU","Hungary","2018","2018","0"
"env_wastrt_W121_total","A","Annual","T","Tonne","HAZ_NHAZ","Hazardous and non-hazardous - total","DSP_OTH","Disposal - other (D2-D4, D6-D7)","W121","Mineral waste from construction and demolition","HU","Hungary","2020","2020","0"
"env_wastrt_W121_total","A","Annual","T","Tonne","HAZ_NHAZ","Hazardous and non-hazardous - total","DSP_OTH","Disposal - other (D2-D4, D6-D7)","W121","Mineral waste from construction and demolition","HU","Hungary","2022","2022","0"
"env_wastrt_W121_total","A","Annual","T","Tonne","HAZ_NHAZ","Hazardous and non-hazardous - total","DSP_OTH","Disposal - other (D2-D4, D6-D7)","W121","Mineral waste from construction and demolition","MT","Malta","2010","2010","0"
"env_wastrt_W121_total","A","Annual","T","Tonne","HAZ_NHAZ","Hazardous and non-hazardous - total","DSP_OTH","Disposal - other (D2-D4, D6-D7)","W121","Mineral waste from construction and demolition","MT","Malta","2012","2012","0"
"env_wastrt_W121_total","A","Annual","T","Tonne","HAZ_NHAZ","Hazardous and non-hazardous - total","DSP_OTH","Disposal - other (D2-D4, D6-D7)","W121","Mineral waste from construction and demolition","MT","Malta","2014","2014","0"
"env_wastrt_W121_total","A","Annual","T","Tonne","HAZ_NHAZ","Hazardous and non-hazardous - total","DSP_OTH","Disposal - other (D2-D4, D6-D7)","W121","Mineral waste from construction and demolition","MT","Malta","2016","2016","0"
"env_wastrt_W121_total","A","Annual","T","Tonne","HAZ_NHAZ","Hazardous and non-hazardous - total","DSP_OTH","Disposal - other (D2-D4, D6-D7)","W121","Mineral waste from construction and demolition","MT","Malta","2018","2018","0"
"env_wastrt_W121_total","A","Annual","T","Tonne","HAZ_NHAZ","Hazardous and non-hazardous - total","DSP_OTH","Disposal - other (D2-D4, D6-D7)","W121","Mineral waste from construction and demolition","MT","Malta","2020","2020","0"
"env_wastrt_W121_total","A","Annual","T","Tonne","HAZ_NHAZ","Hazardous and non-hazardous - total","DSP_OTH","Disposal - other (D2-D4, D6-D7)","W121","Mineral waste from construction and demolition","MT","Malta","2022","2022","0"
"env_wastrt_W121_total","A","Annual","T","Tonne","HAZ_NHAZ","Hazardous and non-hazardous - total","DSP_OTH","Disposal - other (D2-D4, D6-D7)","W121","Mineral waste from construction and demolition","NL","Netherlands","2010","2010","13"
"env_wastrt_W121_total","A","Annual","T","Tonne","HAZ_NHAZ","Hazardous and non-hazardous - total","DSP_OTH","Disposal - other (D2-D4, D6-D7)","W121","Mineral waste from construction and demolition","NL","Netherlands","2012","2012","0"
"env_wastrt_W121_total","A","Annual","T","Tonne","HAZ_NHAZ","Hazardous and non-hazardous - total","DSP_OTH","Disposal - other (D2-D4, D6-D7)","W121","Mineral waste from construction and demolition","NL","Netherlands","2014","2014","0"
"env_wastrt_W121_total","A","Annual","T","Tonne","HAZ_NHAZ","Hazardous and non-hazardous - total","DSP_OTH","Disposal - other (D2-D4, D6-D7)","W121","Mineral waste from construction and demolition","NL","Netherlands","2016","2016","18"
"env_wastrt_W121_total","A","Annual","T","Tonne","HAZ_NHAZ","Hazardous and non-hazardous - total","DSP_OTH","Disposal - other (D2-D4, D6-D7)","W121","Mineral waste from construction and demolition","NL","Netherlands","2018","2018","26"
"env_wastrt_W121_total","A","Annual","T","Tonne","HAZ_NHAZ","Hazardous and non-hazardous - total","DSP_OTH","Disposal - other (D2-D4, D6-D7)","W121","Mineral waste from construction and demolition","NL","Netherlands","2020","2020","0"
"env_wastrt_W121_total","A","Annual","T","Tonne","HAZ_NHAZ","Hazardous and non-hazardous - total","DSP_OTH","Disposal - other (D2-D4, D6-D7)","W121","Mineral waste from construction and demolition","NL","Netherlands","2022","2022","4"
"env_wastrt_W121_total","A","Annual","T","Tonne","HAZ_NHAZ","Hazardous and non-hazardous - total","DSP_OTH","Disposal - other (D2-D4, D6-D7)","W121","Mineral waste from construction and demolition","AT","Austria","2010","2010","0"
"env_wastrt_W121_total","A","Annual","T","Tonne","HAZ_NHAZ","Hazardous and non-hazardous - total","DSP_OTH","Disposal - other (D2-D4, D6-D7)","W121","Mineral waste from construction and demolition","AT","Austria","2012","2012","0"
"env_wastrt_W121_total","A","Annual","T","Tonne","HAZ_NHAZ","Hazardous and non-hazardous - total","DSP_OTH","Disposal - other (D2-D4, D6-D7)","W121","Mineral waste from construction and demolition","AT","Austria","2014","2014","0"
"env_wastrt_W121_total","A","Annual","T","Tonne","HAZ_NHAZ","Hazardous and non-hazardous - total","DSP_OTH","Disposal - other (D2-D4, D6-D7)","W121","Mineral waste from construction and demolition","AT","Austria","2016","2016","0"
"env_wastrt_W121_total","A","Annual","T","Tonne","HAZ_NHAZ","Hazardous and non-hazardous - total","DSP_OTH","Disposal - other (D2-D4, D6-D7)","W121","Mineral waste from construction and demolition","AT","Austria","2018","2018","0"
"env_wastrt_W121_total","A","Annual","T","Tonne","HAZ_NHAZ","Hazardous and non-hazardous - total","DSP_OTH","Disposal - other (D2-D4, D6-D7)","W121","Mineral waste from construction and demolition","AT","Austria","2020","2020","0"
"env_wastrt_W121_total","A","Annual","T","Tonne","HAZ_NHAZ","Hazardous and non-hazardous - total","DSP_OTH","Disposal - other (D2-D4, D6-D7)","W121","Mineral waste from construction and demolition","AT","Austria","2022","2022","0"
"env_wastrt_W121_total","A","Annual","T","Tonne","HAZ_NHAZ","Hazardous and non-hazardous - total","DSP_OTH","Disposal - other (D2-D4, D6-D7)","W121","Mineral waste from construction and demolition","PL","Poland","2010","2010","0"
"env_wastrt_W121_total","A","Annual","T","Tonne","HAZ_NHAZ","Hazardous and non-hazardous - total","DSP_OTH","Disposal - other (D2-D4, D6-D7)","W121","Mineral waste from construction and demolition","PL","Poland","2012","2012","0"
"env_wastrt_W121_total","A","Annual","T","Tonne","HAZ_NHAZ","Hazardous and non-hazardous - total","DSP_OTH","Disposal - other (D2-D4, D6-D7)","W121","Mineral waste from construction and demolition","PL","Poland","2014","2014","0"
"env_wastrt_W121_total","A","Annual","T","Tonne","HAZ_NHAZ","Hazardous and non-hazardous - total","DSP_OTH","Disposal - other (D2-D4, D6-D7)","W121","Mineral waste from construction and demolition","PL","Poland","2016","2016","0"
"env_wastrt_W121_total","A","Annual","T","Tonne","HAZ_NHAZ","Hazardous and non-hazardous - total","DSP_OTH","Disposal - other (D2-D4, D6-D7)","W121","Mineral waste from construction and demolition","PL","Poland","2018","2018","0"
"env_wastrt_W121_total","A","Annual","T","Tonne","HAZ_NHAZ","Hazardous and non-hazardous - total","DSP_OTH","Disposal - other (D2-D4, D6-D7)","W121","Mineral waste from construction and demolition","PL","Poland","2020","2020","0"
"env_wastrt_W121_total","A","Annual","T","Tonne","HAZ_NHAZ","Hazardous and non-hazardous - total","DSP_OTH","Disposal - other (D2-D4, D6-D7)","W121","Mineral waste from construction and demolition","PL","Poland","2022","2022","0"
"env_wastrt_W121_total","A","Annual","T","Tonne","HAZ_NHAZ","Hazardous and non-hazardous - total","DSP_OTH","Disposal - other (D2-D4, D6-D7)","W121","Mineral waste from construction and demolition","PT","Portugal","2010","2010","0"
"env_wastrt_W121_total","A","Annual","T","Tonne","HAZ_NHAZ","Hazardous and non-hazardous - total","DSP_OTH","Disposal - other (D2-D4, D6-D7)","W121","Mineral waste from construction and demolition","PT","Portugal","2012","2012","0"
"env_wastrt_W121_total","A","Annual","T","Tonne","HAZ_NHAZ","Hazardous and non-hazardous - total","DSP_OTH","Disposal - other (D2-D4, D6-D7)","W121","Mineral waste from construction and demolition","PT","Portugal","2014","2014","0"
"env_wastrt_W121_total","A","Annual","T","Tonne","HAZ_NHAZ","Hazardous and non-hazardous - total","DSP_OTH","Disposal - other (D2-D4, D6-D7)","W121","Mineral waste from construction and demolition","PT","Portugal","2016","2016","0"
"env_wastrt_W121_total","A","Annual","T","Tonne","HAZ_NHAZ","Hazardous and non-hazardous - total","DSP_OTH","Disposal - other (D2-D4, D6-D7)","W121","Mineral waste from construction and demolition","PT","Portugal","2018","2018","0"
"env_wastrt_W121_total","A","Annual","T","Tonne","HAZ_NHAZ","Hazardous and non-hazardous - total","DSP_OTH","Disposal - other (D2-D4, D6-D7)","W121","Mineral waste from construction and demolition","PT","Portugal","2020","2020","0"
"env_wastrt_W121_total","A","Annual","T","Tonne","HAZ_NHAZ","Hazardous and non-hazardous - total","DSP_OTH","Disposal - other (D2-D4, D6-D7)","W121","Mineral waste from construction and demolition","PT","Portugal","2022","2022","0"
"env_wastrt_W121_total","A","Annual","T","Tonne","HAZ_NHAZ","Hazardous and non-hazardous - total","DSP_OTH","Disposal - other (D2-D4, D6-D7)","W121","Mineral waste from construction and demolition","RO","Romania","2010","2010","24"
"env_wastrt_W121_total","A","Annual","T","Tonne","HAZ_NHAZ","Hazardous and non-hazardous - total","DSP_OTH","Disposal - other (D2-D4, D6-D7)","W121","Mineral waste from construction and demolition","RO","Romania","2012","2012","0"
"env_wastrt_W121_total","A","Annual","T","Tonne","HAZ_NHAZ","Hazardous and non-hazardous - total","DSP_OTH","Disposal - other (D2-D4, D6-D7)","W121","Mineral waste from construction and demolition","RO","Romania","2014","2014","0"
"env_wastrt_W121_total","A","Annual","T","Tonne","HAZ_NHAZ","Hazardous and non-hazardous - total","DSP_OTH","Disposal - other (D2-D4, D6-D7)","W121","Mineral waste from construction and demolition","RO","Romania","2016","2016","0"
"env_wastrt_W121_total","A","Annual","T","Tonne","HAZ_NHAZ","Hazardous and non-hazardous - total","DSP_OTH","Disposal - other (D2-D4, D6-D7)","W121","Mineral waste from construction and demolition","RO","Romania","2018","2018","0"
"env_wastrt_W121_total","A","Annual","T","Tonne","HAZ_NHAZ","Hazardous and non-hazardous - total","DSP_OTH","Disposal - other (D2-D4, D6-D7)","W121","Mineral waste from construction and demolition","RO","Romania","2020","2020","0"
"env_wastrt_W121_total","A","Annual","T","Tonne","HAZ_NHAZ","Hazardous and non-hazardous - total","DSP_OTH","Disposal - other (D2-D4, D6-D7)","W121","Mineral waste from construction and demolition","RO","Romania","2022","2022","0"
"env_wastrt_W121_total","A","Annual","T","Tonne","HAZ_NHAZ","Hazardous and non-hazardous - total","DSP_OTH","Disposal - other (D2-D4, D6-D7)","W121","Mineral waste from construction and demolition","SI","Slovenia","2010","2010","0"
"env_wastrt_W121_total","A","Annual","T","Tonne","HAZ_NHAZ","Hazardous and non-hazardous - total","DSP_OTH","Disposal - other (D2-D4, D6-D7)","W121","Mineral waste from construction and demolition","SI","Slovenia","2012","2012","0"
"env_wastrt_W121_total","A","Annual","T","Tonne","HAZ_NHAZ","Hazardous and non-hazardous - total","DSP_OTH","Disposal - other (D2-D4, D6-D7)","W121","Mineral waste from construction and demolition","SI","Slovenia","2014","2014","0"
"env_wastrt_W121_total","A","Annual","T","Tonne","HAZ_NHAZ","Hazardous and non-hazardous - total","DSP_OTH","Disposal - other (D2-D4, D6-D7)","W121","Mineral waste from construction and demolition","SI","Slovenia","2016","2016","0"
"env_wastrt_W121_total","A","Annual","T","Tonne","HAZ_NHAZ","Hazardous and non-hazardous - total","DSP_OTH","Disposal - other (D2-D4, D6-D7)","W121","Mineral waste from construction and demolition","SI","Slovenia","2018","2018","0"
"env_wastrt_W121_total","A","Annual","T","Tonne","HAZ_NHAZ","Hazardous and non-hazardous - total","DSP_OTH","Disposal - other (D2-D4, D6-D7)","W121","Mineral waste from construction and demolition","SI","Slovenia","2020","2020","0"
"env_wastrt_W121_total","A","Annual","T","Tonne","HAZ_NHAZ","Hazardous and non-hazardous - total","DSP_OTH","Disposal - other (D2-D4, D6-D7)","W121","Mineral waste from construction and demolition","SI","Slovenia","2022","2022","0"
"env_wastrt_W121_total","A","Annual","T","Tonne","HAZ_NHAZ","Hazardous and non-hazardous - total","DSP_OTH","Disposal - other (D2-D4, D6-D7)","W121","Mineral waste from construction and demolition","SK","Slovakia","2010","2010","8739"
"env_wastrt_W121_total","A","Annual","T","Tonne","HAZ_NHAZ","Hazardous and non-hazardous - total","DSP_OTH","Disposal - other (D2-D4, D6-D7)","W121","Mineral waste from construction and demolition","SK","Slovakia","2012","2012","67"
"env_wastrt_W121_total","A","Annual","T","Tonne","HAZ_NHAZ","Hazardous and non-hazardous - total","DSP_OTH","Disposal - other (D2-D4, D6-D7)","W121","Mineral waste from construction and demolition","SK","Slovakia","2014","2014","10707"
"env_wastrt_W121_total","A","Annual","T","Tonne","HAZ_NHAZ","Hazardous and non-hazardous - total","DSP_OTH","Disposal - other (D2-D4, D6-D7)","W121","Mineral waste from construction and demolition","SK","Slovakia","2016","2016","111"
"env_wastrt_W121_total","A","Annual","T","Tonne","HAZ_NHAZ","Hazardous and non-hazardous - total","DSP_OTH","Disposal - other (D2-D4, D6-D7)","W121","Mineral waste from construction and demolition","SK","Slovakia","2018","2018","214"
"env_wastrt_W121_total","A","Annual","T","Tonne","HAZ_NHAZ","Hazardous and non-hazardous - total","DSP_OTH","Disposal - other (D2-D4, D6-D7)","W121","Mineral waste from construction and demolition","SK","Slovakia","2020","2020","0"
"env_wastrt_W121_total","A","Annual","T","Tonne","HAZ_NHAZ","Hazardous and non-hazardous - total","DSP_OTH","Disposal - other (D2-D4, D6-D7)","W121","Mineral waste from construction and demolition","SK","Slovakia","2022","2022","6586"
"env_wastrt_W121_total","A","Annual","T","Tonne","HAZ_NHAZ","Hazardous and non-hazardous - total","DSP_OTH","Disposal - other (D2-D4, D6-D7)","W121","Mineral waste from construction and demolition","FI","Finland","2010","2010","0"
"env_wastrt_W121_total","A","Annual","T","Tonne","HAZ_NHAZ","Hazardous and non-hazardous - total","DSP_OTH","Disposal - other (D2-D4, D6-D7)","W121","Mineral waste from construction and demolition","FI","Finland","2012","2012","0"
"env_wastrt_W121_total","A","Annual","T","Tonne","HAZ_NHAZ","Hazardous and non-hazardous - total","DSP_OTH","Disposal - other (D2-D4, D6-D7)","W121","Mineral waste from construction and demolition","FI","Finland","2014","2014","0"
"env_wastrt_W121_total","A","Annual","T","Tonne","HAZ_NHAZ","Hazardous and non-hazardous - total","DSP_OTH","Disposal - other (D2-D4, D6-D7)","W121","Mineral waste from construction and demolition","FI","Finland","2016","2016","0"
"env_wastrt_W121_total","A","Annual","T","Tonne","HAZ_NHAZ","Hazardous and non-hazardous - total","DSP_OTH","Disposal - other (D2-D4, D6-D7)","W121","Mineral waste from construction and demolition","FI","Finland","2018","2018","0"
"env_wastrt_W121_total","A","Annual","T","Tonne","HAZ_NHAZ","Hazardous and non-hazardous - total","DSP_OTH","Disposal - other (D2-D4, D6-D7)","W121","Mineral waste from construction and demolition","FI","Finland","2020","2020","0"
"env_wastrt_W121_total","A","Annual","T","Tonne","HAZ_NHAZ","Hazardous and non-hazardous - total","DSP_OTH","Disposal - other (D2-D4, D6-D7)","W121","Mineral waste from construction and demolition","FI","Finland","2022","2022","0"
"env_wastrt_W121_total","A","Annual","T","Tonne","HAZ_NHAZ","Hazardous and non-hazardous - total","DSP_OTH","Disposal - other (D2-D4, D6-D7)","W121","Mineral waste from construction and demolition","SE","Sweden","2010","2010","0"
"env_wastrt_W121_total","A","Annual","T","Tonne","HAZ_NHAZ","Hazardous and non-hazardous - total","DSP_OTH","Disposal - other (D2-D4, D6-D7)","W121","Mineral waste from construction and demolition","SE","Sweden","2012","2012","0"
"env_wastrt_W121_total","A","Annual","T","Tonne","HAZ_NHAZ","Hazardous and non-hazardous - total","DSP_OTH","Disposal - other (D2-D4, D6-D7)","W121","Mineral waste from construction and demolition","SE","Sweden","2014","2014","0"
"env_wastrt_W121_total","A","Annual","T","Tonne","HAZ_NHAZ","Hazardous and non-hazardous - total","DSP_OTH","Disposal - other (D2-D4, D6-D7)","W121","Mineral waste from construction and demolition","SE","Sweden","2016","2016","0"
"env_wastrt_W121_total","A","Annual","T","Tonne","HAZ_NHAZ","Hazardous and non-hazardous - total","DSP_OTH","Disposal - other (D2-D4, D6-D7)","W121","Mineral waste from construction and demolition","SE","Sweden","2018","2018","0"
"env_wastrt_W121_total","A","Annual","T","Tonne","HAZ_NHAZ","Hazardous and non-hazardous - total","DSP_OTH","Disposal - other (D2-D4, D6-D7)","W121","Mineral waste from construction and demolition","SE","Sweden","2020","2020","0"
"env_wastrt_W121_total","A","Annual","T","Tonne","HAZ_NHAZ","Hazardous and non-hazardous - total","DSP_OTH","Disposal - other (D2-D4, D6-D7)","W121","Mineral waste from construction and demolition","SE","Sweden","2022","2022","0"
"env_wastrt_W121_total","A","Annual","T","Tonne","HAZ_NHAZ","Hazardous and non-hazardous - total","DSP_OTH","Disposal - other (D2-D4, D6-D7)","W121","Mineral waste from construction and demolition","IS","Iceland","2010","2010","0"
"env_wastrt_W121_total","A","Annual","T","Tonne","HAZ_NHAZ","Hazardous and non-hazardous - total","DSP_OTH","Disposal - other (D2-D4, D6-D7)","W121","Mineral waste from construction and demolition","IS","Iceland","2012","2012","0"
"env_wastrt_W121_total","A","Annual","T","Tonne","HAZ_NHAZ","Hazardous and non-hazardous - total","DSP_OTH","Disposal - other (D2-D4, D6-D7)","W121","Mineral waste from construction and demolition","IS","Iceland","2014","2014","0"
"env_wastrt_W121_total","A","Annual","T","Tonne","HAZ_NHAZ","Hazardous and non-hazardous - total","DSP_OTH","Disposal - other (D2-D4, D6-D7)","W121","Mineral waste from construction and demolition","IS","Iceland","2016","2016","0"
"env_wastrt_W121_total","A","Annual","T","Tonne","HAZ_NHAZ","Hazardous and non-hazardous - total","DSP_OTH","Disposal - other (D2-D4, D6-D7)","W121","Mineral waste from construction and demolition","IS","Iceland","2018","2018","6674"
"env_wastrt_W121_total","A","Annual","T","Tonne","HAZ_NHAZ","Hazardous and non-hazardous - total","DSP_OTH","Disposal - other (D2-D4, D6-D7)","W121","Mineral waste from construction and demolition","IS","Iceland","2020","2020","0"
"env_wastrt_W121_total","A","Annual","T","Tonne","HAZ_NHAZ","Hazardous and non-hazardous - total","DSP_OTH","Disposal - other (D2-D4, D6-D7)","W121","Mineral waste from construction and demolition","IS","Iceland","2022","2022","0"
"env_wastrt_W121_total","A","Annual","T","Tonne","HAZ_NHAZ","Hazardous and non-hazardous - total","DSP_OTH","Disposal - other (D2-D4, D6-D7)","W121","Mineral waste from construction and demolition","NO","Norway","2010","2010","0"
"env_wastrt_W121_total","A","Annual","T","Tonne","HAZ_NHAZ","Hazardous and non-hazardous - total","DSP_OTH","Disposal - other (D2-D4, D6-D7)","W121","Mineral waste from construction and demolition","NO","Norway","2012","2012","0"
"env_wastrt_W121_total","A","Annual","T","Tonne","HAZ_NHAZ","Hazardous and non-hazardous - total","DSP_OTH","Disposal - other (D2-D4, D6-D7)","W121","Mineral waste from construction and demolition","NO","Norway","2014","2014","17394"
"env_wastrt_W121_total","A","Annual","T","Tonne","HAZ_NHAZ","Hazardous and non-hazardous - total","DSP_OTH","Disposal - other (D2-D4, D6-D7)","W121","Mineral waste from construction and demolition","NO","Norway","2016","2016","0"
"env_wastrt_W121_total","A","Annual","T","Tonne","HAZ_NHAZ","Hazardous and non-hazardous - total","DSP_OTH","Disposal - other (D2-D4, D6-D7)","W121","Mineral waste from construction and demolition","NO","Norway","2018","2018","0"
"env_wastrt_W121_total","A","Annual","T","Tonne","HAZ_NHAZ","Hazardous and non-hazardous - total","DSP_OTH","Disposal - other (D2-D4, D6-D7)","W121","Mineral waste from construction and demolition","NO","Norway","2020","2020","168790"
"env_wastrt_W121_total","A","Annual","T","Tonne","HAZ_NHAZ","Hazardous and non-hazardous - total","DSP_OTH","Disposal - other (D2-D4, D6-D7)","W121","Mineral waste from construction and demolition","NO","Norway","2022","2022","180711"
"env_wastrt_W121_total","A","Annual","T","Tonne","HAZ_NHAZ","Hazardous and non-hazardous - total","DSP_OTH","Disposal - other (D2-D4, D6-D7)","W121","Mineral waste from construction and demolition","UK","United Kingdom","2010","2010","0"
"env_wastrt_W121_total","A","Annual","T","Tonne","HAZ_NHAZ","Hazardous and non-hazardous - total","DSP_OTH","Disposal - other (D2-D4, D6-D7)","W121","Mineral waste from construction and demolition","UK","United Kingdom","2012","2012","0"
"env_wastrt_W121_total","A","Annual","T","Tonne","HAZ_NHAZ","Hazardous and non-hazardous - total","DSP_OTH","Disposal - other (D2-D4, D6-D7)","W121","Mineral waste from construction and demolition","UK","United Kingdom","2014","2014","0"
"env_wastrt_W121_total","A","Annual","T","Tonne","HAZ_NHAZ","Hazardous and non-hazardous - total","DSP_OTH","Disposal - other (D2-D4, D6-D7)","W121","Mineral waste from construction and demolition","UK","United Kingdom","2016","2016","0"
"env_wastrt_W121_total","A","Annual","T","Tonne","HAZ_NHAZ","Hazardous and non-hazardous - total","DSP_OTH","Disposal - other (D2-D4, D6-D7)","W121","Mineral waste from construction and demolition","UK","United Kingdom","2018","2018","0"
"env_wastrt_W121_total","A","Annual","T","Tonne","HAZ_NHAZ","Hazardous and non-hazardous - total","DSP_OTH","Disposal - other (D2-D4, D6-D7)","W121","Mineral waste from construction and demolition","BA","Bosnia and Herzegovina","2022","2022","0"
"env_wastrt_W121_total","A","Annual","T","Tonne","HAZ_NHAZ","Hazardous and non-hazardous - total","DSP_OTH","Disposal - other (D2-D4, D6-D7)","W121","Mineral waste from construction and demolition","ME","Montenegro","2012","2012","0"
"env_wastrt_W121_total","A","Annual","T","Tonne","HAZ_NHAZ","Hazardous and non-hazardous - total","DSP_OTH","Disposal - other (D2-D4, D6-D7)","W121","Mineral waste from construction and demolition","ME","Montenegro","2014","2014","108"
"env_wastrt_W121_total","A","Annual","T","Tonne","HAZ_NHAZ","Hazardous and non-hazardous - total","DSP_OTH","Disposal - other (D2-D4, D6-D7)","W121","Mineral waste from construction and demolition","ME","Montenegro","2016","2016","0"
"env_wastrt_W121_total","A","Annual","T","Tonne","HAZ_NHAZ","Hazardous and non-hazardous - total","DSP_OTH","Disposal - other (D2-D4, D6-D7)","W121","Mineral waste from construction and demolition","ME","Montenegro","2018","2018","0"
"env_wastrt_W121_total","A","Annual","T","Tonne","HAZ_NHAZ","Hazardous and non-hazardous - total","DSP_OTH","Disposal - other (D2-D4, D6-D7)","W121","Mineral waste from construction and demolition","ME","Montenegro","2020","2020","0"
"env_wastrt_W121_total","A","Annual","T","Tonne","HAZ_NHAZ","Hazardous and non-hazardous - total","DSP_OTH","Disposal - other (D2-D4, D6-D7)","W121","Mineral waste from construction and demolition","ME","Montenegro","2022","2022","0"
"env_wastrt_W121_total","A","Annual","T","Tonne","HAZ_NHAZ","Hazardous and non-hazardous - total","DSP_OTH","Disposal - other (D2-D4, D6-D7)","W121","Mineral waste from construction and demolition","MK","North Macedonia","2010","2010","0"
"env_wastrt_W121_total","A","Annual","T","Tonne","HAZ_NHAZ","Hazardous and non-hazardous - total","DSP_OTH","Disposal - other (D2-D4, D6-D7)","W121","Mineral waste from construction and demolition","MK","North Macedonia","2012","2012","0"
"env_wastrt_W121_total","A","Annual","T","Tonne","HAZ_NHAZ","Hazardous and non-hazardous - total","DSP_OTH","Disposal - other (D2-D4, D6-D7)","W121","Mineral waste from construction and demolition","MK","North Macedonia","2014","2014","0"
"env_wastrt_W121_total","A","Annual","T","Tonne","HAZ_NHAZ","Hazardous and non-hazardous - total","DSP_OTH","Disposal - other (D2-D4, D6-D7)","W121","Mineral waste from construction and demolition","MK","North Macedonia","2018","2018","0"
"env_wastrt_W121_total","A","Annual","T","Tonne","HAZ_NHAZ","Hazardous and non-hazardous - total","DSP_OTH","Disposal - other (D2-D4, D6-D7)","W121","Mineral waste from construction and demolition","MK","North Macedonia","2020","2020","4084"
"env_wastrt_W121_total","A","Annual","T","Tonne","HAZ_NHAZ","Hazardous and non-hazardous - total","DSP_OTH","Disposal - other (D2-D4, D6-D7)","W121","Mineral waste from construction and demolition","MK","North Macedonia","2022","2022","0"
"env_wastrt_W121_total","A","Annual","T","Tonne","HAZ_NHAZ","Hazardous and non-hazardous - total","DSP_OTH","Disposal - other (D2-D4, D6-D7)","W121","Mineral waste from construction and demolition","AL","Albania","2014","2014","0"
"env_wastrt_W121_total","A","Annual","T","Tonne","HAZ_NHAZ","Hazardous and non-hazardous - total","DSP_OTH","Disposal - other (D2-D4, D6-D7)","W121","Mineral waste from construction and demolition","RS","Serbia","2010","2010","0"
"env_wastrt_W121_total","A","Annual","T","Tonne","HAZ_NHAZ","Hazardous and non-hazardous - total","DSP_OTH","Disposal - other (D2-D4, D6-D7)","W121","Mineral waste from construction and demolition","RS","Serbia","2012","2012","8"
"env_wastrt_W121_total","A","Annual","T","Tonne","HAZ_NHAZ","Hazardous and non-hazardous - total","DSP_OTH","Disposal - other (D2-D4, D6-D7)","W121","Mineral waste from construction and demolition","RS","Serbia","2014","2014","0"
"env_wastrt_W121_total","A","Annual","T","Tonne","HAZ_NHAZ","Hazardous and non-hazardous - total","DSP_OTH","Disposal - other (D2-D4, D6-D7)","W121","Mineral waste from construction and demolition","RS","Serbia","2016","2016","0"
"env_wastrt_W121_total","A","Annual","T","Tonne","HAZ_NHAZ","Hazardous and non-hazardous - total","DSP_OTH","Disposal - other (D2-D4, D6-D7)","W121","Mineral waste from construction and demolition","RS","Serbia","2018","2018","0"
"env_wastrt_W121_total","A","Annual","T","Tonne","HAZ_NHAZ","Hazardous and non-hazardous - total","DSP_OTH","Disposal - other (D2-D4, D6-D7)","W121","Mineral waste from construction and demolition","RS","Serbia","2020","2020","0"
"env_wastrt_W121_total","A","Annual","T","Tonne","HAZ_NHAZ","Hazardous and non-hazardous - total","DSP_OTH","Disposal - other (D2-D4, D6-D7)","W121","Mineral waste from construction and demolition","RS","Serbia","2022","2022","0"
"env_wastrt_W121_total","A","Annual","T","Tonne","HAZ_NHAZ","Hazardous and non-hazardous - total","DSP_OTH","Disposal - other (D2-D4, D6-D7)","W121","Mineral waste from construction and demolition","TR","Türkiye","2010","2010","0"
"env_wastrt_W121_total","A","Annual","T","Tonne","HAZ_NHAZ","Hazardous and non-hazardous - total","DSP_OTH","Disposal - other (D2-D4, D6-D7)","W121","Mineral waste from construction and demolition","TR","Türkiye","2012","2012","0"
"env_wastrt_W121_total","A","Annual","T","Tonne","HAZ_NHAZ","Hazardous and non-hazardous - total","DSP_OTH","Disposal - other (D2-D4, D6-D7)","W121","Mineral waste from construction and demolition","TR","Türkiye","2018","2018","0"
"env_wastrt_W121_total","A","Annual","T","Tonne","HAZ_NHAZ","Hazardous and non-hazardous - total","DSP_OTH","Disposal - other (D2-D4, D6-D7)","W121","Mineral waste from construction and demolition","TR","Türkiye","2020","2020","0"
"env_wastrt_W121_total","A","Annual","T","Tonne","HAZ_NHAZ","Hazardous and non-hazardous - total","DSP_OTH","Disposal - other (D2-D4, D6-D7)","W121","Mineral waste from construction and demolition","XK","Kosovo*","2016","2016","0"
"env_wastrt_W121_total","A","Annual","T","Tonne","HAZ_NHAZ","Hazardous and non-hazardous - total","DSP_OTH","Disposal - other (D2-D4, D6-D7)","W121","Mineral waste from construction and demolition","XK","Kosovo*","2020","2020","0"
"env_wastrt_W121_total","A","Annual","T","Tonne","HAZ_NHAZ","Hazardous and non-hazardous - total","DSP_OTH","Disposal - other (D2-D4, D6-D7)","W121","Mineral waste from construction and demolition","XK","Kosovo*","2022","2022","0"
"env_wastrt_W121_total","A","Annual","T","Tonne","HAZ_NHAZ","Hazardous and non-hazardous - total","RCV_E","Recovery - energy recovery (R1)","W121","Mineral waste from construction and demolition","EU27_2020","European Union - 27 countries (from 2020)","2010","2010","960000"
"env_wastrt_W121_total","A","Annual","T","Tonne","HAZ_NHAZ","Hazardous and non-hazardous - total","RCV_E","Recovery - energy recovery (R1)","W121","Mineral waste from construction and demolition","EU27_2020","European Union - 27 countries (from 2020)","2012","2012","1210000"
"env_wastrt_W121_total","A","Annual","T","Tonne","HAZ_NHAZ","Hazardous and non-hazardous - total","RCV_E","Recovery - energy recovery (R1)","W121","Mineral waste from construction and demolition","EU27_2020","European Union - 27 countries (from 2020)","2014","2014","1320000"
"env_wastrt_W121_total","A","Annual","T","Tonne","HAZ_NHAZ","Hazardous and non-hazardous - total","RCV_E","Recovery - energy recovery (R1)","W121","Mineral waste from construction and demolition","EU27_2020","European Union - 27 countries (from 2020)","2016","2016","1760000"
"env_wastrt_W121_total","A","Annual","T","Tonne","HAZ_NHAZ","Hazardous and non-hazardous - total","RCV_E","Recovery - energy recovery (R1)","W121","Mineral waste from construction and demolition","EU27_2020","European Union - 27 countries (from 2020)","2018","2018","1380000"
"env_wastrt_W121_total","A","Annual","T","Tonne","HAZ_NHAZ","Hazardous and non-hazardous - total","RCV_E","Recovery - energy recovery (R1)","W121","Mineral waste from construction and demolition","EU27_2020","European Union - 27 countries (from 2020)","2020","2020","1760000"
"env_wastrt_W121_total","A","Annual","T","Tonne","HAZ_NHAZ","Hazardous and non-hazardous - total","RCV_E","Recovery - energy recovery (R1)","W121","Mineral waste from construction and demolition","EU27_2020","European Union - 27 countries (from 2020)","2022","2022","1480000"
"env_wastrt_W121_total","A","Annual","T","Tonne","HAZ_NHAZ","Hazardous and non-hazardous - total","RCV_E","Recovery - energy recovery (R1)","W121","Mineral waste from construction and demolition","EU28","European Union - 28 countries (2013-2020)","2010","2010","960000"
"env_wastrt_W121_total","A","Annual","T","Tonne","HAZ_NHAZ","Hazardous and non-hazardous - total","RCV_E","Recovery - energy recovery (R1)","W121","Mineral waste from construction and demolition","EU28","European Union - 28 countries (2013-2020)","2012","2012","1210000"
"env_wastrt_W121_total","A","Annual","T","Tonne","HAZ_NHAZ","Hazardous and non-hazardous - total","RCV_E","Recovery - energy recovery (R1)","W121","Mineral waste from construction and demolition","EU28","European Union - 28 countries (2013-2020)","2014","2014","1320000"
"env_wastrt_W121_total","A","Annual","T","Tonne","HAZ_NHAZ","Hazardous and non-hazardous - total","RCV_E","Recovery - energy recovery (R1)","W121","Mineral waste from construction and demolition","EU28","European Union - 28 countries (2013-2020)","2016","2016","1760000"
"env_wastrt_W121_total","A","Annual","T","Tonne","HAZ_NHAZ","Hazardous and non-hazardous - total","RCV_E","Recovery - energy recovery (R1)","W121","Mineral waste from construction and demolition","EU28","European Union - 28 countries (2013-2020)","2018","2018","1380000"
"env_wastrt_W121_total","A","Annual","T","Tonne","HAZ_NHAZ","Hazardous and non-hazardous - total","RCV_E","Recovery - energy recovery (R1)","W121","Mineral waste from construction and demolition","BE","Belgium","2010","2010","4732"
"env_wastrt_W121_total","A","Annual","T","Tonne","HAZ_NHAZ","Hazardous and non-hazardous - total","RCV_E","Recovery - energy recovery (R1)","W121","Mineral waste from construction and demolition","BE","Belgium","2012","2012","30646"
"env_wastrt_W121_total","A","Annual","T","Tonne","HAZ_NHAZ","Hazardous and non-hazardous - total","RCV_E","Recovery - energy recovery (R1)","W121","Mineral waste from construction and demolition","BE","Belgium","2014","2014","0"
"env_wastrt_W121_total","A","Annual","T","Tonne","HAZ_NHAZ","Hazardous and non-hazardous - total","RCV_E","Recovery - energy recovery (R1)","W121","Mineral waste from construction and demolition","BE","Belgium","2016","2016","6"
"env_wastrt_W121_total","A","Annual","T","Tonne","HAZ_NHAZ","Hazardous and non-hazardous - total","RCV_E","Recovery - energy recovery (R1)","W121","Mineral waste from construction and demolition","BE","Belgium","2018","2018","170"
"env_wastrt_W121_total","A","Annual","T","Tonne","HAZ_NHAZ","Hazardous and non-hazardous - total","RCV_E","Recovery - energy recovery (R1)","W121","Mineral waste from construction and demolition","BE","Belgium","2020","2020","31182"
"env_wastrt_W121_total","A","Annual","T","Tonne","HAZ_NHAZ","Hazardous and non-hazardous - total","RCV_E","Recovery - energy recovery (R1)","W121","Mineral waste from construction and demolition","BE","Belgium","2022","2022","15505"
"env_wastrt_W121_total","A","Annual","T","Tonne","HAZ_NHAZ","Hazardous and non-hazardous - total","RCV_E","Recovery - energy recovery (R1)","W121","Mineral waste from construction and demolition","BG","Bulgaria","2010","2010","0"
"env_wastrt_W121_total","A","Annual","T","Tonne","HAZ_NHAZ","Hazardous and non-hazardous - total","RCV_E","Recovery - energy recovery (R1)","W121","Mineral waste from construction and demolition","BG","Bulgaria","2012","2012","0"
"env_wastrt_W121_total","A","Annual","T","Tonne","HAZ_NHAZ","Hazardous and non-hazardous - total","RCV_E","Recovery - energy recovery (R1)","W121","Mineral waste from construction and demolition","BG","Bulgaria","2014","2014","0"
"env_wastrt_W121_total","A","Annual","T","Tonne","HAZ_NHAZ","Hazardous and non-hazardous - total","RCV_E","Recovery - energy recovery (R1)","W121","Mineral waste from construction and demolition","BG","Bulgaria","2016","2016","0"
"env_wastrt_W121_total","A","Annual","T","Tonne","HAZ_NHAZ","Hazardous and non-hazardous - total","RCV_E","Recovery - energy recovery (R1)","W121","Mineral waste from construction and demolition","BG","Bulgaria","2018","2018","0"
"env_wastrt_W121_total","A","Annual","T","Tonne","HAZ_NHAZ","Hazardous and non-hazardous - total","RCV_E","Recovery - energy recovery (R1)","W121","Mineral waste from construction and demolition","BG","Bulgaria","2020","2020","0"
"env_wastrt_W121_total","A","Annual","T","Tonne","HAZ_NHAZ","Hazardous and non-hazardous - total","RCV_E","Recovery - energy recovery (R1)","W121","Mineral waste from construction and demolition","BG","Bulgaria","2022","2022","0"
"env_wastrt_W121_total","A","Annual","T","Tonne","HAZ_NHAZ","Hazardous and non-hazardous - total","RCV_E","Recovery - energy recovery (R1)","W121","Mineral waste from construction and demolition","CZ","Czechia","2010","2010","1535"
"env_wastrt_W121_total","A","Annual","T","Tonne","HAZ_NHAZ","Hazardous and non-hazardous - total","RCV_E","Recovery - energy recovery (R1)","W121","Mineral waste from construction and demolition","CZ","Czechia","2012","2012","281"
"env_wastrt_W121_total","A","Annual","T","Tonne","HAZ_NHAZ","Hazardous and non-hazardous - total","RCV_E","Recovery - energy recovery (R1)","W121","Mineral waste from construction and demolition","CZ","Czechia","2014","2014","329"
"env_wastrt_W121_total","A","Annual","T","Tonne","HAZ_NHAZ","Hazardous and non-hazardous - total","RCV_E","Recovery - energy recovery (R1)","W121","Mineral waste from construction and demolition","CZ","Czechia","2016","2016","1420"
"env_wastrt_W121_total","A","Annual","T","Tonne","HAZ_NHAZ","Hazardous and non-hazardous - total","RCV_E","Recovery - energy recovery (R1)","W121","Mineral waste from construction and demolition","CZ","Czechia","2020","2020","709"
"env_wastrt_W121_total","A","Annual","T","Tonne","HAZ_NHAZ","Hazardous and non-hazardous - total","RCV_E","Recovery - energy recovery (R1)","W121","Mineral waste from construction and demolition","CZ","Czechia","2022","2022","10492"
"env_wastrt_W121_total","A","Annual","T","Tonne","HAZ_NHAZ","Hazardous and non-hazardous - total","RCV_E","Recovery - energy recovery (R1)","W121","Mineral waste from construction and demolition","DK","Denmark","2010","2010","223842"
"env_wastrt_W121_total","A","Annual","T","Tonne","HAZ_NHAZ","Hazardous and non-hazardous - total","RCV_E","Recovery - energy recovery (R1)","W121","Mineral waste from construction and demolition","DK","Denmark","2012","2012","134198"
"env_wastrt_W121_total","A","Annual","T","Tonne","HAZ_NHAZ","Hazardous and non-hazardous - total","RCV_E","Recovery - energy recovery (R1)","W121","Mineral waste from construction and demolition","DK","Denmark","2014","2014","147370"
"env_wastrt_W121_total","A","Annual","T","Tonne","HAZ_NHAZ","Hazardous and non-hazardous - total","RCV_E","Recovery - energy recovery (R1)","W121","Mineral waste from construction and demolition","DK","Denmark","2016","2016","233525"
"env_wastrt_W121_total","A","Annual","T","Tonne","HAZ_NHAZ","Hazardous and non-hazardous - total","RCV_E","Recovery - energy recovery (R1)","W121","Mineral waste from construction and demolition","DK","Denmark","2018","2018","113224"
"env_wastrt_W121_total","A","Annual","T","Tonne","HAZ_NHAZ","Hazardous and non-hazardous - total","RCV_E","Recovery - energy recovery (R1)","W121","Mineral waste from construction and demolition","DK","Denmark","2020","2020","129410"
"env_wastrt_W121_total","A","Annual","T","Tonne","HAZ_NHAZ","Hazardous and non-hazardous - total","RCV_E","Recovery - energy recovery (R1)","W121","Mineral waste from construction and demolition","DK","Denmark","2022","2022","141071"
"env_wastrt_W121_total","A","Annual","T","Tonne","HAZ_NHAZ","Hazardous and non-hazardous - total","RCV_E","Recovery - energy recovery (R1)","W121","Mineral waste from construction and demolition","DE","Germany","2010","2010","624392"
"env_wastrt_W121_total","A","Annual","T","Tonne","HAZ_NHAZ","Hazardous and non-hazardous - total","RCV_E","Recovery - energy recovery (R1)","W121","Mineral waste from construction and demolition","DE","Germany","2012","2012","772494"
"env_wastrt_W121_total","A","Annual","T","Tonne","HAZ_NHAZ","Hazardous and non-hazardous - total","RCV_E","Recovery - energy recovery (R1)","W121","Mineral waste from construction and demolition","DE","Germany","2014","2014","940914"
"env_wastrt_W121_total","A","Annual","T","Tonne","HAZ_NHAZ","Hazardous and non-hazardous - total","RCV_E","Recovery - energy recovery (R1)","W121","Mineral waste from construction and demolition","DE","Germany","2016","2016","1036141"
"env_wastrt_W121_total","A","Annual","T","Tonne","HAZ_NHAZ","Hazardous and non-hazardous - total","RCV_E","Recovery - energy recovery (R1)","W121","Mineral waste from construction and demolition","DE","Germany","2018","2018","930501"
"env_wastrt_W121_total","A","Annual","T","Tonne","HAZ_NHAZ","Hazardous and non-hazardous - total","RCV_E","Recovery - energy recovery (R1)","W121","Mineral waste from construction and demolition","DE","Germany","2020","2020","901000"
"env_wastrt_W121_total","A","Annual","T","Tonne","HAZ_NHAZ","Hazardous and non-hazardous - total","RCV_E","Recovery - energy recovery (R1)","W121","Mineral waste from construction and demolition","DE","Germany","2022","2022","808630"
"env_wastrt_W121_total","A","Annual","T","Tonne","HAZ_NHAZ","Hazardous and non-hazardous - total","RCV_E","Recovery - energy recovery (R1)","W121","Mineral waste from construction and demolition","EE","Estonia","2010","2010","4091"
"env_wastrt_W121_total","A","Annual","T","Tonne","HAZ_NHAZ","Hazardous and non-hazardous - total","RCV_E","Recovery - energy recovery (R1)","W121","Mineral waste from construction and demolition","EE","Estonia","2012","2012","3078"
"env_wastrt_W121_total","A","Annual","T","Tonne","HAZ_NHAZ","Hazardous and non-hazardous - total","RCV_E","Recovery - energy recovery (R1)","W121","Mineral waste from construction and demolition","EE","Estonia","2014","2014","1092"
"env_wastrt_W121_total","A","Annual","T","Tonne","HAZ_NHAZ","Hazardous and non-hazardous - total","RCV_E","Recovery - energy recovery (R1)","W121","Mineral waste from construction and demolition","EE","Estonia","2016","2016","1169"
"env_wastrt_W121_total","A","Annual","T","Tonne","HAZ_NHAZ","Hazardous and non-hazardous - total","RCV_E","Recovery - energy recovery (R1)","W121","Mineral waste from construction and demolition","EE","Estonia","2018","2018","5220"
"env_wastrt_W121_total","A","Annual","T","Tonne","HAZ_NHAZ","Hazardous and non-hazardous - total","RCV_E","Recovery - energy recovery (R1)","W121","Mineral waste from construction and demolition","EE","Estonia","2020","2020","2796"
"env_wastrt_W121_total","A","Annual","T","Tonne","HAZ_NHAZ","Hazardous and non-hazardous - total","RCV_E","Recovery - energy recovery (R1)","W121","Mineral waste from construction and demolition","EE","Estonia","2022","2022","2047"
"env_wastrt_W121_total","A","Annual","T","Tonne","HAZ_NHAZ","Hazardous and non-hazardous - total","RCV_E","Recovery - energy recovery (R1)","W121","Mineral waste from construction and demolition","IE","Ireland","2010","2010","0"
"env_wastrt_W121_total","A","Annual","T","Tonne","HAZ_NHAZ","Hazardous and non-hazardous - total","RCV_E","Recovery - energy recovery (R1)","W121","Mineral waste from construction and demolition","IE","Ireland","2012","2012","0"
"env_wastrt_W121_total","A","Annual","T","Tonne","HAZ_NHAZ","Hazardous and non-hazardous - total","RCV_E","Recovery - energy recovery (R1)","W121","Mineral waste from construction and demolition","IE","Ireland","2014","2014","0"
"env_wastrt_W121_total","A","Annual","T","Tonne","HAZ_NHAZ","Hazardous and non-hazardous - total","RCV_E","Recovery - energy recovery (R1)","W121","Mineral waste from construction and demolition","IE","Ireland","2016","2016","992"
"env_wastrt_W121_total","A","Annual","T","Tonne","HAZ_NHAZ","Hazardous and non-hazardous - total","RCV_E","Recovery - energy recovery (R1)","W121","Mineral waste from construction and demolition","IE","Ireland","2018","2018","988"
"env_wastrt_W121_total","A","Annual","T","Tonne","HAZ_NHAZ","Hazardous and non-hazardous - total","RCV_E","Recovery - energy recovery (R1)","W121","Mineral waste from construction and demolition","IE","Ireland","2020","2020","7"
"env_wastrt_W121_total","A","Annual","T","Tonne","HAZ_NHAZ","Hazardous and non-hazardous - total","RCV_E","Recovery - energy recovery (R1)","W121","Mineral waste from construction and demolition","IE","Ireland","2022","2022","3"
"env_wastrt_W121_total","A","Annual","T","Tonne","HAZ_NHAZ","Hazardous and non-hazardous - total","RCV_E","Recovery - energy recovery (R1)","W121","Mineral waste from construction and demolition","EL","Greece","2010","2010","0"
"env_wastrt_W121_total","A","Annual","T","Tonne","HAZ_NHAZ","Hazardous and non-hazardous - total","RCV_E","Recovery - energy recovery (R1)","W121","Mineral waste from construction and demolition","EL","Greece","2012","2012","0"
"env_wastrt_W121_total","A","Annual","T","Tonne","HAZ_NHAZ","Hazardous and non-hazardous - total","RCV_E","Recovery - energy recovery (R1)","W121","Mineral waste from construction and demolition","EL","Greece","2014","2014","0"
"env_wastrt_W121_total","A","Annual","T","Tonne","HAZ_NHAZ","Hazardous and non-hazardous - total","RCV_E","Recovery - energy recovery (R1)","W121","Mineral waste from construction and demolition","EL","Greece","2016","2016","0"
"env_wastrt_W121_total","A","Annual","T","Tonne","HAZ_NHAZ","Hazardous and non-hazardous - total","RCV_E","Recovery - energy recovery (R1)","W121","Mineral waste from construction and demolition","EL","Greece","2018","2018","0"
"env_wastrt_W121_total","A","Annual","T","Tonne","HAZ_NHAZ","Hazardous and non-hazardous - total","RCV_E","Recovery - energy recovery (R1)","W121","Mineral waste from construction and demolition","EL","Greece","2020","2020","0"
"env_wastrt_W121_total","A","Annual","T","Tonne","HAZ_NHAZ","Hazardous and non-hazardous - total","RCV_E","Recovery - energy recovery (R1)","W121","Mineral waste from construction and demolition","EL","Greece","2022","2022","0"
"env_wastrt_W121_total","A","Annual","T","Tonne","HAZ_NHAZ","Hazardous and non-hazardous - total","RCV_E","Recovery - energy recovery (R1)","W121","Mineral waste from construction and demolition","ES","Spain","2010","2010","0"
"env_wastrt_W121_total","A","Annual","T","Tonne","HAZ_NHAZ","Hazardous and non-hazardous - total","RCV_E","Recovery - energy recovery (R1)","W121","Mineral waste from construction and demolition","ES","Spain","2012","2012","0"
"env_wastrt_W121_total","A","Annual","T","Tonne","HAZ_NHAZ","Hazardous and non-hazardous - total","RCV_E","Recovery - energy recovery (R1)","W121","Mineral waste from construction and demolition","ES","Spain","2014","2014","0"
"env_wastrt_W121_total","A","Annual","T","Tonne","HAZ_NHAZ","Hazardous and non-hazardous - total","RCV_E","Recovery - energy recovery (R1)","W121","Mineral waste from construction and demolition","ES","Spain","2016","2016","6"
"env_wastrt_W121_total","A","Annual","T","Tonne","HAZ_NHAZ","Hazardous and non-hazardous - total","RCV_E","Recovery - energy recovery (R1)","W121","Mineral waste from construction and demolition","ES","Spain","2018","2018","11"
"env_wastrt_W121_total","A","Annual","T","Tonne","HAZ_NHAZ","Hazardous and non-hazardous - total","RCV_E","Recovery - energy recovery (R1)","W121","Mineral waste from construction and demolition","ES","Spain","2020","2020","4469"
"env_wastrt_W121_total","A","Annual","T","Tonne","HAZ_NHAZ","Hazardous and non-hazardous - total","RCV_E","Recovery - energy recovery (R1)","W121","Mineral waste from construction and demolition","ES","Spain","2022","2022","63076"
"env_wastrt_W121_total","A","Annual","T","Tonne","HAZ_NHAZ","Hazardous and non-hazardous - total","RCV_E","Recovery - energy recovery (R1)","W121","Mineral waste from construction and demolition","FR","France","2010","2010","29293"
"env_wastrt_W121_total","A","Annual","T","Tonne","HAZ_NHAZ","Hazardous and non-hazardous - total","RCV_E","Recovery - energy recovery (R1)","W121","Mineral waste from construction and demolition","FR","France","2012","2012","27975"
"env_wastrt_W121_total","A","Annual","T","Tonne","HAZ_NHAZ","Hazardous and non-hazardous - total","RCV_E","Recovery - energy recovery (R1)","W121","Mineral waste from construction and demolition","FR","France","2014","2014","4432"
"env_wastrt_W121_total","A","Annual","T","Tonne","HAZ_NHAZ","Hazardous and non-hazardous - total","RCV_E","Recovery - energy recovery (R1)","W121","Mineral waste from construction and demolition","FR","France","2016","2016","4368"
"env_wastrt_W121_total","A","Annual","T","Tonne","HAZ_NHAZ","Hazardous and non-hazardous - total","RCV_E","Recovery - energy recovery (R1)","W121","Mineral waste from construction and demolition","FR","France","2018","2018","4955"
"env_wastrt_W121_total","A","Annual","T","Tonne","HAZ_NHAZ","Hazardous and non-hazardous - total","RCV_E","Recovery - energy recovery (R1)","W121","Mineral waste from construction and demolition","FR","France","2020","2020","83774"
"env_wastrt_W121_total","A","Annual","T","Tonne","HAZ_NHAZ","Hazardous and non-hazardous - total","RCV_E","Recovery - energy recovery (R1)","W121","Mineral waste from construction and demolition","FR","France","2022","2022","97712"
"env_wastrt_W121_total","A","Annual","T","Tonne","HAZ_NHAZ","Hazardous and non-hazardous - total","RCV_E","Recovery - energy recovery (R1)","W121","Mineral waste from construction and demolition","HR","Croatia","2010","2010","1522"
"env_wastrt_W121_total","A","Annual","T","Tonne","HAZ_NHAZ","Hazardous and non-hazardous - total","RCV_E","Recovery - energy recovery (R1)","W121","Mineral waste from construction and demolition","HR","Croatia","2012","2012","30"
"env_wastrt_W121_total","A","Annual","T","Tonne","HAZ_NHAZ","Hazardous and non-hazardous - total","RCV_E","Recovery - energy recovery (R1)","W121","Mineral waste from construction and demolition","HR","Croatia","2014","2014","3160"
"env_wastrt_W121_total","A","Annual","T","Tonne","HAZ_NHAZ","Hazardous and non-hazardous - total","RCV_E","Recovery - energy recovery (R1)","W121","Mineral waste from construction and demolition","HR","Croatia","2016","2016","6540"
"env_wastrt_W121_total","A","Annual","T","Tonne","HAZ_NHAZ","Hazardous and non-hazardous - total","RCV_E","Recovery - energy recovery (R1)","W121","Mineral waste from construction and demolition","HR","Croatia","2018","2018","172"
"env_wastrt_W121_total","A","Annual","T","Tonne","HAZ_NHAZ","Hazardous and non-hazardous - total","RCV_E","Recovery - energy recovery (R1)","W121","Mineral waste from construction and demolition","HR","Croatia","2020","2020","731"
"env_wastrt_W121_total","A","Annual","T","Tonne","HAZ_NHAZ","Hazardous and non-hazardous - total","RCV_E","Recovery - energy recovery (R1)","W121","Mineral waste from construction and demolition","HR","Croatia","2022","2022","4574"
"env_wastrt_W121_total","A","Annual","T","Tonne","HAZ_NHAZ","Hazardous and non-hazardous - total","RCV_E","Recovery - energy recovery (R1)","W121","Mineral waste from construction and demolition","IT","Italy","2010","2010","0"
"env_wastrt_W121_total","A","Annual","T","Tonne","HAZ_NHAZ","Hazardous and non-hazardous - total","RCV_E","Recovery - energy recovery (R1)","W121","Mineral waste from construction and demolition","IT","Italy","2012","2012","0"
"env_wastrt_W121_total","A","Annual","T","Tonne","HAZ_NHAZ","Hazardous and non-hazardous - total","RCV_E","Recovery - energy recovery (R1)","W121","Mineral waste from construction and demolition","IT","Italy","2014","2014","25"
"env_wastrt_W121_total","A","Annual","T","Tonne","HAZ_NHAZ","Hazardous and non-hazardous - total","RCV_E","Recovery - energy recovery (R1)","W121","Mineral waste from construction and demolition","IT","Italy","2016","2016","1295"
"env_wastrt_W121_total","A","Annual","T","Tonne","HAZ_NHAZ","Hazardous and non-hazardous - total","RCV_E","Recovery - energy recovery (R1)","W121","Mineral waste from construction and demolition","IT","Italy","2018","2018","585"
"env_wastrt_W121_total","A","Annual","T","Tonne","HAZ_NHAZ","Hazardous and non-hazardous - total","RCV_E","Recovery - energy recovery (R1)","W121","Mineral waste from construction and demolition","IT","Italy","2020","2020","2779"
"env_wastrt_W121_total","A","Annual","T","Tonne","HAZ_NHAZ","Hazardous and non-hazardous - total","RCV_E","Recovery - energy recovery (R1)","W121","Mineral waste from construction and demolition","IT","Italy","2022","2022","3715"
"env_wastrt_W121_total","A","Annual","T","Tonne","HAZ_NHAZ","Hazardous and non-hazardous - total","RCV_E","Recovery - energy recovery (R1)","W121","Mineral waste from construction and demolition","CY","Cyprus","2010","2010","0"
"env_wastrt_W121_total","A","Annual","T","Tonne","HAZ_NHAZ","Hazardous and non-hazardous - total","RCV_E","Recovery - energy recovery (R1)","W121","Mineral waste from construction and demolition","CY","Cyprus","2012","2012","0"
"env_wastrt_W121_total","A","Annual","T","Tonne","HAZ_NHAZ","Hazardous and non-hazardous - total","RCV_E","Recovery - energy recovery (R1)","W121","Mineral waste from construction and demolition","CY","Cyprus","2014","2014","0"
"env_wastrt_W121_total","A","Annual","T","Tonne","HAZ_NHAZ","Hazardous and non-hazardous - total","RCV_E","Recovery - energy recovery (R1)","W121","Mineral waste from construction and demolition","CY","Cyprus","2016","2016","0"
"env_wastrt_W121_total","A","Annual","T","Tonne","HAZ_NHAZ","Hazardous and non-hazardous - total","RCV_E","Recovery - energy recovery (R1)","W121","Mineral waste from construction and demolition","CY","Cyprus","2018","2018","0"
"env_wastrt_W121_total","A","Annual","T","Tonne","HAZ_NHAZ","Hazardous and non-hazardous - total","RCV_E","Recovery - energy recovery (R1)","W121","Mineral waste from construction and demolition","CY","Cyprus","2020","2020","0"
"env_wastrt_W121_total","A","Annual","T","Tonne","HAZ_NHAZ","Hazardous and non-hazardous - total","RCV_E","Recovery - energy recovery (R1)","W121","Mineral waste from construction and demolition","CY","Cyprus","2022","2022","0"
"env_wastrt_W121_total","A","Annual","T","Tonne","HAZ_NHAZ","Hazardous and non-hazardous - total","RCV_E","Recovery - energy recovery (R1)","W121","Mineral waste from construction and demolition","LV","Latvia","2010","2010","0"
"env_wastrt_W121_total","A","Annual","T","Tonne","HAZ_NHAZ","Hazardous and non-hazardous - total","RCV_E","Recovery - energy recovery (R1)","W121","Mineral waste from construction and demolition","LV","Latvia","2012","2012","0"
"env_wastrt_W121_total","A","Annual","T","Tonne","HAZ_NHAZ","Hazardous and non-hazardous - total","RCV_E","Recovery - energy recovery (R1)","W121","Mineral waste from construction and demolition","LV","Latvia","2014","2014","4"
"env_wastrt_W121_total","A","Annual","T","Tonne","HAZ_NHAZ","Hazardous and non-hazardous - total","RCV_E","Recovery - energy recovery (R1)","W121","Mineral waste from construction and demolition","LV","Latvia","2016","2016","0"
"env_wastrt_W121_total","A","Annual","T","Tonne","HAZ_NHAZ","Hazardous and non-hazardous - total","RCV_E","Recovery - energy recovery (R1)","W121","Mineral waste from construction and demolition","LV","Latvia","2018","2018","0"
"env_wastrt_W121_total","A","Annual","T","Tonne","HAZ_NHAZ","Hazardous and non-hazardous - total","RCV_E","Recovery - energy recovery (R1)","W121","Mineral waste from construction and demolition","LV","Latvia","2020","2020","0"
"env_wastrt_W121_total","A","Annual","T","Tonne","HAZ_NHAZ","Hazardous and non-hazardous - total","RCV_E","Recovery - energy recovery (R1)","W121","Mineral waste from construction and demolition","LV","Latvia","2022","2022","0"
"env_wastrt_W121_total","A","Annual","T","Tonne","HAZ_NHAZ","Hazardous and non-hazardous - total","RCV_E","Recovery - energy recovery (R1)","W121","Mineral waste from construction and demolition","LT","Lithuania","2010","2010","0"
"env_wastrt_W121_total","A","Annual","T","Tonne","HAZ_NHAZ","Hazardous and non-hazardous - total","RCV_E","Recovery - energy recovery (R1)","W121","Mineral waste from construction and demolition","LT","Lithuania","2012","2012","0"
"env_wastrt_W121_total","A","Annual","T","Tonne","HAZ_NHAZ","Hazardous and non-hazardous - total","RCV_E","Recovery - energy recovery (R1)","W121","Mineral waste from construction and demolition","LT","Lithuania","2014","2014","0"
"env_wastrt_W121_total","A","Annual","T","Tonne","HAZ_NHAZ","Hazardous and non-hazardous - total","RCV_E","Recovery - energy recovery (R1)","W121","Mineral waste from construction and demolition","LT","Lithuania","2016","2016","808"
"env_wastrt_W121_total","A","Annual","T","Tonne","HAZ_NHAZ","Hazardous and non-hazardous - total","RCV_E","Recovery - energy recovery (R1)","W121","Mineral waste from construction and demolition","LT","Lithuania","2018","2018","719"
"env_wastrt_W121_total","A","Annual","T","Tonne","HAZ_NHAZ","Hazardous and non-hazardous - total","RCV_E","Recovery - energy recovery (R1)","W121","Mineral waste from construction and demolition","LT","Lithuania","2020","2020","453"
"env_wastrt_W121_total","A","Annual","T","Tonne","HAZ_NHAZ","Hazardous and non-hazardous - total","RCV_E","Recovery - energy recovery (R1)","W121","Mineral waste from construction and demolition","LT","Lithuania","2022","2022","429"
"env_wastrt_W121_total","A","Annual","T","Tonne","HAZ_NHAZ","Hazardous and non-hazardous - total","RCV_E","Recovery - energy recovery (R1)","W121","Mineral waste from construction and demolition","LU","Luxembourg","2010","2010","0"
"env_wastrt_W121_total","A","Annual","T","Tonne","HAZ_NHAZ","Hazardous and non-hazardous - total","RCV_E","Recovery - energy recovery (R1)","W121","Mineral waste from construction and demolition","LU","Luxembourg","2012","2012","0"
"env_wastrt_W121_total","A","Annual","T","Tonne","HAZ_NHAZ","Hazardous and non-hazardous - total","RCV_E","Recovery - energy recovery (R1)","W121","Mineral waste from construction and demolition","LU","Luxembourg","2014","2014","0"
"env_wastrt_W121_total","A","Annual","T","Tonne","HAZ_NHAZ","Hazardous and non-hazardous - total","RCV_E","Recovery - energy recovery (R1)","W121","Mineral waste from construction and demolition","LU","Luxembourg","2016","2016","0"
"env_wastrt_W121_total","A","Annual","T","Tonne","HAZ_NHAZ","Hazardous and non-hazardous - total","RCV_E","Recovery - energy recovery (R1)","W121","Mineral waste from construction and demolition","LU","Luxembourg","2018","2018","0"
"env_wastrt_W121_total","A","Annual","T","Tonne","HAZ_NHAZ","Hazardous and non-hazardous - total","RCV_E","Recovery - energy recovery (R1)","W121","Mineral waste from construction and demolition","LU","Luxembourg","2020","2020","0"
"env_wastrt_W121_total","A","Annual","T","Tonne","HAZ_NHAZ","Hazardous and non-hazardous - total","RCV_E","Recovery - energy recovery (R1)","W121","Mineral waste from construction and demolition","LU","Luxembourg","2022","2022","0"
"env_wastrt_W121_total","A","Annual","T","Tonne","HAZ_NHAZ","Hazardous and non-hazardous - total","RCV_E","Recovery - energy recovery (R1)","W121","Mineral waste from construction and demolition","HU","Hungary","2010","2010","34"
"env_wastrt_W121_total","A","Annual","T","Tonne","HAZ_NHAZ","Hazardous and non-hazardous - total","RCV_E","Recovery - energy recovery (R1)","W121","Mineral waste from construction and demolition","HU","Hungary","2012","2012","94"
"env_wastrt_W121_total","A","Annual","T","Tonne","HAZ_NHAZ","Hazardous and non-hazardous - total","RCV_E","Recovery - energy recovery (R1)","W121","Mineral waste from construction and demolition","HU","Hungary","2014","2014","51"
"env_wastrt_W121_total","A","Annual","T","Tonne","HAZ_NHAZ","Hazardous and non-hazardous - total","RCV_E","Recovery - energy recovery (R1)","W121","Mineral waste from construction and demolition","HU","Hungary","2016","2016","98"
"env_wastrt_W121_total","A","Annual","T","Tonne","HAZ_NHAZ","Hazardous and non-hazardous - total","RCV_E","Recovery - energy recovery (R1)","W121","Mineral waste from construction and demolition","HU","Hungary","2018","2018","17"
"env_wastrt_W121_total","A","Annual","T","Tonne","HAZ_NHAZ","Hazardous and non-hazardous - total","RCV_E","Recovery - energy recovery (R1)","W121","Mineral waste from construction and demolition","HU","Hungary","2020","2020","314"
"env_wastrt_W121_total","A","Annual","T","Tonne","HAZ_NHAZ","Hazardous and non-hazardous - total","RCV_E","Recovery - energy recovery (R1)","W121","Mineral waste from construction and demolition","HU","Hungary","2022","2022","13"
"env_wastrt_W121_total","A","Annual","T","Tonne","HAZ_NHAZ","Hazardous and non-hazardous - total","RCV_E","Recovery - energy recovery (R1)","W121","Mineral waste from construction and demolition","MT","Malta","2010","2010","0"
"env_wastrt_W121_total","A","Annual","T","Tonne","HAZ_NHAZ","Hazardous and non-hazardous - total","RCV_E","Recovery - energy recovery (R1)","W121","Mineral waste from construction and demolition","MT","Malta","2012","2012","0"
"env_wastrt_W121_total","A","Annual","T","Tonne","HAZ_NHAZ","Hazardous and non-hazardous - total","RCV_E","Recovery - energy recovery (R1)","W121","Mineral waste from construction and demolition","MT","Malta","2014","2014","0"
"env_wastrt_W121_total","A","Annual","T","Tonne","HAZ_NHAZ","Hazardous and non-hazardous - total","RCV_E","Recovery - energy recovery (R1)","W121","Mineral waste from construction and demolition","MT","Malta","2016","2016","0"
"env_wastrt_W121_total","A","Annual","T","Tonne","HAZ_NHAZ","Hazardous and non-hazardous - total","RCV_E","Recovery - energy recovery (R1)","W121","Mineral waste from construction and demolition","MT","Malta","2018","2018","0"
"env_wastrt_W121_total","A","Annual","T","Tonne","HAZ_NHAZ","Hazardous and non-hazardous - total","RCV_E","Recovery - energy recovery (R1)","W121","Mineral waste from construction and demolition","MT","Malta","2020","2020","0"
"env_wastrt_W121_total","A","Annual","T","Tonne","HAZ_NHAZ","Hazardous and non-hazardous - total","RCV_E","Recovery - energy recovery (R1)","W121","Mineral waste from construction and demolition","MT","Malta","2022","2022","0"
"env_wastrt_W121_total","A","Annual","T","Tonne","HAZ_NHAZ","Hazardous and non-hazardous - total","RCV_E","Recovery - energy recovery (R1)","W121","Mineral waste from construction and demolition","NL","Netherlands","2010","2010","7728"
"env_wastrt_W121_total","A","Annual","T","Tonne","HAZ_NHAZ","Hazardous and non-hazardous - total","RCV_E","Recovery - energy recovery (R1)","W121","Mineral waste from construction and demolition","NL","Netherlands","2012","2012","4647"
"env_wastrt_W121_total","A","Annual","T","Tonne","HAZ_NHAZ","Hazardous and non-hazardous - total","RCV_E","Recovery - energy recovery (R1)","W121","Mineral waste from construction and demolition","NL","Netherlands","2014","2014","17303"
"env_wastrt_W121_total","A","Annual","T","Tonne","HAZ_NHAZ","Hazardous and non-hazardous - total","RCV_E","Recovery - energy recovery (R1)","W121","Mineral waste from construction and demolition","NL","Netherlands","2016","2016","1380"
"env_wastrt_W121_total","A","Annual","T","Tonne","HAZ_NHAZ","Hazardous and non-hazardous - total","RCV_E","Recovery - energy recovery (R1)","W121","Mineral waste from construction and demolition","NL","Netherlands","2018","2018","12764"
"env_wastrt_W121_total","A","Annual","T","Tonne","HAZ_NHAZ","Hazardous and non-hazardous - total","RCV_E","Recovery - energy recovery (R1)","W121","Mineral waste from construction and demolition","NL","Netherlands","2020","2020","34664"
"env_wastrt_W121_total","A","Annual","T","Tonne","HAZ_NHAZ","Hazardous and non-hazardous - total","RCV_E","Recovery - energy recovery (R1)","W121","Mineral waste from construction and demolition","NL","Netherlands","2022","2022","12470"
"env_wastrt_W121_total","A","Annual","T","Tonne","HAZ_NHAZ","Hazardous and non-hazardous - total","RCV_E","Recovery - energy recovery (R1)","W121","Mineral waste from construction and demolition","AT","Austria","2010","2010","693"
"env_wastrt_W121_total","A","Annual","T","Tonne","HAZ_NHAZ","Hazardous and non-hazardous - total","RCV_E","Recovery - energy recovery (R1)","W121","Mineral waste from construction and demolition","AT","Austria","2012","2012","24"
"env_wastrt_W121_total","A","Annual","T","Tonne","HAZ_NHAZ","Hazardous and non-hazardous - total","RCV_E","Recovery - energy recovery (R1)","W121","Mineral waste from construction and demolition","PL","Poland","2010","2010","967"
"env_wastrt_W121_total","A","Annual","T","Tonne","HAZ_NHAZ","Hazardous and non-hazardous - total","RCV_E","Recovery - energy recovery (R1)","W121","Mineral waste from construction and demolition","PL","Poland","2012","2012","2749"
"env_wastrt_W121_total","A","Annual","T","Tonne","HAZ_NHAZ","Hazardous and non-hazardous - total","RCV_E","Recovery - energy recovery (R1)","W121","Mineral waste from construction and demolition","PL","Poland","2014","2014","321"
"env_wastrt_W121_total","A","Annual","T","Tonne","HAZ_NHAZ","Hazardous and non-hazardous - total","RCV_E","Recovery - energy recovery (R1)","W121","Mineral waste from construction and demolition","PL","Poland","2016","2016","4612"
"env_wastrt_W121_total","A","Annual","T","Tonne","HAZ_NHAZ","Hazardous and non-hazardous - total","RCV_E","Recovery - energy recovery (R1)","W121","Mineral waste from construction and demolition","PL","Poland","2018","2018","0"
"env_wastrt_W121_total","A","Annual","T","Tonne","HAZ_NHAZ","Hazardous and non-hazardous - total","RCV_E","Recovery - energy recovery (R1)","W121","Mineral waste from construction and demolition","PL","Poland","2020","2020","87"
"env_wastrt_W121_total","A","Annual","T","Tonne","HAZ_NHAZ","Hazardous and non-hazardous - total","RCV_E","Recovery - energy recovery (R1)","W121","Mineral waste from construction and demolition","PL","Poland","2022","2022","2109"
"env_wastrt_W121_total","A","Annual","T","Tonne","HAZ_NHAZ","Hazardous and non-hazardous - total","RCV_E","Recovery - energy recovery (R1)","W121","Mineral waste from construction and demolition","PT","Portugal","2010","2010","0"
"env_wastrt_W121_total","A","Annual","T","Tonne","HAZ_NHAZ","Hazardous and non-hazardous - total","RCV_E","Recovery - energy recovery (R1)","W121","Mineral waste from construction and demolition","PT","Portugal","2012","2012","0"
"env_wastrt_W121_total","A","Annual","T","Tonne","HAZ_NHAZ","Hazardous and non-hazardous - total","RCV_E","Recovery - energy recovery (R1)","W121","Mineral waste from construction and demolition","PT","Portugal","2014","2014","0"
"env_wastrt_W121_total","A","Annual","T","Tonne","HAZ_NHAZ","Hazardous and non-hazardous - total","RCV_E","Recovery - energy recovery (R1)","W121","Mineral waste from construction and demolition","PT","Portugal","2016","2016","0"
"env_wastrt_W121_total","A","Annual","T","Tonne","HAZ_NHAZ","Hazardous and non-hazardous - total","RCV_E","Recovery - energy recovery (R1)","W121","Mineral waste from construction and demolition","PT","Portugal","2018","2018","0"
"env_wastrt_W121_total","A","Annual","T","Tonne","HAZ_NHAZ","Hazardous and non-hazardous - total","RCV_E","Recovery - energy recovery (R1)","W121","Mineral waste from construction and demolition","PT","Portugal","2020","2020","0"
"env_wastrt_W121_total","A","Annual","T","Tonne","HAZ_NHAZ","Hazardous and non-hazardous - total","RCV_E","Recovery - energy recovery (R1)","W121","Mineral waste from construction and demolition","PT","Portugal","2022","2022","0"
"env_wastrt_W121_total","A","Annual","T","Tonne","HAZ_NHAZ","Hazardous and non-hazardous - total","RCV_E","Recovery - energy recovery (R1)","W121","Mineral waste from construction and demolition","RO","Romania","2010","2010","1474"
"env_wastrt_W121_total","A","Annual","T","Tonne","HAZ_NHAZ","Hazardous and non-hazardous - total","RCV_E","Recovery - energy recovery (R1)","W121","Mineral waste from construction and demolition","RO","Romania","2012","2012","10"
"env_wastrt_W121_total","A","Annual","T","Tonne","HAZ_NHAZ","Hazardous and non-hazardous - total","RCV_E","Recovery - energy recovery (R1)","W121","Mineral waste from construction and demolition","RO","Romania","2014","2014","11"
"env_wastrt_W121_total","A","Annual","T","Tonne","HAZ_NHAZ","Hazardous and non-hazardous - total","RCV_E","Recovery - energy recovery (R1)","W121","Mineral waste from construction and demolition","RO","Romania","2016","2016","2091"
"env_wastrt_W121_total","A","Annual","T","Tonne","HAZ_NHAZ","Hazardous and non-hazardous - total","RCV_E","Recovery - energy recovery (R1)","W121","Mineral waste from construction and demolition","RO","Romania","2018","2018","0"
"env_wastrt_W121_total","A","Annual","T","Tonne","HAZ_NHAZ","Hazardous and non-hazardous - total","RCV_E","Recovery - energy recovery (R1)","W121","Mineral waste from construction and demolition","RO","Romania","2020","2020","0"
"env_wastrt_W121_total","A","Annual","T","Tonne","HAZ_NHAZ","Hazardous and non-hazardous - total","RCV_E","Recovery - energy recovery (R1)","W121","Mineral waste from construction and demolition","RO","Romania","2022","2022","0"
"env_wastrt_W121_total","A","Annual","T","Tonne","HAZ_NHAZ","Hazardous and non-hazardous - total","RCV_E","Recovery - energy recovery (R1)","W121","Mineral waste from construction and demolition","SI","Slovenia","2010","2010","2"
"env_wastrt_W121_total","A","Annual","T","Tonne","HAZ_NHAZ","Hazardous and non-hazardous - total","RCV_E","Recovery - energy recovery (R1)","W121","Mineral waste from construction and demolition","SI","Slovenia","2012","2012","974"
"env_wastrt_W121_total","A","Annual","T","Tonne","HAZ_NHAZ","Hazardous and non-hazardous - total","RCV_E","Recovery - energy recovery (R1)","W121","Mineral waste from construction and demolition","SI","Slovenia","2014","2014","0"
"env_wastrt_W121_total","A","Annual","T","Tonne","HAZ_NHAZ","Hazardous and non-hazardous - total","RCV_E","Recovery - energy recovery (R1)","W121","Mineral waste from construction and demolition","SI","Slovenia","2016","2016","0"
"env_wastrt_W121_total","A","Annual","T","Tonne","HAZ_NHAZ","Hazardous and non-hazardous - total","RCV_E","Recovery - energy recovery (R1)","W121","Mineral waste from construction and demolition","SI","Slovenia","2018","2018","0"
"env_wastrt_W121_total","A","Annual","T","Tonne","HAZ_NHAZ","Hazardous and non-hazardous - total","RCV_E","Recovery - energy recovery (R1)","W121","Mineral waste from construction and demolition","SI","Slovenia","2020","2020","0"
"env_wastrt_W121_total","A","Annual","T","Tonne","HAZ_NHAZ","Hazardous and non-hazardous - total","RCV_E","Recovery - energy recovery (R1)","W121","Mineral waste from construction and demolition","SI","Slovenia","2022","2022","0"
"env_wastrt_W121_total","A","Annual","T","Tonne","HAZ_NHAZ","Hazardous and non-hazardous - total","RCV_E","Recovery - energy recovery (R1)","W121","Mineral waste from construction and demolition","SK","Slovakia","2010","2010","145"
"env_wastrt_W121_total","A","Annual","T","Tonne","HAZ_NHAZ","Hazardous and non-hazardous - total","RCV_E","Recovery - energy recovery (R1)","W121","Mineral waste from construction and demolition","SK","Slovakia","2012","2012","193"
"env_wastrt_W121_total","A","Annual","T","Tonne","HAZ_NHAZ","Hazardous and non-hazardous - total","RCV_E","Recovery - energy recovery (R1)","W121","Mineral waste from construction and demolition","SK","Slovakia","2014","2014","1507"
"env_wastrt_W121_total","A","Annual","T","Tonne","HAZ_NHAZ","Hazardous and non-hazardous - total","RCV_E","Recovery - energy recovery (R1)","W121","Mineral waste from construction and demolition","SK","Slovakia","2016","2016","0"
"env_wastrt_W121_total","A","Annual","T","Tonne","HAZ_NHAZ","Hazardous and non-hazardous - total","RCV_E","Recovery - energy recovery (R1)","W121","Mineral waste from construction and demolition","SK","Slovakia","2018","2018","183"
"env_wastrt_W121_total","A","Annual","T","Tonne","HAZ_NHAZ","Hazardous and non-hazardous - total","RCV_E","Recovery - energy recovery (R1)","W121","Mineral waste from construction and demolition","SK","Slovakia","2020","2020","594"
"env_wastrt_W121_total","A","Annual","T","Tonne","HAZ_NHAZ","Hazardous and non-hazardous - total","RCV_E","Recovery - energy recovery (R1)","W121","Mineral waste from construction and demolition","SK","Slovakia","2022","2022","159"
"env_wastrt_W121_total","A","Annual","T","Tonne","HAZ_NHAZ","Hazardous and non-hazardous - total","RCV_E","Recovery - energy recovery (R1)","W121","Mineral waste from construction and demolition","FI","Finland","2010","2010","61361"
"env_wastrt_W121_total","A","Annual","T","Tonne","HAZ_NHAZ","Hazardous and non-hazardous - total","RCV_E","Recovery - energy recovery (R1)","W121","Mineral waste from construction and demolition","FI","Finland","2012","2012","192251"
"env_wastrt_W121_total","A","Annual","T","Tonne","HAZ_NHAZ","Hazardous and non-hazardous - total","RCV_E","Recovery - energy recovery (R1)","W121","Mineral waste from construction and demolition","FI","Finland","2014","2014","197065"
"env_wastrt_W121_total","A","Annual","T","Tonne","HAZ_NHAZ","Hazardous and non-hazardous - total","RCV_E","Recovery - energy recovery (R1)","W121","Mineral waste from construction and demolition","FI","Finland","2016","2016","246928"
"env_wastrt_W121_total","A","Annual","T","Tonne","HAZ_NHAZ","Hazardous and non-hazardous - total","RCV_E","Recovery - energy recovery (R1)","W121","Mineral waste from construction and demolition","FI","Finland","2018","2018","264461"
"env_wastrt_W121_total","A","Annual","T","Tonne","HAZ_NHAZ","Hazardous and non-hazardous - total","RCV_E","Recovery - energy recovery (R1)","W121","Mineral waste from construction and demolition","FI","Finland","2020","2020","403292"
"env_wastrt_W121_total","A","Annual","T","Tonne","HAZ_NHAZ","Hazardous and non-hazardous - total","RCV_E","Recovery - energy recovery (R1)","W121","Mineral waste from construction and demolition","FI","Finland","2022","2022","220260"
"env_wastrt_W121_total","A","Annual","T","Tonne","HAZ_NHAZ","Hazardous and non-hazardous - total","RCV_E","Recovery - energy recovery (R1)","W121","Mineral waste from construction and demolition","SE","Sweden","2010","2010","0"
"env_wastrt_W121_total","A","Annual","T","Tonne","HAZ_NHAZ","Hazardous and non-hazardous - total","RCV_E","Recovery - energy recovery (R1)","W121","Mineral waste from construction and demolition","SE","Sweden","2012","2012","38097"
"env_wastrt_W121_total","A","Annual","T","Tonne","HAZ_NHAZ","Hazardous and non-hazardous - total","RCV_E","Recovery - energy recovery (R1)","W121","Mineral waste from construction and demolition","SE","Sweden","2014","2014","6564"
"env_wastrt_W121_total","A","Annual","T","Tonne","HAZ_NHAZ","Hazardous and non-hazardous - total","RCV_E","Recovery - energy recovery (R1)","W121","Mineral waste from construction and demolition","SE","Sweden","2016","2016","219832"
"env_wastrt_W121_total","A","Annual","T","Tonne","HAZ_NHAZ","Hazardous and non-hazardous - total","RCV_E","Recovery - energy recovery (R1)","W121","Mineral waste from construction and demolition","SE","Sweden","2018","2018","45005"
"env_wastrt_W121_total","A","Annual","T","Tonne","HAZ_NHAZ","Hazardous and non-hazardous - total","RCV_E","Recovery - energy recovery (R1)","W121","Mineral waste from construction and demolition","SE","Sweden","2020","2020","157709"
"env_wastrt_W121_total","A","Annual","T","Tonne","HAZ_NHAZ","Hazardous and non-hazardous - total","RCV_E","Recovery - energy recovery (R1)","W121","Mineral waste from construction and demolition","IS","Iceland","2010","2010","0"
"env_wastrt_W121_total","A","Annual","T","Tonne","HAZ_NHAZ","Hazardous and non-hazardous - total","RCV_E","Recovery - energy recovery (R1)","W121","Mineral waste from construction and demolition","IS","Iceland","2012","2012","0"
"env_wastrt_W121_total","A","Annual","T","Tonne","HAZ_NHAZ","Hazardous and non-hazardous - total","RCV_E","Recovery - energy recovery (R1)","W121","Mineral waste from construction and demolition","IS","Iceland","2014","2014","0"
"env_wastrt_W121_total","A","Annual","T","Tonne","HAZ_NHAZ","Hazardous and non-hazardous - total","RCV_E","Recovery - energy recovery (R1)","W121","Mineral waste from construction and demolition","IS","Iceland","2016","2016","0"
"env_wastrt_W121_total","A","Annual","T","Tonne","HAZ_NHAZ","Hazardous and non-hazardous - total","RCV_E","Recovery - energy recovery (R1)","W121","Mineral waste from construction and demolition","IS","Iceland","2018","2018","69"
"env_wastrt_W121_total","A","Annual","T","Tonne","HAZ_NHAZ","Hazardous and non-hazardous - total","RCV_E","Recovery - energy recovery (R1)","W121","Mineral waste from construction and demolition","IS","Iceland","2020","2020","123"
"env_wastrt_W121_total","A","Annual","T","Tonne","HAZ_NHAZ","Hazardous and non-hazardous - total","RCV_E","Recovery - energy recovery (R1)","W121","Mineral waste from construction and demolition","IS","Iceland","2022","2022","0"
"env_wastrt_W121_total","A","Annual","T","Tonne","HAZ_NHAZ","Hazardous and non-hazardous - total","RCV_E","Recovery - energy recovery (R1)","W121","Mineral waste from construction and demolition","NO","Norway","2010","2010","0"
"env_wastrt_W121_total","A","Annual","T","Tonne","HAZ_NHAZ","Hazardous and non-hazardous - total","RCV_E","Recovery - energy recovery (R1)","W121","Mineral waste from construction and demolition","NO","Norway","2012","2012","48"
"env_wastrt_W121_total","A","Annual","T","Tonne","HAZ_NHAZ","Hazardous and non-hazardous - total","RCV_E","Recovery - energy recovery (R1)","W121","Mineral waste from construction and demolition","NO","Norway","2014","2014","34421"
"env_wastrt_W121_total","A","Annual","T","Tonne","HAZ_NHAZ","Hazardous and non-hazardous - total","RCV_E","Recovery - energy recovery (R1)","W121","Mineral waste from construction and demolition","NO","Norway","2016","2016","36195"
"env_wastrt_W121_total","A","Annual","T","Tonne","HAZ_NHAZ","Hazardous and non-hazardous - total","RCV_E","Recovery - energy recovery (R1)","W121","Mineral waste from construction and demolition","NO","Norway","2018","2018","26376"
"env_wastrt_W121_total","A","Annual","T","Tonne","HAZ_NHAZ","Hazardous and non-hazardous - total","RCV_E","Recovery - energy recovery (R1)","W121","Mineral waste from construction and demolition","NO","Norway","2020","2020","26236"
"env_wastrt_W121_total","A","Annual","T","Tonne","HAZ_NHAZ","Hazardous and non-hazardous - total","RCV_E","Recovery - energy recovery (R1)","W121","Mineral waste from construction and demolition","NO","Norway","2022","2022","20923"
"env_wastrt_W121_total","A","Annual","T","Tonne","HAZ_NHAZ","Hazardous and non-hazardous - total","RCV_E","Recovery - energy recovery (R1)","W121","Mineral waste from construction and demolition","UK","United Kingdom","2010","2010","0"
"env_wastrt_W121_total","A","Annual","T","Tonne","HAZ_NHAZ","Hazardous and non-hazardous - total","RCV_E","Recovery - energy recovery (R1)","W121","Mineral waste from construction and demolition","UK","United Kingdom","2012","2012","0"
"env_wastrt_W121_total","A","Annual","T","Tonne","HAZ_NHAZ","Hazardous and non-hazardous - total","RCV_E","Recovery - energy recovery (R1)","W121","Mineral waste from construction and demolition","UK","United Kingdom","2014","2014","0"
"env_wastrt_W121_total","A","Annual","T","Tonne","HAZ_NHAZ","Hazardous and non-hazardous - total","RCV_E","Recovery - energy recovery (R1)","W121","Mineral waste from construction and demolition","UK","United Kingdom","2016","2016","0"
"env_wastrt_W121_total","A","Annual","T","Tonne","HAZ_NHAZ","Hazardous and non-hazardous - total","RCV_E","Recovery - energy recovery (R1)","W121","Mineral waste from construction and demolition","UK","United Kingdom","2018","2018","0"
"env_wastrt_W121_total","A","Annual","T","Tonne","HAZ_NHAZ","Hazardous and non-hazardous - total","RCV_E","Recovery - energy recovery (R1)","W121","Mineral waste from construction and demolition","BA","Bosnia and Herzegovina","2022","2022","20"
"env_wastrt_W121_total","A","Annual","T","Tonne","HAZ_NHAZ","Hazardous and non-hazardous - total","RCV_E","Recovery - energy recovery (R1)","W121","Mineral waste from construction and demolition","ME","Montenegro","2012","2012","0"
"env_wastrt_W121_total","A","Annual","T","Tonne","HAZ_NHAZ","Hazardous and non-hazardous - total","RCV_E","Recovery - energy recovery (R1)","W121","Mineral waste from construction and demolition","ME","Montenegro","2014","2014","0"
"env_wastrt_W121_total","A","Annual","T","Tonne","HAZ_NHAZ","Hazardous and non-hazardous - total","RCV_E","Recovery - energy recovery (R1)","W121","Mineral waste from construction and demolition","ME","Montenegro","2016","2016","0"
"env_wastrt_W121_total","A","Annual","T","Tonne","HAZ_NHAZ","Hazardous and non-hazardous - total","RCV_E","Recovery - energy recovery (R1)","W121","Mineral waste from construction and demolition","ME","Montenegro","2018","2018","0"
"env_wastrt_W121_total","A","Annual","T","Tonne","HAZ_NHAZ","Hazardous and non-hazardous - total","RCV_E","Recovery - energy recovery (R1)","W121","Mineral waste from construction and demolition","ME","Montenegro","2020","2020","0"
"env_wastrt_W121_total","A","Annual","T","Tonne","HAZ_NHAZ","Hazardous and non-hazardous - total","RCV_E","Recovery - energy recovery (R1)","W121","Mineral waste from construction and demolition","ME","Montenegro","2022","2022","0"
"env_wastrt_W121_total","A","Annual","T","Tonne","HAZ_NHAZ","Hazardous and non-hazardous - total","RCV_E","Recovery - energy recovery (R1)","W121","Mineral waste from construction and demolition","MK","North Macedonia","2010","2010","0"
"env_wastrt_W121_total","A","Annual","T","Tonne","HAZ_NHAZ","Hazardous and non-hazardous - total","RCV_E","Recovery - energy recovery (R1)","W121","Mineral waste from construction and demolition","MK","North Macedonia","2012","2012","0"
"env_wastrt_W121_total","A","Annual","T","Tonne","HAZ_NHAZ","Hazardous and non-hazardous - total","RCV_E","Recovery - energy recovery (R1)","W121","Mineral waste from construction and demolition","MK","North Macedonia","2014","2014","0"
"env_wastrt_W121_total","A","Annual","T","Tonne","HAZ_NHAZ","Hazardous and non-hazardous - total","RCV_E","Recovery - energy recovery (R1)","W121","Mineral waste from construction and demolition","MK","North Macedonia","2018","2018","0"
"env_wastrt_W121_total","A","Annual","T","Tonne","HAZ_NHAZ","Hazardous and non-hazardous - total","RCV_E","Recovery - energy recovery (R1)","W121","Mineral waste from construction and demolition","MK","North Macedonia","2020","2020","0"
"env_wastrt_W121_total","A","Annual","T","Tonne","HAZ_NHAZ","Hazardous and non-hazardous - total","RCV_E","Recovery - energy recovery (R1)","W121","Mineral waste from construction and demolition","MK","North Macedonia","2022","2022","0"
"env_wastrt_W121_total","A","Annual","T","Tonne","HAZ_NHAZ","Hazardous and non-hazardous - total","RCV_E","Recovery - energy recovery (R1)","W121","Mineral waste from construction and demolition","AL","Albania","2014","2014","0"
"env_wastrt_W121_total","A","Annual","T","Tonne","HAZ_NHAZ","Hazardous and non-hazardous - total","RCV_E","Recovery - energy recovery (R1)","W121","Mineral waste from construction and demolition","RS","Serbia","2010","2010","0"
"env_wastrt_W121_total","A","Annual","T","Tonne","HAZ_NHAZ","Hazardous and non-hazardous - total","RCV_E","Recovery - energy recovery (R1)","W121","Mineral waste from construction and demolition","RS","Serbia","2012","2012","0"
"env_wastrt_W121_total","A","Annual","T","Tonne","HAZ_NHAZ","Hazardous and non-hazardous - total","RCV_E","Recovery - energy recovery (R1)","W121","Mineral waste from construction and demolition","RS","Serbia","2014","2014","0"
"env_wastrt_W121_total","A","Annual","T","Tonne","HAZ_NHAZ","Hazardous and non-hazardous - total","RCV_E","Recovery - energy recovery (R1)","W121","Mineral waste from construction and demolition","RS","Serbia","2016","2016","0"
"env_wastrt_W121_total","A","Annual","T","Tonne","HAZ_NHAZ","Hazardous and non-hazardous - total","RCV_E","Recovery - energy recovery (R1)","W121","Mineral waste from construction and demolition","RS","Serbia","2018","2018","0"
"env_wastrt_W121_total","A","Annual","T","Tonne","HAZ_NHAZ","Hazardous and non-hazardous - total","RCV_E","Recovery - energy recovery (R1)","W121","Mineral waste from construction and demolition","RS","Serbia","2020","2020","0"
"env_wastrt_W121_total","A","Annual","T","Tonne","HAZ_NHAZ","Hazardous and non-hazardous - total","RCV_E","Recovery - energy recovery (R1)","W121","Mineral waste from construction and demolition","RS","Serbia","2022","2022","42"
"env_wastrt_W121_total","A","Annual","T","Tonne","HAZ_NHAZ","Hazardous and non-hazardous - total","RCV_E","Recovery - energy recovery (R1)","W121","Mineral waste from construction and demolition","TR","Türkiye","2012","2012","606"
"env_wastrt_W121_total","A","Annual","T","Tonne","HAZ_NHAZ","Hazardous and non-hazardous - total","RCV_E","Recovery - energy recovery (R1)","W121","Mineral waste from construction and demolition","TR","Türkiye","2022","2022","1427"
"env_wastrt_W121_total","A","Annual","T","Tonne","HAZ_NHAZ","Hazardous and non-hazardous - total","RCV_E","Recovery - energy recovery (R1)","W121","Mineral waste from construction and demolition","XK","Kosovo*","2016","2016","0"
"env_wastrt_W121_total","A","Annual","T","Tonne","HAZ_NHAZ","Hazardous and non-hazardous - total","RCV_E","Recovery - energy recovery (R1)","W121","Mineral waste from construction and demolition","XK","Kosovo*","2020","2020","0"
"env_wastrt_W121_total","A","Annual","T","Tonne","HAZ_NHAZ","Hazardous and non-hazardous - total","RCV_E","Recovery - energy recovery (R1)","W121","Mineral waste from construction and demolition","XK","Kosovo*","2022","2022","0"
"env_wastrt_W121_total","A","Annual","T","Tonne","HAZ_NHAZ","Hazardous and non-hazardous - total","RCV_R_B","Recovery - recycling and backfilling (R2-R11)","W121","Mineral waste from construction and demolition","EU27_2020","European Union - 27 countries (from 2020)","2010","2010","190900000"
"env_wastrt_W121_total","A","Annual","T","Tonne","HAZ_NHAZ","Hazardous and non-hazardous - total","RCV_R_B","Recovery - recycling and backfilling (R2-R11)","W121","Mineral waste from construction and demolition","EU27_2020","European Union - 27 countries (from 2020)","2012","2012","204110000"
"env_wastrt_W121_total","A","Annual","T","Tonne","HAZ_NHAZ","Hazardous and non-hazardous - total","RCV_R_B","Recovery - recycling and backfilling (R2-R11)","W121","Mineral waste from construction and demolition","EU27_2020","European Union - 27 countries (from 2020)","2014","2014","195770000"
"env_wastrt_W121_total","A","Annual","T","Tonne","HAZ_NHAZ","Hazardous and non-hazardous - total","RCV_R_B","Recovery - recycling and backfilling (R2-R11)","W121","Mineral waste from construction and demolition","EU27_2020","European Union - 27 countries (from 2020)","2016","2016","213730000"
"env_wastrt_W121_total","A","Annual","T","Tonne","HAZ_NHAZ","Hazardous and non-hazardous - total","RCV_R_B","Recovery - recycling and backfilling (R2-R11)","W121","Mineral waste from construction and demolition","EU27_2020","European Union - 27 countries (from 2020)","2018","2018","234820000"
"env_wastrt_W121_total","A","Annual","T","Tonne","HAZ_NHAZ","Hazardous and non-hazardous - total","RCV_R_B","Recovery - recycling and backfilling (R2-R11)","W121","Mineral waste from construction and demolition","EU27_2020","European Union - 27 countries (from 2020)","2020","2020","243370000"
"env_wastrt_W121_total","A","Annual","T","Tonne","HAZ_NHAZ","Hazardous and non-hazardous - total","RCV_R_B","Recovery - recycling and backfilling (R2-R11)","W121","Mineral waste from construction and demolition","EU27_2020","European Union - 27 countries (from 2020)","2022","2022","255090000"
"env_wastrt_W121_total","A","Annual","T","Tonne","HAZ_NHAZ","Hazardous and non-hazardous - total","RCV_R_B","Recovery - recycling and backfilling (R2-R11)","W121","Mineral waste from construction and demolition","EU28","European Union - 28 countries (2013-2020)","2010","2010","241820000"
"env_wastrt_W121_total","A","Annual","T","Tonne","HAZ_NHAZ","Hazardous and non-hazardous - total","RCV_R_B","Recovery - recycling and backfilling (R2-R11)","W121","Mineral waste from construction and demolition","EU28","European Union - 28 countries (2013-2020)","2012","2012","251710000"
"env_wastrt_W121_total","A","Annual","T","Tonne","HAZ_NHAZ","Hazardous and non-hazardous - total","RCV_R_B","Recovery - recycling and backfilling (R2-R11)","W121","Mineral waste from construction and demolition","EU28","European Union - 28 countries (2013-2020)","2014","2014","249560000"
"env_wastrt_W121_total","A","Annual","T","Tonne","HAZ_NHAZ","Hazardous and non-hazardous - total","RCV_R_B","Recovery - recycling and backfilling (R2-R11)","W121","Mineral waste from construction and demolition","EU28","European Union - 28 countries (2013-2020)","2016","2016","271590000"
"env_wastrt_W121_total","A","Annual","T","Tonne","HAZ_NHAZ","Hazardous and non-hazardous - total","RCV_R_B","Recovery - recycling and backfilling (R2-R11)","W121","Mineral waste from construction and demolition","EU28","European Union - 28 countries (2013-2020)","2018","2018","294850000"
"env_wastrt_W121_total","A","Annual","T","Tonne","HAZ_NHAZ","Hazardous and non-hazardous - total","RCV_R_B","Recovery - recycling and backfilling (R2-R11)","W121","Mineral waste from construction and demolition","BE","Belgium","2010","2010","33609"
"env_wastrt_W121_total","A","Annual","T","Tonne","HAZ_NHAZ","Hazardous and non-hazardous - total","RCV_R_B","Recovery - recycling and backfilling (R2-R11)","W121","Mineral waste from construction and demolition","BE","Belgium","2012","2012","72664"
"env_wastrt_W121_total","A","Annual","T","Tonne","HAZ_NHAZ","Hazardous and non-hazardous - total","RCV_R_B","Recovery - recycling and backfilling (R2-R11)","W121","Mineral waste from construction and demolition","BE","Belgium","2014","2014","52933"
"env_wastrt_W121_total","A","Annual","T","Tonne","HAZ_NHAZ","Hazardous and non-hazardous - total","RCV_R_B","Recovery - recycling and backfilling (R2-R11)","W121","Mineral waste from construction and demolition","BE","Belgium","2016","2016","397211"
"env_wastrt_W121_total","A","Annual","T","Tonne","HAZ_NHAZ","Hazardous and non-hazardous - total","RCV_R_B","Recovery - recycling and backfilling (R2-R11)","W121","Mineral waste from construction and demolition","BE","Belgium","2018","2018","493086"
"env_wastrt_W121_total","A","Annual","T","Tonne","HAZ_NHAZ","Hazardous and non-hazardous - total","RCV_R_B","Recovery - recycling and backfilling (R2-R11)","W121","Mineral waste from construction and demolition","BE","Belgium","2020","2020","4626621"
"env_wastrt_W121_total","A","Annual","T","Tonne","HAZ_NHAZ","Hazardous and non-hazardous - total","RCV_R_B","Recovery - recycling and backfilling (R2-R11)","W121","Mineral waste from construction and demolition","BE","Belgium","2022","2022","2581636"
"env_wastrt_W121_total","A","Annual","T","Tonne","HAZ_NHAZ","Hazardous and non-hazardous - total","RCV_R_B","Recovery - recycling and backfilling (R2-R11)","W121","Mineral waste from construction and demolition","BG","Bulgaria","2010","2010","30040"
"env_wastrt_W121_total","A","Annual","T","Tonne","HAZ_NHAZ","Hazardous and non-hazardous - total","RCV_R_B","Recovery - recycling and backfilling (R2-R11)","W121","Mineral waste from construction and demolition","BG","Bulgaria","2012","2012","60606"
"env_wastrt_W121_total","A","Annual","T","Tonne","HAZ_NHAZ","Hazardous and non-hazardous - total","RCV_R_B","Recovery - recycling and backfilling (R2-R11)","W121","Mineral waste from construction and demolition","BG","Bulgaria","2014","2014","652508"
"env_wastrt_W121_total","A","Annual","T","Tonne","HAZ_NHAZ","Hazardous and non-hazardous - total","RCV_R_B","Recovery - recycling and backfilling (R2-R11)","W121","Mineral waste from construction and demolition","BG","Bulgaria","2016","2016","546139"
"env_wastrt_W121_total","A","Annual","T","Tonne","HAZ_NHAZ","Hazardous and non-hazardous - total","RCV_R_B","Recovery - recycling and backfilling (R2-R11)","W121","Mineral waste from construction and demolition","BG","Bulgaria","2018","2018","126388"
"env_wastrt_W121_total","A","Annual","T","Tonne","HAZ_NHAZ","Hazardous and non-hazardous - total","RCV_R_B","Recovery - recycling and backfilling (R2-R11)","W121","Mineral waste from construction and demolition","BG","Bulgaria","2020","2020","901834"
"env_wastrt_W121_total","A","Annual","T","Tonne","HAZ_NHAZ","Hazardous and non-hazardous - total","RCV_R_B","Recovery - recycling and backfilling (R2-R11)","W121","Mineral waste from construction and demolition","BG","Bulgaria","2022","2022","286099"
"env_wastrt_W121_total","A","Annual","T","Tonne","HAZ_NHAZ","Hazardous and non-hazardous - total","RCV_R_B","Recovery - recycling and backfilling (R2-R11)","W121","Mineral waste from construction and demolition","CZ","Czechia","2010","2010","2723404"
"env_wastrt_W121_total","A","Annual","T","Tonne","HAZ_NHAZ","Hazardous and non-hazardous - total","RCV_R_B","Recovery - recycling and backfilling (R2-R11)","W121","Mineral waste from construction and demolition","CZ","Czechia","2012","2012","3189188"
"env_wastrt_W121_total","A","Annual","T","Tonne","HAZ_NHAZ","Hazardous and non-hazardous - total","RCV_R_B","Recovery - recycling and backfilling (R2-R11)","W121","Mineral waste from construction and demolition","CZ","Czechia","2014","2014","3221863"
"env_wastrt_W121_total","A","Annual","T","Tonne","HAZ_NHAZ","Hazardous and non-hazardous - total","RCV_R_B","Recovery - recycling and backfilling (R2-R11)","W121","Mineral waste from construction and demolition","CZ","Czechia","2016","2016","4481014"
"env_wastrt_W121_total","A","Annual","T","Tonne","HAZ_NHAZ","Hazardous and non-hazardous - total","RCV_R_B","Recovery - recycling and backfilling (R2-R11)","W121","Mineral waste from construction and demolition","CZ","Czechia","2018","2018","7130411"
"env_wastrt_W121_total","A","Annual","T","Tonne","HAZ_NHAZ","Hazardous and non-hazardous - total","RCV_R_B","Recovery - recycling and backfilling (R2-R11)","W121","Mineral waste from construction and demolition","CZ","Czechia","2020","2020","6737952"
"env_wastrt_W121_total","A","Annual","T","Tonne","HAZ_NHAZ","Hazardous and non-hazardous - total","RCV_R_B","Recovery - recycling and backfilling (R2-R11)","W121","Mineral waste from construction and demolition","CZ","Czechia","2022","2022","6050360"
"env_wastrt_W121_total","A","Annual","T","Tonne","HAZ_NHAZ","Hazardous and non-hazardous - total","RCV_R_B","Recovery - recycling and backfilling (R2-R11)","W121","Mineral waste from construction and demolition","DK","Denmark","2010","2010","1826219"
"env_wastrt_W121_total","A","Annual","T","Tonne","HAZ_NHAZ","Hazardous and non-hazardous - total","RCV_R_B","Recovery - recycling and backfilling (R2-R11)","W121","Mineral waste from construction and demolition","DK","Denmark","2012","2012","2495507"
"env_wastrt_W121_total","A","Annual","T","Tonne","HAZ_NHAZ","Hazardous and non-hazardous - total","RCV_R_B","Recovery - recycling and backfilling (R2-R11)","W121","Mineral waste from construction and demolition","DK","Denmark","2014","2014","3024952"
"env_wastrt_W121_total","A","Annual","T","Tonne","HAZ_NHAZ","Hazardous and non-hazardous - total","RCV_R_B","Recovery - recycling and backfilling (R2-R11)","W121","Mineral waste from construction and demolition","DK","Denmark","2016","2016","3096401"
"env_wastrt_W121_total","A","Annual","T","Tonne","HAZ_NHAZ","Hazardous and non-hazardous - total","RCV_R_B","Recovery - recycling and backfilling (R2-R11)","W121","Mineral waste from construction and demolition","DK","Denmark","2018","2018","3949918"
"env_wastrt_W121_total","A","Annual","T","Tonne","HAZ_NHAZ","Hazardous and non-hazardous - total","RCV_R_B","Recovery - recycling and backfilling (R2-R11)","W121","Mineral waste from construction and demolition","DK","Denmark","2020","2020","3531293"
"env_wastrt_W121_total","A","Annual","T","Tonne","HAZ_NHAZ","Hazardous and non-hazardous - total","RCV_R_B","Recovery - recycling and backfilling (R2-R11)","W121","Mineral waste from construction and demolition","DK","Denmark","2022","2022","4319028"
"env_wastrt_W121_total","A","Annual","T","Tonne","HAZ_NHAZ","Hazardous and non-hazardous - total","RCV_R_B","Recovery - recycling and backfilling (R2-R11)","W121","Mineral waste from construction and demolition","DE","Germany","2010","2010","70306393"
"env_wastrt_W121_total","A","Annual","T","Tonne","HAZ_NHAZ","Hazardous and non-hazardous - total","RCV_R_B","Recovery - recycling and backfilling (R2-R11)","W121","Mineral waste from construction and demolition","DE","Germany","2012","2012","69927713"
"env_wastrt_W121_total","A","Annual","T","Tonne","HAZ_NHAZ","Hazardous and non-hazardous - total","RCV_R_B","Recovery - recycling and backfilling (R2-R11)","W121","Mineral waste from construction and demolition","DE","Germany","2014","2014","69726128"
"env_wastrt_W121_total","A","Annual","T","Tonne","HAZ_NHAZ","Hazardous and non-hazardous - total","RCV_R_B","Recovery - recycling and backfilling (R2-R11)","W121","Mineral waste from construction and demolition","DE","Germany","2016","2016","76579340"
"env_wastrt_W121_total","A","Annual","T","Tonne","HAZ_NHAZ","Hazardous and non-hazardous - total","RCV_R_B","Recovery - recycling and backfilling (R2-R11)","W121","Mineral waste from construction and demolition","DE","Germany","2018","2018","75724444"
"env_wastrt_W121_total","A","Annual","T","Tonne","HAZ_NHAZ","Hazardous and non-hazardous - total","RCV_R_B","Recovery - recycling and backfilling (R2-R11)","W121","Mineral waste from construction and demolition","DE","Germany","2020","2020","78211695"
"env_wastrt_W121_total","A","Annual","T","Tonne","HAZ_NHAZ","Hazardous and non-hazardous - total","RCV_R_B","Recovery - recycling and backfilling (R2-R11)","W121","Mineral waste from construction and demolition","DE","Germany","2022","2022","74575514"
"env_wastrt_W121_total","A","Annual","T","Tonne","HAZ_NHAZ","Hazardous and non-hazardous - total","RCV_R_B","Recovery - recycling and backfilling (R2-R11)","W121","Mineral waste from construction and demolition","EE","Estonia","2010","2010","582814"
"env_wastrt_W121_total","A","Annual","T","Tonne","HAZ_NHAZ","Hazardous and non-hazardous - total","RCV_R_B","Recovery - recycling and backfilling (R2-R11)","W121","Mineral waste from construction and demolition","EE","Estonia","2012","2012","520223"
"env_wastrt_W121_total","A","Annual","T","Tonne","HAZ_NHAZ","Hazardous and non-hazardous - total","RCV_R_B","Recovery - recycling and backfilling (R2-R11)","W121","Mineral waste from construction and demolition","EE","Estonia","2014","2014","705065"
"env_wastrt_W121_total","A","Annual","T","Tonne","HAZ_NHAZ","Hazardous and non-hazardous - total","RCV_R_B","Recovery - recycling and backfilling (R2-R11)","W121","Mineral waste from construction and demolition","EE","Estonia","2016","2016","495038"
"env_wastrt_W121_total","A","Annual","T","Tonne","HAZ_NHAZ","Hazardous and non-hazardous - total","RCV_R_B","Recovery - recycling and backfilling (R2-R11)","W121","Mineral waste from construction and demolition","EE","Estonia","2018","2018","974897"
"env_wastrt_W121_total","A","Annual","T","Tonne","HAZ_NHAZ","Hazardous and non-hazardous - total","RCV_R_B","Recovery - recycling and backfilling (R2-R11)","W121","Mineral waste from construction and demolition","EE","Estonia","2020","2020","620034"
"env_wastrt_W121_total","A","Annual","T","Tonne","HAZ_NHAZ","Hazardous and non-hazardous - total","RCV_R_B","Recovery - recycling and backfilling (R2-R11)","W121","Mineral waste from construction and demolition","EE","Estonia","2022","2022","716764"
"env_wastrt_W121_total","A","Annual","T","Tonne","HAZ_NHAZ","Hazardous and non-hazardous - total","RCV_R_B","Recovery - recycling and backfilling (R2-R11)","W121","Mineral waste from construction and demolition","IE","Ireland","2010","2010","444800"
"env_wastrt_W121_total","A","Annual","T","Tonne","HAZ_NHAZ","Hazardous and non-hazardous - total","RCV_R_B","Recovery - recycling and backfilling (R2-R11)","W121","Mineral waste from construction and demolition","IE","Ireland","2012","2012","285472"
"env_wastrt_W121_total","A","Annual","T","Tonne","HAZ_NHAZ","Hazardous and non-hazardous - total","RCV_R_B","Recovery - recycling and backfilling (R2-R11)","W121","Mineral waste from construction and demolition","IE","Ireland","2014","2014","397413"
"env_wastrt_W121_total","A","Annual","T","Tonne","HAZ_NHAZ","Hazardous and non-hazardous - total","RCV_R_B","Recovery - recycling and backfilling (R2-R11)","W121","Mineral waste from construction and demolition","IE","Ireland","2016","2016","426284"
"env_wastrt_W121_total","A","Annual","T","Tonne","HAZ_NHAZ","Hazardous and non-hazardous - total","RCV_R_B","Recovery - recycling and backfilling (R2-R11)","W121","Mineral waste from construction and demolition","IE","Ireland","2018","2018","873680"
"env_wastrt_W121_total","A","Annual","T","Tonne","HAZ_NHAZ","Hazardous and non-hazardous - total","RCV_R_B","Recovery - recycling and backfilling (R2-R11)","W121","Mineral waste from construction and demolition","IE","Ireland","2020","2020","528027"
"env_wastrt_W121_total","A","Annual","T","Tonne","HAZ_NHAZ","Hazardous and non-hazardous - total","RCV_R_B","Recovery - recycling and backfilling (R2-R11)","W121","Mineral waste from construction and demolition","IE","Ireland","2022","2022","746004"
"env_wastrt_W121_total","A","Annual","T","Tonne","HAZ_NHAZ","Hazardous and non-hazardous - total","RCV_R_B","Recovery - recycling and backfilling (R2-R11)","W121","Mineral waste from construction and demolition","EL","Greece","2010","2010","249"
"env_wastrt_W121_total","A","Annual","T","Tonne","HAZ_NHAZ","Hazardous and non-hazardous - total","RCV_R_B","Recovery - recycling and backfilling (R2-R11)","W121","Mineral waste from construction and demolition","EL","Greece","2012","2012","2701"
"env_wastrt_W121_total","A","Annual","T","Tonne","HAZ_NHAZ","Hazardous and non-hazardous - total","RCV_R_B","Recovery - recycling and backfilling (R2-R11)","W121","Mineral waste from construction and demolition","EL","Greece","2014","2014","626"
"env_wastrt_W121_total","A","Annual","T","Tonne","HAZ_NHAZ","Hazardous and non-hazardous - total","RCV_R_B","Recovery - recycling and backfilling (R2-R11)","W121","Mineral waste from construction and demolition","EL","Greece","2016","2016","121677"
"env_wastrt_W121_total","A","Annual","T","Tonne","HAZ_NHAZ","Hazardous and non-hazardous - total","RCV_R_B","Recovery - recycling and backfilling (R2-R11)","W121","Mineral waste from construction and demolition","EL","Greece","2018","2018","698753"
"env_wastrt_W121_total","A","Annual","T","Tonne","HAZ_NHAZ","Hazardous and non-hazardous - total","RCV_R_B","Recovery - recycling and backfilling (R2-R11)","W121","Mineral waste from construction and demolition","EL","Greece","2020","2020","1573901"
"env_wastrt_W121_total","A","Annual","T","Tonne","HAZ_NHAZ","Hazardous and non-hazardous - total","RCV_R_B","Recovery - recycling and backfilling (R2-R11)","W121","Mineral waste from construction and demolition","EL","Greece","2022","2022","2228185"
"env_wastrt_W121_total","A","Annual","T","Tonne","HAZ_NHAZ","Hazardous and non-hazardous - total","RCV_R_B","Recovery - recycling and backfilling (R2-R11)","W121","Mineral waste from construction and demolition","ES","Spain","2010","2010","7303241"
"env_wastrt_W121_total","A","Annual","T","Tonne","HAZ_NHAZ","Hazardous and non-hazardous - total","RCV_R_B","Recovery - recycling and backfilling (R2-R11)","W121","Mineral waste from construction and demolition","ES","Spain","2012","2012","23038259"
"env_wastrt_W121_total","A","Annual","T","Tonne","HAZ_NHAZ","Hazardous and non-hazardous - total","RCV_R_B","Recovery - recycling and backfilling (R2-R11)","W121","Mineral waste from construction and demolition","ES","Spain","2014","2014","4933411"
"env_wastrt_W121_total","A","Annual","T","Tonne","HAZ_NHAZ","Hazardous and non-hazardous - total","RCV_R_B","Recovery - recycling and backfilling (R2-R11)","W121","Mineral waste from construction and demolition","ES","Spain","2016","2016","7207595"
"env_wastrt_W121_total","A","Annual","T","Tonne","HAZ_NHAZ","Hazardous and non-hazardous - total","RCV_R_B","Recovery - recycling and backfilling (R2-R11)","W121","Mineral waste from construction and demolition","ES","Spain","2018","2018","10819723"
"env_wastrt_W121_total","A","Annual","T","Tonne","HAZ_NHAZ","Hazardous and non-hazardous - total","RCV_R_B","Recovery - recycling and backfilling (R2-R11)","W121","Mineral waste from construction and demolition","ES","Spain","2020","2020","10427348"
"env_wastrt_W121_total","A","Annual","T","Tonne","HAZ_NHAZ","Hazardous and non-hazardous - total","RCV_R_B","Recovery - recycling and backfilling (R2-R11)","W121","Mineral waste from construction and demolition","ES","Spain","2022","2022","10911913"
"env_wastrt_W121_total","A","Annual","T","Tonne","HAZ_NHAZ","Hazardous and non-hazardous - total","RCV_R_B","Recovery - recycling and backfilling (R2-R11)","W121","Mineral waste from construction and demolition","FR","France","2010","2010","43103617"
"env_wastrt_W121_total","A","Annual","T","Tonne","HAZ_NHAZ","Hazardous and non-hazardous - total","RCV_R_B","Recovery - recycling and backfilling (R2-R11)","W121","Mineral waste from construction and demolition","FR","France","2012","2012","40948436"
"env_wastrt_W121_total","A","Annual","T","Tonne","HAZ_NHAZ","Hazardous and non-hazardous - total","RCV_R_B","Recovery - recycling and backfilling (R2-R11)","W121","Mineral waste from construction and demolition","FR","France","2014","2014","42550798"
"env_wastrt_W121_total","A","Annual","T","Tonne","HAZ_NHAZ","Hazardous and non-hazardous - total","RCV_R_B","Recovery - recycling and backfilling (R2-R11)","W121","Mineral waste from construction and demolition","FR","France","2016","2016","44908440"
"env_wastrt_W121_total","A","Annual","T","Tonne","HAZ_NHAZ","Hazardous and non-hazardous - total","RCV_R_B","Recovery - recycling and backfilling (R2-R11)","W121","Mineral waste from construction and demolition","FR","France","2018","2018","49552145"
"env_wastrt_W121_total","A","Annual","T","Tonne","HAZ_NHAZ","Hazardous and non-hazardous - total","RCV_R_B","Recovery - recycling and backfilling (R2-R11)","W121","Mineral waste from construction and demolition","FR","France","2020","2020","42981066"
"env_wastrt_W121_total","A","Annual","T","Tonne","HAZ_NHAZ","Hazardous and non-hazardous - total","RCV_R_B","Recovery - recycling and backfilling (R2-R11)","W121","Mineral waste from construction and demolition","FR","France","2022","2022","50339439"
"env_wastrt_W121_total","A","Annual","T","Tonne","HAZ_NHAZ","Hazardous and non-hazardous - total","RCV_R_B","Recovery - recycling and backfilling (R2-R11)","W121","Mineral waste from construction and demolition","HR","Croatia","2010","2010","997"
"env_wastrt_W121_total","A","Annual","T","Tonne","HAZ_NHAZ","Hazardous and non-hazardous - total","RCV_R_B","Recovery - recycling and backfilling (R2-R11)","W121","Mineral waste from construction and demolition","HR","Croatia","2012","2012","128818"
"env_wastrt_W121_total","A","Annual","T","Tonne","HAZ_NHAZ","Hazardous and non-hazardous - total","RCV_R_B","Recovery - recycling and backfilling (R2-R11)","W121","Mineral waste from construction and demolition","HR","Croatia","2014","2014","197478"
"env_wastrt_W121_total","A","Annual","T","Tonne","HAZ_NHAZ","Hazardous and non-hazardous - total","RCV_R_B","Recovery - recycling and backfilling (R2-R11)","W121","Mineral waste from construction and demolition","HR","Croatia","2016","2016","338432"
"env_wastrt_W121_total","A","Annual","T","Tonne","HAZ_NHAZ","Hazardous and non-hazardous - total","RCV_R_B","Recovery - recycling and backfilling (R2-R11)","W121","Mineral waste from construction and demolition","HR","Croatia","2018","2018","236982"
"env_wastrt_W121_total","A","Annual","T","Tonne","HAZ_NHAZ","Hazardous and non-hazardous - total","RCV_R_B","Recovery - recycling and backfilling (R2-R11)","W121","Mineral waste from construction and demolition","HR","Croatia","2020","2020","373047"
"env_wastrt_W121_total","A","Annual","T","Tonne","HAZ_NHAZ","Hazardous and non-hazardous - total","RCV_R_B","Recovery - recycling and backfilling (R2-R11)","W121","Mineral waste from construction and demolition","HR","Croatia","2022","2022","369554"
"env_wastrt_W121_total","A","Annual","T","Tonne","HAZ_NHAZ","Hazardous and non-hazardous - total","RCV_R_B","Recovery - recycling and backfilling (R2-R11)","W121","Mineral waste from construction and demolition","IT","Italy","2010","2010","30117566"
"env_wastrt_W121_total","A","Annual","T","Tonne","HAZ_NHAZ","Hazardous and non-hazardous - total","RCV_R_B","Recovery - recycling and backfilling (R2-R11)","W121","Mineral waste from construction and demolition","IT","Italy","2012","2012","29942525"
"env_wastrt_W121_total","A","Annual","T","Tonne","HAZ_NHAZ","Hazardous and non-hazardous - total","RCV_R_B","Recovery - recycling and backfilling (R2-R11)","W121","Mineral waste from construction and demolition","IT","Italy","2014","2014","30335770"
"env_wastrt_W121_total","A","Annual","T","Tonne","HAZ_NHAZ","Hazardous and non-hazardous - total","RCV_R_B","Recovery - recycling and backfilling (R2-R11)","W121","Mineral waste from construction and demolition","IT","Italy","2016","2016","33331061"
"env_wastrt_W121_total","A","Annual","T","Tonne","HAZ_NHAZ","Hazardous and non-hazardous - total","RCV_R_B","Recovery - recycling and backfilling (R2-R11)","W121","Mineral waste from construction and demolition","IT","Italy","2018","2018","39629235"
"env_wastrt_W121_total","A","Annual","T","Tonne","HAZ_NHAZ","Hazardous and non-hazardous - total","RCV_R_B","Recovery - recycling and backfilling (R2-R11)","W121","Mineral waste from construction and demolition","IT","Italy","2020","2020","44664968"
"env_wastrt_W121_total","A","Annual","T","Tonne","HAZ_NHAZ","Hazardous and non-hazardous - total","RCV_R_B","Recovery - recycling and backfilling (R2-R11)","W121","Mineral waste from construction and demolition","IT","Italy","2022","2022","53233216"
"env_wastrt_W121_total","A","Annual","T","Tonne","HAZ_NHAZ","Hazardous and non-hazardous - total","RCV_R_B","Recovery - recycling and backfilling (R2-R11)","W121","Mineral waste from construction and demolition","CY","Cyprus","2010","2010","481"
"env_wastrt_W121_total","A","Annual","T","Tonne","HAZ_NHAZ","Hazardous and non-hazardous - total","RCV_R_B","Recovery - recycling and backfilling (R2-R11)","W121","Mineral waste from construction and demolition","CY","Cyprus","2012","2012","83420"
"env_wastrt_W121_total","A","Annual","T","Tonne","HAZ_NHAZ","Hazardous and non-hazardous - total","RCV_R_B","Recovery - recycling and backfilling (R2-R11)","W121","Mineral waste from construction and demolition","CY","Cyprus","2014","2014","42283"
"env_wastrt_W121_total","A","Annual","T","Tonne","HAZ_NHAZ","Hazardous and non-hazardous - total","RCV_R_B","Recovery - recycling and backfilling (R2-R11)","W121","Mineral waste from construction and demolition","CY","Cyprus","2016","2016","107072"
"env_wastrt_W121_total","A","Annual","T","Tonne","HAZ_NHAZ","Hazardous and non-hazardous - total","RCV_R_B","Recovery - recycling and backfilling (R2-R11)","W121","Mineral waste from construction and demolition","CY","Cyprus","2018","2018","140472"
"env_wastrt_W121_total","A","Annual","T","Tonne","HAZ_NHAZ","Hazardous and non-hazardous - total","RCV_R_B","Recovery - recycling and backfilling (R2-R11)","W121","Mineral waste from construction and demolition","CY","Cyprus","2020","2020","205845"
"env_wastrt_W121_total","A","Annual","T","Tonne","HAZ_NHAZ","Hazardous and non-hazardous - total","RCV_R_B","Recovery - recycling and backfilling (R2-R11)","W121","Mineral waste from construction and demolition","CY","Cyprus","2022","2022","211235"
"env_wastrt_W121_total","A","Annual","T","Tonne","HAZ_NHAZ","Hazardous and non-hazardous - total","RCV_R_B","Recovery - recycling and backfilling (R2-R11)","W121","Mineral waste from construction and demolition","LV","Latvia","2010","2010","133271"
"env_wastrt_W121_total","A","Annual","T","Tonne","HAZ_NHAZ","Hazardous and non-hazardous - total","RCV_R_B","Recovery - recycling and backfilling (R2-R11)","W121","Mineral waste from construction and demolition","LV","Latvia","2012","2012","148615"
"env_wastrt_W121_total","A","Annual","T","Tonne","HAZ_NHAZ","Hazardous and non-hazardous - total","RCV_R_B","Recovery - recycling and backfilling (R2-R11)","W121","Mineral waste from construction and demolition","LV","Latvia","2014","2014","103839"
"env_wastrt_W121_total","A","Annual","T","Tonne","HAZ_NHAZ","Hazardous and non-hazardous - total","RCV_R_B","Recovery - recycling and backfilling (R2-R11)","W121","Mineral waste from construction and demolition","LV","Latvia","2016","2016","109911"
"env_wastrt_W121_total","A","Annual","T","Tonne","HAZ_NHAZ","Hazardous and non-hazardous - total","RCV_R_B","Recovery - recycling and backfilling (R2-R11)","W121","Mineral waste from construction and demolition","LV","Latvia","2018","2018","382566"
"env_wastrt_W121_total","A","Annual","T","Tonne","HAZ_NHAZ","Hazardous and non-hazardous - total","RCV_R_B","Recovery - recycling and backfilling (R2-R11)","W121","Mineral waste from construction and demolition","LV","Latvia","2020","2020","314799"
"env_wastrt_W121_total","A","Annual","T","Tonne","HAZ_NHAZ","Hazardous and non-hazardous - total","RCV_R_B","Recovery - recycling and backfilling (R2-R11)","W121","Mineral waste from construction and demolition","LV","Latvia","2022","2022","340844"
"env_wastrt_W121_total","A","Annual","T","Tonne","HAZ_NHAZ","Hazardous and non-hazardous - total","RCV_R_B","Recovery - recycling and backfilling (R2-R11)","W121","Mineral waste from construction and demolition","LT","Lithuania","2010","2010","234810"
"env_wastrt_W121_total","A","Annual","T","Tonne","HAZ_NHAZ","Hazardous and non-hazardous - total","RCV_R_B","Recovery - recycling and backfilling (R2-R11)","W121","Mineral waste from construction and demolition","LT","Lithuania","2012","2012","404445"
"env_wastrt_W121_total","A","Annual","T","Tonne","HAZ_NHAZ","Hazardous and non-hazardous - total","RCV_R_B","Recovery - recycling and backfilling (R2-R11)","W121","Mineral waste from construction and demolition","LT","Lithuania","2014","2014","530431"
"env_wastrt_W121_total","A","Annual","T","Tonne","HAZ_NHAZ","Hazardous and non-hazardous - total","RCV_R_B","Recovery - recycling and backfilling (R2-R11)","W121","Mineral waste from construction and demolition","LT","Lithuania","2016","2016","738346"
"env_wastrt_W121_total","A","Annual","T","Tonne","HAZ_NHAZ","Hazardous and non-hazardous - total","RCV_R_B","Recovery - recycling and backfilling (R2-R11)","W121","Mineral waste from construction and demolition","LT","Lithuania","2018","2018","651067"
"env_wastrt_W121_total","A","Annual","T","Tonne","HAZ_NHAZ","Hazardous and non-hazardous - total","RCV_R_B","Recovery - recycling and backfilling (R2-R11)","W121","Mineral waste from construction and demolition","LT","Lithuania","2020","2020","587163"
"env_wastrt_W121_total","A","Annual","T","Tonne","HAZ_NHAZ","Hazardous and non-hazardous - total","RCV_R_B","Recovery - recycling and backfilling (R2-R11)","W121","Mineral waste from construction and demolition","LT","Lithuania","2022","2022","616231"
"env_wastrt_W121_total","A","Annual","T","Tonne","HAZ_NHAZ","Hazardous and non-hazardous - total","RCV_R_B","Recovery - recycling and backfilling (R2-R11)","W121","Mineral waste from construction and demolition","LU","Luxembourg","2010","2010","528548"
"env_wastrt_W121_total","A","Annual","T","Tonne","HAZ_NHAZ","Hazardous and non-hazardous - total","RCV_R_B","Recovery - recycling and backfilling (R2-R11)","W121","Mineral waste from construction and demolition","LU","Luxembourg","2012","2012","517516"
"env_wastrt_W121_total","A","Annual","T","Tonne","HAZ_NHAZ","Hazardous and non-hazardous - total","RCV_R_B","Recovery - recycling and backfilling (R2-R11)","W121","Mineral waste from construction and demolition","LU","Luxembourg","2014","2014","488214"
"env_wastrt_W121_total","A","Annual","T","Tonne","HAZ_NHAZ","Hazardous and non-hazardous - total","RCV_R_B","Recovery - recycling and backfilling (R2-R11)","W121","Mineral waste from construction and demolition","LU","Luxembourg","2016","2016","500886"
"env_wastrt_W121_total","A","Annual","T","Tonne","HAZ_NHAZ","Hazardous and non-hazardous - total","RCV_R_B","Recovery - recycling and backfilling (R2-R11)","W121","Mineral waste from construction and demolition","LU","Luxembourg","2018","2018","382657"
"env_wastrt_W121_total","A","Annual","T","Tonne","HAZ_NHAZ","Hazardous and non-hazardous - total","RCV_R_B","Recovery - recycling and backfilling (R2-R11)","W121","Mineral waste from construction and demolition","LU","Luxembourg","2020","2020","536986"
"env_wastrt_W121_total","A","Annual","T","Tonne","HAZ_NHAZ","Hazardous and non-hazardous - total","RCV_R_B","Recovery - recycling and backfilling (R2-R11)","W121","Mineral waste from construction and demolition","LU","Luxembourg","2022","2022","1086581"
"env_wastrt_W121_total","A","Annual","T","Tonne","HAZ_NHAZ","Hazardous and non-hazardous - total","RCV_R_B","Recovery - recycling and backfilling (R2-R11)","W121","Mineral waste from construction and demolition","HU","Hungary","2010","2010","1434971"
"env_wastrt_W121_total","A","Annual","T","Tonne","HAZ_NHAZ","Hazardous and non-hazardous - total","RCV_R_B","Recovery - recycling and backfilling (R2-R11)","W121","Mineral waste from construction and demolition","HU","Hungary","2012","2012","1431518"
"env_wastrt_W121_total","A","Annual","T","Tonne","HAZ_NHAZ","Hazardous and non-hazardous - total","RCV_R_B","Recovery - recycling and backfilling (R2-R11)","W121","Mineral waste from construction and demolition","HU","Hungary","2014","2014","2081896"
"env_wastrt_W121_total","A","Annual","T","Tonne","HAZ_NHAZ","Hazardous and non-hazardous - total","RCV_R_B","Recovery - recycling and backfilling (R2-R11)","W121","Mineral waste from construction and demolition","HU","Hungary","2016","2016","2542883"
"env_wastrt_W121_total","A","Annual","T","Tonne","HAZ_NHAZ","Hazardous and non-hazardous - total","RCV_R_B","Recovery - recycling and backfilling (R2-R11)","W121","Mineral waste from construction and demolition","HU","Hungary","2018","2018","3437589"
"env_wastrt_W121_total","A","Annual","T","Tonne","HAZ_NHAZ","Hazardous and non-hazardous - total","RCV_R_B","Recovery - recycling and backfilling (R2-R11)","W121","Mineral waste from construction and demolition","HU","Hungary","2020","2020","4247696"
"env_wastrt_W121_total","A","Annual","T","Tonne","HAZ_NHAZ","Hazardous and non-hazardous - total","RCV_R_B","Recovery - recycling and backfilling (R2-R11)","W121","Mineral waste from construction and demolition","HU","Hungary","2022","2022","3734492"
"env_wastrt_W121_total","A","Annual","T","Tonne","HAZ_NHAZ","Hazardous and non-hazardous - total","RCV_R_B","Recovery - recycling and backfilling (R2-R11)","W121","Mineral waste from construction and demolition","MT","Malta","2010","2010","119946"
"env_wastrt_W121_total","A","Annual","T","Tonne","HAZ_NHAZ","Hazardous and non-hazardous - total","RCV_R_B","Recovery - recycling and backfilling (R2-R11)","W121","Mineral waste from construction and demolition","MT","Malta","2012","2012","506027"
"env_wastrt_W121_total","A","Annual","T","Tonne","HAZ_NHAZ","Hazardous and non-hazardous - total","RCV_R_B","Recovery - recycling and backfilling (R2-R11)","W121","Mineral waste from construction and demolition","MT","Malta","2014","2014","786983"
"env_wastrt_W121_total","A","Annual","T","Tonne","HAZ_NHAZ","Hazardous and non-hazardous - total","RCV_R_B","Recovery - recycling and backfilling (R2-R11)","W121","Mineral waste from construction and demolition","MT","Malta","2016","2016","1030038"
"env_wastrt_W121_total","A","Annual","T","Tonne","HAZ_NHAZ","Hazardous and non-hazardous - total","RCV_R_B","Recovery - recycling and backfilling (R2-R11)","W121","Mineral waste from construction and demolition","MT","Malta","2018","2018","1759799"
"env_wastrt_W121_total","A","Annual","T","Tonne","HAZ_NHAZ","Hazardous and non-hazardous - total","RCV_R_B","Recovery - recycling and backfilling (R2-R11)","W121","Mineral waste from construction and demolition","MT","Malta","2020","2020","2947799"
"env_wastrt_W121_total","A","Annual","T","Tonne","HAZ_NHAZ","Hazardous and non-hazardous - total","RCV_R_B","Recovery - recycling and backfilling (R2-R11)","W121","Mineral waste from construction and demolition","MT","Malta","2022","2022","2062364"
"env_wastrt_W121_total","A","Annual","T","Tonne","HAZ_NHAZ","Hazardous and non-hazardous - total","RCV_R_B","Recovery - recycling and backfilling (R2-R11)","W121","Mineral waste from construction and demolition","NL","Netherlands","2010","2010","20022174"
"env_wastrt_W121_total","A","Annual","T","Tonne","HAZ_NHAZ","Hazardous and non-hazardous - total","RCV_R_B","Recovery - recycling and backfilling (R2-R11)","W121","Mineral waste from construction and demolition","NL","Netherlands","2012","2012","19357728"
"env_wastrt_W121_total","A","Annual","T","Tonne","HAZ_NHAZ","Hazardous and non-hazardous - total","RCV_R_B","Recovery - recycling and backfilling (R2-R11)","W121","Mineral waste from construction and demolition","NL","Netherlands","2014","2014","18828734"
"env_wastrt_W121_total","A","Annual","T","Tonne","HAZ_NHAZ","Hazardous and non-hazardous - total","RCV_R_B","Recovery - recycling and backfilling (R2-R11)","W121","Mineral waste from construction and demolition","NL","Netherlands","2016","2016","19366506"
"env_wastrt_W121_total","A","Annual","T","Tonne","HAZ_NHAZ","Hazardous and non-hazardous - total","RCV_R_B","Recovery - recycling and backfilling (R2-R11)","W121","Mineral waste from construction and demolition","NL","Netherlands","2018","2018","20291420"
"env_wastrt_W121_total","A","Annual","T","Tonne","HAZ_NHAZ","Hazardous and non-hazardous - total","RCV_R_B","Recovery - recycling and backfilling (R2-R11)","W121","Mineral waste from construction and demolition","NL","Netherlands","2020","2020","20203498"
"env_wastrt_W121_total","A","Annual","T","Tonne","HAZ_NHAZ","Hazardous and non-hazardous - total","RCV_R_B","Recovery - recycling and backfilling (R2-R11)","W121","Mineral waste from construction and demolition","NL","Netherlands","2022","2022","19893309"
"env_wastrt_W121_total","A","Annual","T","Tonne","HAZ_NHAZ","Hazardous and non-hazardous - total","RCV_R_B","Recovery - recycling and backfilling (R2-R11)","W121","Mineral waste from construction and demolition","AT","Austria","2010","2010","5420000"
"env_wastrt_W121_total","A","Annual","T","Tonne","HAZ_NHAZ","Hazardous and non-hazardous - total","RCV_R_B","Recovery - recycling and backfilling (R2-R11)","W121","Mineral waste from construction and demolition","AT","Austria","2012","2012","5786101"
"env_wastrt_W121_total","A","Annual","T","Tonne","HAZ_NHAZ","Hazardous and non-hazardous - total","RCV_R_B","Recovery - recycling and backfilling (R2-R11)","W121","Mineral waste from construction and demolition","AT","Austria","2014","2014","8583738"
"env_wastrt_W121_total","A","Annual","T","Tonne","HAZ_NHAZ","Hazardous and non-hazardous - total","RCV_R_B","Recovery - recycling and backfilling (R2-R11)","W121","Mineral waste from construction and demolition","AT","Austria","2016","2016","8771868"
"env_wastrt_W121_total","A","Annual","T","Tonne","HAZ_NHAZ","Hazardous and non-hazardous - total","RCV_R_B","Recovery - recycling and backfilling (R2-R11)","W121","Mineral waste from construction and demolition","AT","Austria","2018","2018","9451213"
"env_wastrt_W121_total","A","Annual","T","Tonne","HAZ_NHAZ","Hazardous and non-hazardous - total","RCV_R_B","Recovery - recycling and backfilling (R2-R11)","W121","Mineral waste from construction and demolition","AT","Austria","2020","2020","9755667"
"env_wastrt_W121_total","A","Annual","T","Tonne","HAZ_NHAZ","Hazardous and non-hazardous - total","RCV_R_B","Recovery - recycling and backfilling (R2-R11)","W121","Mineral waste from construction and demolition","AT","Austria","2022","2022","9836764"
"env_wastrt_W121_total","A","Annual","T","Tonne","HAZ_NHAZ","Hazardous and non-hazardous - total","RCV_R_B","Recovery - recycling and backfilling (R2-R11)","W121","Mineral waste from construction and demolition","PL","Poland","2010","2010","2935902"
"env_wastrt_W121_total","A","Annual","T","Tonne","HAZ_NHAZ","Hazardous and non-hazardous - total","RCV_R_B","Recovery - recycling and backfilling (R2-R11)","W121","Mineral waste from construction and demolition","PL","Poland","2012","2012","2777966"
"env_wastrt_W121_total","A","Annual","T","Tonne","HAZ_NHAZ","Hazardous and non-hazardous - total","RCV_R_B","Recovery - recycling and backfilling (R2-R11)","W121","Mineral waste from construction and demolition","PL","Poland","2014","2014","4894062"
"env_wastrt_W121_total","A","Annual","T","Tonne","HAZ_NHAZ","Hazardous and non-hazardous - total","RCV_R_B","Recovery - recycling and backfilling (R2-R11)","W121","Mineral waste from construction and demolition","PL","Poland","2016","2016","3389749"
"env_wastrt_W121_total","A","Annual","T","Tonne","HAZ_NHAZ","Hazardous and non-hazardous - total","RCV_R_B","Recovery - recycling and backfilling (R2-R11)","W121","Mineral waste from construction and demolition","PL","Poland","2018","2018","3648535"
"env_wastrt_W121_total","A","Annual","T","Tonne","HAZ_NHAZ","Hazardous and non-hazardous - total","RCV_R_B","Recovery - recycling and backfilling (R2-R11)","W121","Mineral waste from construction and demolition","PL","Poland","2020","2020","3699914"
"env_wastrt_W121_total","A","Annual","T","Tonne","HAZ_NHAZ","Hazardous and non-hazardous - total","RCV_R_B","Recovery - recycling and backfilling (R2-R11)","W121","Mineral waste from construction and demolition","PL","Poland","2022","2022","4411619"
"env_wastrt_W121_total","A","Annual","T","Tonne","HAZ_NHAZ","Hazardous and non-hazardous - total","RCV_R_B","Recovery - recycling and backfilling (R2-R11)","W121","Mineral waste from construction and demolition","PT","Portugal","2010","2010","303579"
"env_wastrt_W121_total","A","Annual","T","Tonne","HAZ_NHAZ","Hazardous and non-hazardous - total","RCV_R_B","Recovery - recycling and backfilling (R2-R11)","W121","Mineral waste from construction and demolition","PT","Portugal","2012","2012","484001"
"env_wastrt_W121_total","A","Annual","T","Tonne","HAZ_NHAZ","Hazardous and non-hazardous - total","RCV_R_B","Recovery - recycling and backfilling (R2-R11)","W121","Mineral waste from construction and demolition","PT","Portugal","2014","2014","476997"
"env_wastrt_W121_total","A","Annual","T","Tonne","HAZ_NHAZ","Hazardous and non-hazardous - total","RCV_R_B","Recovery - recycling and backfilling (R2-R11)","W121","Mineral waste from construction and demolition","PT","Portugal","2016","2016","850105"
"env_wastrt_W121_total","A","Annual","T","Tonne","HAZ_NHAZ","Hazardous and non-hazardous - total","RCV_R_B","Recovery - recycling and backfilling (R2-R11)","W121","Mineral waste from construction and demolition","PT","Portugal","2018","2018","866467"
"env_wastrt_W121_total","A","Annual","T","Tonne","HAZ_NHAZ","Hazardous and non-hazardous - total","RCV_R_B","Recovery - recycling and backfilling (R2-R11)","W121","Mineral waste from construction and demolition","PT","Portugal","2020","2020","1221399"
"env_wastrt_W121_total","A","Annual","T","Tonne","HAZ_NHAZ","Hazardous and non-hazardous - total","RCV_R_B","Recovery - recycling and backfilling (R2-R11)","W121","Mineral waste from construction and demolition","PT","Portugal","2022","2022","1427764"
"env_wastrt_W121_total","A","Annual","T","Tonne","HAZ_NHAZ","Hazardous and non-hazardous - total","RCV_R_B","Recovery - recycling and backfilling (R2-R11)","W121","Mineral waste from construction and demolition","RO","Romania","2010","2010","414303"
"env_wastrt_W121_total","A","Annual","T","Tonne","HAZ_NHAZ","Hazardous and non-hazardous - total","RCV_R_B","Recovery - recycling and backfilling (R2-R11)","W121","Mineral waste from construction and demolition","RO","Romania","2012","2012","529522"
"env_wastrt_W121_total","A","Annual","T","Tonne","HAZ_NHAZ","Hazardous and non-hazardous - total","RCV_R_B","Recovery - recycling and backfilling (R2-R11)","W121","Mineral waste from construction and demolition","RO","Romania","2014","2014","424577"
"env_wastrt_W121_total","A","Annual","T","Tonne","HAZ_NHAZ","Hazardous and non-hazardous - total","RCV_R_B","Recovery - recycling and backfilling (R2-R11)","W121","Mineral waste from construction and demolition","RO","Romania","2016","2016","980632"
"env_wastrt_W121_total","A","Annual","T","Tonne","HAZ_NHAZ","Hazardous and non-hazardous - total","RCV_R_B","Recovery - recycling and backfilling (R2-R11)","W121","Mineral waste from construction and demolition","RO","Romania","2018","2018","434515"
"env_wastrt_W121_total","A","Annual","T","Tonne","HAZ_NHAZ","Hazardous and non-hazardous - total","RCV_R_B","Recovery - recycling and backfilling (R2-R11)","W121","Mineral waste from construction and demolition","RO","Romania","2020","2020","841828"
"env_wastrt_W121_total","A","Annual","T","Tonne","HAZ_NHAZ","Hazardous and non-hazardous - total","RCV_R_B","Recovery - recycling and backfilling (R2-R11)","W121","Mineral waste from construction and demolition","RO","Romania","2022","2022","869664"
"env_wastrt_W121_total","A","Annual","T","Tonne","HAZ_NHAZ","Hazardous and non-hazardous - total","RCV_R_B","Recovery - recycling and backfilling (R2-R11)","W121","Mineral waste from construction and demolition","SI","Slovenia","2010","2010","645203"
"env_wastrt_W121_total","A","Annual","T","Tonne","HAZ_NHAZ","Hazardous and non-hazardous - total","RCV_R_B","Recovery - recycling and backfilling (R2-R11)","W121","Mineral waste from construction and demolition","SI","Slovenia","2012","2012","288404"
"env_wastrt_W121_total","A","Annual","T","Tonne","HAZ_NHAZ","Hazardous and non-hazardous - total","RCV_R_B","Recovery - recycling and backfilling (R2-R11)","W121","Mineral waste from construction and demolition","SI","Slovenia","2014","2014","511724"
"env_wastrt_W121_total","A","Annual","T","Tonne","HAZ_NHAZ","Hazardous and non-hazardous - total","RCV_R_B","Recovery - recycling and backfilling (R2-R11)","W121","Mineral waste from construction and demolition","SI","Slovenia","2016","2016","582639"
"env_wastrt_W121_total","A","Annual","T","Tonne","HAZ_NHAZ","Hazardous and non-hazardous - total","RCV_R_B","Recovery - recycling and backfilling (R2-R11)","W121","Mineral waste from construction and demolition","SI","Slovenia","2018","2018","996254"
"env_wastrt_W121_total","A","Annual","T","Tonne","HAZ_NHAZ","Hazardous and non-hazardous - total","RCV_R_B","Recovery - recycling and backfilling (R2-R11)","W121","Mineral waste from construction and demolition","SI","Slovenia","2020","2020","950951"
"env_wastrt_W121_total","A","Annual","T","Tonne","HAZ_NHAZ","Hazardous and non-hazardous - total","RCV_R_B","Recovery - recycling and backfilling (R2-R11)","W121","Mineral waste from construction and demolition","SI","Slovenia","2022","2022","1123467"
"env_wastrt_W121_total","A","Annual","T","Tonne","HAZ_NHAZ","Hazardous and non-hazardous - total","RCV_R_B","Recovery - recycling and backfilling (R2-R11)","W121","Mineral waste from construction and demolition","SK","Slovakia","2010","2010","226131"
"env_wastrt_W121_total","A","Annual","T","Tonne","HAZ_NHAZ","Hazardous and non-hazardous - total","RCV_R_B","Recovery - recycling and backfilling (R2-R11)","W121","Mineral waste from construction and demolition","SK","Slovakia","2012","2012","168180"
"env_wastrt_W121_total","A","Annual","T","Tonne","HAZ_NHAZ","Hazardous and non-hazardous - total","RCV_R_B","Recovery - recycling and backfilling (R2-R11)","W121","Mineral waste from construction and demolition","SK","Slovakia","2014","2014","229259"
"env_wastrt_W121_total","A","Annual","T","Tonne","HAZ_NHAZ","Hazardous and non-hazardous - total","RCV_R_B","Recovery - recycling and backfilling (R2-R11)","W121","Mineral waste from construction and demolition","SK","Slovakia","2016","2016","217333"
"env_wastrt_W121_total","A","Annual","T","Tonne","HAZ_NHAZ","Hazardous and non-hazardous - total","RCV_R_B","Recovery - recycling and backfilling (R2-R11)","W121","Mineral waste from construction and demolition","SK","Slovakia","2018","2018","178337"
"env_wastrt_W121_total","A","Annual","T","Tonne","HAZ_NHAZ","Hazardous and non-hazardous - total","RCV_R_B","Recovery - recycling and backfilling (R2-R11)","W121","Mineral waste from construction and demolition","SK","Slovakia","2020","2020","706293"
"env_wastrt_W121_total","A","Annual","T","Tonne","HAZ_NHAZ","Hazardous and non-hazardous - total","RCV_R_B","Recovery - recycling and backfilling (R2-R11)","W121","Mineral waste from construction and demolition","SK","Slovakia","2022","2022","1127361"
"env_wastrt_W121_total","A","Annual","T","Tonne","HAZ_NHAZ","Hazardous and non-hazardous - total","RCV_R_B","Recovery - recycling and backfilling (R2-R11)","W121","Mineral waste from construction and demolition","FI","Finland","2010","2010","1386266"
"env_wastrt_W121_total","A","Annual","T","Tonne","HAZ_NHAZ","Hazardous and non-hazardous - total","RCV_R_B","Recovery - recycling and backfilling (R2-R11)","W121","Mineral waste from construction and demolition","FI","Finland","2012","2012","515343"
"env_wastrt_W121_total","A","Annual","T","Tonne","HAZ_NHAZ","Hazardous and non-hazardous - total","RCV_R_B","Recovery - recycling and backfilling (R2-R11)","W121","Mineral waste from construction and demolition","FI","Finland","2014","2014","1401287"
"env_wastrt_W121_total","A","Annual","T","Tonne","HAZ_NHAZ","Hazardous and non-hazardous - total","RCV_R_B","Recovery - recycling and backfilling (R2-R11)","W121","Mineral waste from construction and demolition","FI","Finland","2016","2016","1726245"
"env_wastrt_W121_total","A","Annual","T","Tonne","HAZ_NHAZ","Hazardous and non-hazardous - total","RCV_R_B","Recovery - recycling and backfilling (R2-R11)","W121","Mineral waste from construction and demolition","FI","Finland","2018","2018","879153"
"env_wastrt_W121_total","A","Annual","T","Tonne","HAZ_NHAZ","Hazardous and non-hazardous - total","RCV_R_B","Recovery - recycling and backfilling (R2-R11)","W121","Mineral waste from construction and demolition","FI","Finland","2020","2020","747349"
"env_wastrt_W121_total","A","Annual","T","Tonne","HAZ_NHAZ","Hazardous and non-hazardous - total","RCV_R_B","Recovery - recycling and backfilling (R2-R11)","W121","Mineral waste from construction and demolition","FI","Finland","2022","2022","665147"
"env_wastrt_W121_total","A","Annual","T","Tonne","HAZ_NHAZ","Hazardous and non-hazardous - total","RCV_R_B","Recovery - recycling and backfilling (R2-R11)","W121","Mineral waste from construction and demolition","SE","Sweden","2010","2010","618500"
"env_wastrt_W121_total","A","Annual","T","Tonne","HAZ_NHAZ","Hazardous and non-hazardous - total","RCV_R_B","Recovery - recycling and backfilling (R2-R11)","W121","Mineral waste from construction and demolition","SE","Sweden","2012","2012","496938"
"env_wastrt_W121_total","A","Annual","T","Tonne","HAZ_NHAZ","Hazardous and non-hazardous - total","RCV_R_B","Recovery - recycling and backfilling (R2-R11)","W121","Mineral waste from construction and demolition","SE","Sweden","2014","2014","586388"
"env_wastrt_W121_total","A","Annual","T","Tonne","HAZ_NHAZ","Hazardous and non-hazardous - total","RCV_R_B","Recovery - recycling and backfilling (R2-R11)","W121","Mineral waste from construction and demolition","SE","Sweden","2016","2016","885996"
"env_wastrt_W121_total","A","Annual","T","Tonne","HAZ_NHAZ","Hazardous and non-hazardous - total","RCV_R_B","Recovery - recycling and backfilling (R2-R11)","W121","Mineral waste from construction and demolition","SE","Sweden","2018","2018","1109131"
"env_wastrt_W121_total","A","Annual","T","Tonne","HAZ_NHAZ","Hazardous and non-hazardous - total","RCV_R_B","Recovery - recycling and backfilling (R2-R11)","W121","Mineral waste from construction and demolition","SE","Sweden","2020","2020","1226691"
"env_wastrt_W121_total","A","Annual","T","Tonne","HAZ_NHAZ","Hazardous and non-hazardous - total","RCV_R_B","Recovery - recycling and backfilling (R2-R11)","W121","Mineral waste from construction and demolition","SE","Sweden","2022","2022","1327725"
"env_wastrt_W121_total","A","Annual","T","Tonne","HAZ_NHAZ","Hazardous and non-hazardous - total","RCV_R_B","Recovery - recycling and backfilling (R2-R11)","W121","Mineral waste from construction and demolition","IS","Iceland","2010","2010","5441"
"env_wastrt_W121_total","A","Annual","T","Tonne","HAZ_NHAZ","Hazardous and non-hazardous - total","RCV_R_B","Recovery - recycling and backfilling (R2-R11)","W121","Mineral waste from construction and demolition","IS","Iceland","2012","2012","2891"
"env_wastrt_W121_total","A","Annual","T","Tonne","HAZ_NHAZ","Hazardous and non-hazardous - total","RCV_R_B","Recovery - recycling and backfilling (R2-R11)","W121","Mineral waste from construction and demolition","IS","Iceland","2014","2014","338556"
"env_wastrt_W121_total","A","Annual","T","Tonne","HAZ_NHAZ","Hazardous and non-hazardous - total","RCV_R_B","Recovery - recycling and backfilling (R2-R11)","W121","Mineral waste from construction and demolition","IS","Iceland","2016","2016","471486"
"env_wastrt_W121_total","A","Annual","T","Tonne","HAZ_NHAZ","Hazardous and non-hazardous - total","RCV_R_B","Recovery - recycling and backfilling (R2-R11)","W121","Mineral waste from construction and demolition","IS","Iceland","2018","2018","600265"
"env_wastrt_W121_total","A","Annual","T","Tonne","HAZ_NHAZ","Hazardous and non-hazardous - total","RCV_R_B","Recovery - recycling and backfilling (R2-R11)","W121","Mineral waste from construction and demolition","IS","Iceland","2020","2020","407451"
"env_wastrt_W121_total","A","Annual","T","Tonne","HAZ_NHAZ","Hazardous and non-hazardous - total","RCV_R_B","Recovery - recycling and backfilling (R2-R11)","W121","Mineral waste from construction and demolition","IS","Iceland","2022","2022","113140"
"env_wastrt_W121_total","A","Annual","T","Tonne","HAZ_NHAZ","Hazardous and non-hazardous - total","RCV_R_B","Recovery - recycling and backfilling (R2-R11)","W121","Mineral waste from construction and demolition","NO","Norway","2010","2010","146335"
"env_wastrt_W121_total","A","Annual","T","Tonne","HAZ_NHAZ","Hazardous and non-hazardous - total","RCV_R_B","Recovery - recycling and backfilling (R2-R11)","W121","Mineral waste from construction and demolition","NO","Norway","2012","2012","631137"
"env_wastrt_W121_total","A","Annual","T","Tonne","HAZ_NHAZ","Hazardous and non-hazardous - total","RCV_R_B","Recovery - recycling and backfilling (R2-R11)","W121","Mineral waste from construction and demolition","NO","Norway","2014","2014","1382786"
"env_wastrt_W121_total","A","Annual","T","Tonne","HAZ_NHAZ","Hazardous and non-hazardous - total","RCV_R_B","Recovery - recycling and backfilling (R2-R11)","W121","Mineral waste from construction and demolition","NO","Norway","2016","2016","1579731"
"env_wastrt_W121_total","A","Annual","T","Tonne","HAZ_NHAZ","Hazardous and non-hazardous - total","RCV_R_B","Recovery - recycling and backfilling (R2-R11)","W121","Mineral waste from construction and demolition","NO","Norway","2018","2018","1513278"
"env_wastrt_W121_total","A","Annual","T","Tonne","HAZ_NHAZ","Hazardous and non-hazardous - total","RCV_R_B","Recovery - recycling and backfilling (R2-R11)","W121","Mineral waste from construction and demolition","NO","Norway","2020","2020","1845613"
"env_wastrt_W121_total","A","Annual","T","Tonne","HAZ_NHAZ","Hazardous and non-hazardous - total","RCV_R_B","Recovery - recycling and backfilling (R2-R11)","W121","Mineral waste from construction and demolition","NO","Norway","2022","2022","1812314"
"env_wastrt_W121_total","A","Annual","T","Tonne","HAZ_NHAZ","Hazardous and non-hazardous - total","RCV_R_B","Recovery - recycling and backfilling (R2-R11)","W121","Mineral waste from construction and demolition","UK","United Kingdom","2010","2010","50927440"
"env_wastrt_W121_total","A","Annual","T","Tonne","HAZ_NHAZ","Hazardous and non-hazardous - total","RCV_R_B","Recovery - recycling and backfilling (R2-R11)","W121","Mineral waste from construction and demolition","UK","United Kingdom","2012","2012","47597370"
"env_wastrt_W121_total","A","Annual","T","Tonne","HAZ_NHAZ","Hazardous and non-hazardous - total","RCV_R_B","Recovery - recycling and backfilling (R2-R11)","W121","Mineral waste from construction and demolition","UK","United Kingdom","2014","2014","53791020"
"env_wastrt_W121_total","A","Annual","T","Tonne","HAZ_NHAZ","Hazardous and non-hazardous - total","RCV_R_B","Recovery - recycling and backfilling (R2-R11)","W121","Mineral waste from construction and demolition","UK","United Kingdom","2016","2016","57862651"
"env_wastrt_W121_total","A","Annual","T","Tonne","HAZ_NHAZ","Hazardous and non-hazardous - total","RCV_R_B","Recovery - recycling and backfilling (R2-R11)","W121","Mineral waste from construction and demolition","UK","United Kingdom","2018","2018","60183958"
"env_wastrt_W121_total","A","Annual","T","Tonne","HAZ_NHAZ","Hazardous and non-hazardous - total","RCV_R_B","Recovery - recycling and backfilling (R2-R11)","W121","Mineral waste from construction and demolition","BA","Bosnia and Herzegovina","2022","2022","76"
"env_wastrt_W121_total","A","Annual","T","Tonne","HAZ_NHAZ","Hazardous and non-hazardous - total","RCV_R_B","Recovery - recycling and backfilling (R2-R11)","W121","Mineral waste from construction and demolition","ME","Montenegro","2012","2012","0"
"env_wastrt_W121_total","A","Annual","T","Tonne","HAZ_NHAZ","Hazardous and non-hazardous - total","RCV_R_B","Recovery - recycling and backfilling (R2-R11)","W121","Mineral waste from construction and demolition","ME","Montenegro","2014","2014","76"
"env_wastrt_W121_total","A","Annual","T","Tonne","HAZ_NHAZ","Hazardous and non-hazardous - total","RCV_R_B","Recovery - recycling and backfilling (R2-R11)","W121","Mineral waste from construction and demolition","ME","Montenegro","2016","2016","0"
"env_wastrt_W121_total","A","Annual","T","Tonne","HAZ_NHAZ","Hazardous and non-hazardous - total","RCV_R_B","Recovery - recycling and backfilling (R2-R11)","W121","Mineral waste from construction and demolition","ME","Montenegro","2018","2018","0"
"env_wastrt_W121_total","A","Annual","T","Tonne","HAZ_NHAZ","Hazardous and non-hazardous - total","RCV_R_B","Recovery - recycling and backfilling (R2-R11)","W121","Mineral waste from construction and demolition","ME","Montenegro","2020","2020","340"
"env_wastrt_W121_total","A","Annual","T","Tonne","HAZ_NHAZ","Hazardous and non-hazardous - total","RCV_R_B","Recovery - recycling and backfilling (R2-R11)","W121","Mineral waste from construction and demolition","ME","Montenegro","2022","2022","16"
"env_wastrt_W121_total","A","Annual","T","Tonne","HAZ_NHAZ","Hazardous and non-hazardous - total","RCV_R_B","Recovery - recycling and backfilling (R2-R11)","W121","Mineral waste from construction and demolition","MK","North Macedonia","2010","2010","0"
"env_wastrt_W121_total","A","Annual","T","Tonne","HAZ_NHAZ","Hazardous and non-hazardous - total","RCV_R_B","Recovery - recycling and backfilling (R2-R11)","W121","Mineral waste from construction and demolition","MK","North Macedonia","2012","2012","0"
"env_wastrt_W121_total","A","Annual","T","Tonne","HAZ_NHAZ","Hazardous and non-hazardous - total","RCV_R_B","Recovery - recycling and backfilling (R2-R11)","W121","Mineral waste from construction and demolition","MK","North Macedonia","2014","2014","0"
"env_wastrt_W121_total","A","Annual","T","Tonne","HAZ_NHAZ","Hazardous and non-hazardous - total","RCV_R_B","Recovery - recycling and backfilling (R2-R11)","W121","Mineral waste from construction and demolition","MK","North Macedonia","2018","2018","8034"
"env_wastrt_W121_total","A","Annual","T","Tonne","HAZ_NHAZ","Hazardous and non-hazardous - total","RCV_R_B","Recovery - recycling and backfilling (R2-R11)","W121","Mineral waste from construction and demolition","MK","North Macedonia","2020","2020","0"
"env_wastrt_W121_total","A","Annual","T","Tonne","HAZ_NHAZ","Hazardous and non-hazardous - total","RCV_R_B","Recovery - recycling and backfilling (R2-R11)","W121","Mineral waste from construction and demolition","MK","North Macedonia","2022","2022","0"
"env_wastrt_W121_total","A","Annual","T","Tonne","HAZ_NHAZ","Hazardous and non-hazardous - total","RCV_R_B","Recovery - recycling and backfilling (R2-R11)","W121","Mineral waste from construction and demolition","AL","Albania","2014","2014","0"
"env_wastrt_W121_total","A","Annual","T","Tonne","HAZ_NHAZ","Hazardous and non-hazardous - total","RCV_R_B","Recovery - recycling and backfilling (R2-R11)","W121","Mineral waste from construction and demolition","AL","Albania","2022","2022","42751"
"env_wastrt_W121_total","A","Annual","T","Tonne","HAZ_NHAZ","Hazardous and non-hazardous - total","RCV_R_B","Recovery - recycling and backfilling (R2-R11)","W121","Mineral waste from construction and demolition","RS","Serbia","2010","2010","7"
"env_wastrt_W121_total","A","Annual","T","Tonne","HAZ_NHAZ","Hazardous and non-hazardous - total","RCV_R_B","Recovery - recycling and backfilling (R2-R11)","W121","Mineral waste from construction and demolition","RS","Serbia","2012","2012","0"
"env_wastrt_W121_total","A","Annual","T","Tonne","HAZ_NHAZ","Hazardous and non-hazardous - total","RCV_R_B","Recovery - recycling and backfilling (R2-R11)","W121","Mineral waste from construction and demolition","RS","Serbia","2014","2014","1514"
"env_wastrt_W121_total","A","Annual","T","Tonne","HAZ_NHAZ","Hazardous and non-hazardous - total","RCV_R_B","Recovery - recycling and backfilling (R2-R11)","W121","Mineral waste from construction and demolition","RS","Serbia","2016","2016","206564"
"env_wastrt_W121_total","A","Annual","T","Tonne","HAZ_NHAZ","Hazardous and non-hazardous - total","RCV_R_B","Recovery - recycling and backfilling (R2-R11)","W121","Mineral waste from construction and demolition","RS","Serbia","2018","2018","289361"
"env_wastrt_W121_total","A","Annual","T","Tonne","HAZ_NHAZ","Hazardous and non-hazardous - total","RCV_R_B","Recovery - recycling and backfilling (R2-R11)","W121","Mineral waste from construction and demolition","RS","Serbia","2020","2020","390760"
"env_wastrt_W121_total","A","Annual","T","Tonne","HAZ_NHAZ","Hazardous and non-hazardous - total","RCV_R_B","Recovery - recycling and backfilling (R2-R11)","W121","Mineral waste from construction and demolition","RS","Serbia","2022","2022","209472"
"env_wastrt_W121_total","A","Annual","T","Tonne","HAZ_NHAZ","Hazardous and non-hazardous - total","RCV_R_B","Recovery - recycling and backfilling (R2-R11)","W121","Mineral waste from construction and demolition","TR","Türkiye","2012","2012","56620"
"env_wastrt_W121_total","A","Annual","T","Tonne","HAZ_NHAZ","Hazardous and non-hazardous - total","RCV_R_B","Recovery - recycling and backfilling (R2-R11)","W121","Mineral waste from construction and demolition","TR","Türkiye","2020","2020","700"
"env_wastrt_W121_total","A","Annual","T","Tonne","HAZ_NHAZ","Hazardous and non-hazardous - total","RCV_R_B","Recovery - recycling and backfilling (R2-R11)","W121","Mineral waste from construction and demolition","XK","Kosovo*","2016","2016","0"
"env_wastrt_W121_total","A","Annual","T","Tonne","HAZ_NHAZ","Hazardous and non-hazardous - total","RCV_R_B","Recovery - recycling and backfilling (R2-R11)","W121","Mineral waste from construction and demolition","XK","Kosovo*","2020","2020","1313"
"env_wastrt_W121_total","A","Annual","T","Tonne","HAZ_NHAZ","Hazardous and non-hazardous - total","RCV_R_B","Recovery - recycling and backfilling (R2-R11)","W121","Mineral waste from construction and demolition","XK","Kosovo*","2022","2022","83153"
"env_wastrt_W121_total","A","Annual","T","Tonne","HAZ_NHAZ","Hazardous and non-hazardous - total","RCV_R","Recovery - recycling","W121","Mineral waste from construction and demolition","EU27_2020","European Union - 27 countries (from 2020)","2010","2010","173890000"
"env_wastrt_W121_total","A","Annual","T","Tonne","HAZ_NHAZ","Hazardous and non-hazardous - total","RCV_R","Recovery - recycling","W121","Mineral waste from construction and demolition","EU27_2020","European Union - 27 countries (from 2020)","2012","2012","186160000"
"env_wastrt_W121_total","A","Annual","T","Tonne","HAZ_NHAZ","Hazardous and non-hazardous - total","RCV_R","Recovery - recycling","W121","Mineral waste from construction and demolition","EU27_2020","European Union - 27 countries (from 2020)","2014","2014","180170000"
"env_wastrt_W121_total","A","Annual","T","Tonne","HAZ_NHAZ","Hazardous and non-hazardous - total","RCV_R","Recovery - recycling","W121","Mineral waste from construction and demolition","EU27_2020","European Union - 27 countries (from 2020)","2016","2016","197210000"
"env_wastrt_W121_total","A","Annual","T","Tonne","HAZ_NHAZ","Hazardous and non-hazardous - total","RCV_R","Recovery - recycling","W121","Mineral waste from construction and demolition","EU27_2020","European Union - 27 countries (from 2020)","2018","2018","212720000"
"env_wastrt_W121_total","A","Annual","T","Tonne","HAZ_NHAZ","Hazardous and non-hazardous - total","RCV_R","Recovery - recycling","W121","Mineral waste from construction and demolition","EU27_2020","European Union - 27 countries (from 2020)","2020","2020","211230000"
"env_wastrt_W121_total","A","Annual","T","Tonne","HAZ_NHAZ","Hazardous and non-hazardous - total","RCV_R","Recovery - recycling","W121","Mineral waste from construction and demolition","EU27_2020","European Union - 27 countries (from 2020)","2022","2022","224600000"
"env_wastrt_W121_total","A","Annual","T","Tonne","HAZ_NHAZ","Hazardous and non-hazardous - total","RCV_R","Recovery - recycling","W121","Mineral waste from construction and demolition","EU28","European Union - 28 countries (2013-2020)","2010","2010","223030000"
"env_wastrt_W121_total","A","Annual","T","Tonne","HAZ_NHAZ","Hazardous and non-hazardous - total","RCV_R","Recovery - recycling","W121","Mineral waste from construction and demolition","EU28","European Union - 28 countries (2013-2020)","2012","2012","232940000"
"env_wastrt_W121_total","A","Annual","T","Tonne","HAZ_NHAZ","Hazardous and non-hazardous - total","RCV_R","Recovery - recycling","W121","Mineral waste from construction and demolition","EU28","European Union - 28 countries (2013-2020)","2014","2014","232690000"
"env_wastrt_W121_total","A","Annual","T","Tonne","HAZ_NHAZ","Hazardous and non-hazardous - total","RCV_R","Recovery - recycling","W121","Mineral waste from construction and demolition","EU28","European Union - 28 countries (2013-2020)","2016","2016","254390000"
"env_wastrt_W121_total","A","Annual","T","Tonne","HAZ_NHAZ","Hazardous and non-hazardous - total","RCV_R","Recovery - recycling","W121","Mineral waste from construction and demolition","EU28","European Union - 28 countries (2013-2020)","2018","2018","272300000"
"env_wastrt_W121_total","A","Annual","T","Tonne","HAZ_NHAZ","Hazardous and non-hazardous - total","RCV_R","Recovery - recycling","W121","Mineral waste from construction and demolition","BE","Belgium","2010","2010","33609"
"env_wastrt_W121_total","A","Annual","T","Tonne","HAZ_NHAZ","Hazardous and non-hazardous - total","RCV_R","Recovery - recycling","W121","Mineral waste from construction and demolition","BE","Belgium","2012","2012","72664"
"env_wastrt_W121_total","A","Annual","T","Tonne","HAZ_NHAZ","Hazardous and non-hazardous - total","RCV_R","Recovery - recycling","W121","Mineral waste from construction and demolition","BE","Belgium","2014","2014","52933"
"env_wastrt_W121_total","A","Annual","T","Tonne","HAZ_NHAZ","Hazardous and non-hazardous - total","RCV_R","Recovery - recycling","W121","Mineral waste from construction and demolition","BE","Belgium","2016","2016","397211"
"env_wastrt_W121_total","A","Annual","T","Tonne","HAZ_NHAZ","Hazardous and non-hazardous - total","RCV_R","Recovery - recycling","W121","Mineral waste from construction and demolition","BE","Belgium","2018","2018","493086"
"env_wastrt_W121_total","A","Annual","T","Tonne","HAZ_NHAZ","Hazardous and non-hazardous - total","RCV_R","Recovery - recycling","W121","Mineral waste from construction and demolition","BE","Belgium","2020","2020","2506048"
"env_wastrt_W121_total","A","Annual","T","Tonne","HAZ_NHAZ","Hazardous and non-hazardous - total","RCV_R","Recovery - recycling","W121","Mineral waste from construction and demolition","BE","Belgium","2022","2022","2581636"
"env_wastrt_W121_total","A","Annual","T","Tonne","HAZ_NHAZ","Hazardous and non-hazardous - total","RCV_R","Recovery - recycling","W121","Mineral waste from construction and demolition","BG","Bulgaria","2010","2010","30040"
"env_wastrt_W121_total","A","Annual","T","Tonne","HAZ_NHAZ","Hazardous and non-hazardous - total","RCV_R","Recovery - recycling","W121","Mineral waste from construction and demolition","BG","Bulgaria","2012","2012","60606"
"env_wastrt_W121_total","A","Annual","T","Tonne","HAZ_NHAZ","Hazardous and non-hazardous - total","RCV_R","Recovery - recycling","W121","Mineral waste from construction and demolition","BG","Bulgaria","2014","2014","652508"
"env_wastrt_W121_total","A","Annual","T","Tonne","HAZ_NHAZ","Hazardous and non-hazardous - total","RCV_R","Recovery - recycling","W121","Mineral waste from construction and demolition","BG","Bulgaria","2016","2016","546139"
"env_wastrt_W121_total","A","Annual","T","Tonne","HAZ_NHAZ","Hazardous and non-hazardous - total","RCV_R","Recovery - recycling","W121","Mineral waste from construction and demolition","BG","Bulgaria","2018","2018","126388"
"env_wastrt_W121_total","A","Annual","T","Tonne","HAZ_NHAZ","Hazardous and non-hazardous - total","RCV_R","Recovery - recycling","W121","Mineral waste from construction and demolition","BG","Bulgaria","2020","2020","901834"
"env_wastrt_W121_total","A","Annual","T","Tonne","HAZ_NHAZ","Hazardous and non-hazardous - total","RCV_R","Recovery - recycling","W121","Mineral waste from construction and demolition","BG","Bulgaria","2022","2022","286099"
"env_wastrt_W121_total","A","Annual","T","Tonne","HAZ_NHAZ","Hazardous and non-hazardous - total","RCV_R","Recovery - recycling","W121","Mineral waste from construction and demolition","CZ","Czechia","2010","2010","1651728"
"env_wastrt_W121_total","A","Annual","T","Tonne","HAZ_NHAZ","Hazardous and non-hazardous - total","RCV_R","Recovery - recycling","W121","Mineral waste from construction and demolition","CZ","Czechia","2012","2012","2109721"
"env_wastrt_W121_total","A","Annual","T","Tonne","HAZ_NHAZ","Hazardous and non-hazardous - total","RCV_R","Recovery - recycling","W121","Mineral waste from construction and demolition","CZ","Czechia","2014","2014","2076711"
"env_wastrt_W121_total","A","Annual","T","Tonne","HAZ_NHAZ","Hazardous and non-hazardous - total","RCV_R","Recovery - recycling","W121","Mineral waste from construction and demolition","CZ","Czechia","2016","2016","3372750"
"env_wastrt_W121_total","A","Annual","T","Tonne","HAZ_NHAZ","Hazardous and non-hazardous - total","RCV_R","Recovery - recycling","W121","Mineral waste from construction and demolition","CZ","Czechia","2018","2018","5369517"
"env_wastrt_W121_total","A","Annual","T","Tonne","HAZ_NHAZ","Hazardous and non-hazardous - total","RCV_R","Recovery - recycling","W121","Mineral waste from construction and demolition","CZ","Czechia","2020","2020","4886661"
"env_wastrt_W121_total","A","Annual","T","Tonne","HAZ_NHAZ","Hazardous and non-hazardous - total","RCV_R","Recovery - recycling","W121","Mineral waste from construction and demolition","CZ","Czechia","2022","2022","4836368"
"env_wastrt_W121_total","A","Annual","T","Tonne","HAZ_NHAZ","Hazardous and non-hazardous - total","RCV_R","Recovery - recycling","W121","Mineral waste from construction and demolition","DK","Denmark","2010","2010","1826219"
"env_wastrt_W121_total","A","Annual","T","Tonne","HAZ_NHAZ","Hazardous and non-hazardous - total","RCV_R","Recovery - recycling","W121","Mineral waste from construction and demolition","DK","Denmark","2012","2012","2495507"
"env_wastrt_W121_total","A","Annual","T","Tonne","HAZ_NHAZ","Hazardous and non-hazardous - total","RCV_R","Recovery - recycling","W121","Mineral waste from construction and demolition","DK","Denmark","2014","2014","3024952"
"env_wastrt_W121_total","A","Annual","T","Tonne","HAZ_NHAZ","Hazardous and non-hazardous - total","RCV_R","Recovery - recycling","W121","Mineral waste from construction and demolition","DK","Denmark","2016","2016","3096401"
"env_wastrt_W121_total","A","Annual","T","Tonne","HAZ_NHAZ","Hazardous and non-hazardous - total","RCV_R","Recovery - recycling","W121","Mineral waste from construction and demolition","DK","Denmark","2018","2018","1239666"
"env_wastrt_W121_total","A","Annual","T","Tonne","HAZ_NHAZ","Hazardous and non-hazardous - total","RCV_R","Recovery - recycling","W121","Mineral waste from construction and demolition","DK","Denmark","2020","2020","899171"
"env_wastrt_W121_total","A","Annual","T","Tonne","HAZ_NHAZ","Hazardous and non-hazardous - total","RCV_R","Recovery - recycling","W121","Mineral waste from construction and demolition","DK","Denmark","2022","2022","1533173"
"env_wastrt_W121_total","A","Annual","T","Tonne","HAZ_NHAZ","Hazardous and non-hazardous - total","RCV_R","Recovery - recycling","W121","Mineral waste from construction and demolition","DE","Germany","2010","2010","63598032"
"env_wastrt_W121_total","A","Annual","T","Tonne","HAZ_NHAZ","Hazardous and non-hazardous - total","RCV_R","Recovery - recycling","W121","Mineral waste from construction and demolition","DE","Germany","2012","2012","63929631"
"env_wastrt_W121_total","A","Annual","T","Tonne","HAZ_NHAZ","Hazardous and non-hazardous - total","RCV_R","Recovery - recycling","W121","Mineral waste from construction and demolition","DE","Germany","2014","2014","63977065"
"env_wastrt_W121_total","A","Annual","T","Tonne","HAZ_NHAZ","Hazardous and non-hazardous - total","RCV_R","Recovery - recycling","W121","Mineral waste from construction and demolition","DE","Germany","2016","2016","70116616"
"env_wastrt_W121_total","A","Annual","T","Tonne","HAZ_NHAZ","Hazardous and non-hazardous - total","RCV_R","Recovery - recycling","W121","Mineral waste from construction and demolition","DE","Germany","2018","2018","69332855"
"env_wastrt_W121_total","A","Annual","T","Tonne","HAZ_NHAZ","Hazardous and non-hazardous - total","RCV_R","Recovery - recycling","W121","Mineral waste from construction and demolition","DE","Germany","2020","2020","72054381"
"env_wastrt_W121_total","A","Annual","T","Tonne","HAZ_NHAZ","Hazardous and non-hazardous - total","RCV_R","Recovery - recycling","W121","Mineral waste from construction and demolition","DE","Germany","2022","2022","69901344"
"env_wastrt_W121_total","A","Annual","T","Tonne","HAZ_NHAZ","Hazardous and non-hazardous - total","RCV_R","Recovery - recycling","W121","Mineral waste from construction and demolition","EE","Estonia","2010","2010","526038"
"env_wastrt_W121_total","A","Annual","T","Tonne","HAZ_NHAZ","Hazardous and non-hazardous - total","RCV_R","Recovery - recycling","W121","Mineral waste from construction and demolition","EE","Estonia","2012","2012","406409"
"env_wastrt_W121_total","A","Annual","T","Tonne","HAZ_NHAZ","Hazardous and non-hazardous - total","RCV_R","Recovery - recycling","W121","Mineral waste from construction and demolition","EE","Estonia","2014","2014","581606"
"env_wastrt_W121_total","A","Annual","T","Tonne","HAZ_NHAZ","Hazardous and non-hazardous - total","RCV_R","Recovery - recycling","W121","Mineral waste from construction and demolition","EE","Estonia","2016","2016","326623"
"env_wastrt_W121_total","A","Annual","T","Tonne","HAZ_NHAZ","Hazardous and non-hazardous - total","RCV_R","Recovery - recycling","W121","Mineral waste from construction and demolition","EE","Estonia","2018","2018","564416"
"env_wastrt_W121_total","A","Annual","T","Tonne","HAZ_NHAZ","Hazardous and non-hazardous - total","RCV_R","Recovery - recycling","W121","Mineral waste from construction and demolition","EE","Estonia","2020","2020","246175"
"env_wastrt_W121_total","A","Annual","T","Tonne","HAZ_NHAZ","Hazardous and non-hazardous - total","RCV_R","Recovery - recycling","W121","Mineral waste from construction and demolition","EE","Estonia","2022","2022","510508"
"env_wastrt_W121_total","A","Annual","T","Tonne","HAZ_NHAZ","Hazardous and non-hazardous - total","RCV_R","Recovery - recycling","W121","Mineral waste from construction and demolition","IE","Ireland","2010","2010","306453"
"env_wastrt_W121_total","A","Annual","T","Tonne","HAZ_NHAZ","Hazardous and non-hazardous - total","RCV_R","Recovery - recycling","W121","Mineral waste from construction and demolition","IE","Ireland","2012","2012","212339"
"env_wastrt_W121_total","A","Annual","T","Tonne","HAZ_NHAZ","Hazardous and non-hazardous - total","RCV_R","Recovery - recycling","W121","Mineral waste from construction and demolition","IE","Ireland","2014","2014","193465"
"env_wastrt_W121_total","A","Annual","T","Tonne","HAZ_NHAZ","Hazardous and non-hazardous - total","RCV_R","Recovery - recycling","W121","Mineral waste from construction and demolition","IE","Ireland","2016","2016","189920"
"env_wastrt_W121_total","A","Annual","T","Tonne","HAZ_NHAZ","Hazardous and non-hazardous - total","RCV_R","Recovery - recycling","W121","Mineral waste from construction and demolition","IE","Ireland","2018","2018","235780"
"env_wastrt_W121_total","A","Annual","T","Tonne","HAZ_NHAZ","Hazardous and non-hazardous - total","RCV_R","Recovery - recycling","W121","Mineral waste from construction and demolition","IE","Ireland","2020","2020","220230"
"env_wastrt_W121_total","A","Annual","T","Tonne","HAZ_NHAZ","Hazardous and non-hazardous - total","RCV_R","Recovery - recycling","W121","Mineral waste from construction and demolition","IE","Ireland","2022","2022","369828"
"env_wastrt_W121_total","A","Annual","T","Tonne","HAZ_NHAZ","Hazardous and non-hazardous - total","RCV_R","Recovery - recycling","W121","Mineral waste from construction and demolition","EL","Greece","2010","2010","0"
"env_wastrt_W121_total","A","Annual","T","Tonne","HAZ_NHAZ","Hazardous and non-hazardous - total","RCV_R","Recovery - recycling","W121","Mineral waste from construction and demolition","EL","Greece","2012","2012","2568"
"env_wastrt_W121_total","A","Annual","T","Tonne","HAZ_NHAZ","Hazardous and non-hazardous - total","RCV_R","Recovery - recycling","W121","Mineral waste from construction and demolition","EL","Greece","2014","2014","595"
"env_wastrt_W121_total","A","Annual","T","Tonne","HAZ_NHAZ","Hazardous and non-hazardous - total","RCV_R","Recovery - recycling","W121","Mineral waste from construction and demolition","EL","Greece","2016","2016","121677"
"env_wastrt_W121_total","A","Annual","T","Tonne","HAZ_NHAZ","Hazardous and non-hazardous - total","RCV_R","Recovery - recycling","W121","Mineral waste from construction and demolition","EL","Greece","2018","2018","0"
"env_wastrt_W121_total","A","Annual","T","Tonne","HAZ_NHAZ","Hazardous and non-hazardous - total","RCV_R","Recovery - recycling","W121","Mineral waste from construction and demolition","EL","Greece","2020","2020","1573901"
"env_wastrt_W121_total","A","Annual","T","Tonne","HAZ_NHAZ","Hazardous and non-hazardous - total","RCV_R","Recovery - recycling","W121","Mineral waste from construction and demolition","EL","Greece","2022","2022","2228185"
"env_wastrt_W121_total","A","Annual","T","Tonne","HAZ_NHAZ","Hazardous and non-hazardous - total","RCV_R","Recovery - recycling","W121","Mineral waste from construction and demolition","ES","Spain","2010","2010","4630239"
"env_wastrt_W121_total","A","Annual","T","Tonne","HAZ_NHAZ","Hazardous and non-hazardous - total","RCV_R","Recovery - recycling","W121","Mineral waste from construction and demolition","ES","Spain","2012","2012","18709260"
"env_wastrt_W121_total","A","Annual","T","Tonne","HAZ_NHAZ","Hazardous and non-hazardous - total","RCV_R","Recovery - recycling","W121","Mineral waste from construction and demolition","ES","Spain","2014","2014","4466243"
"env_wastrt_W121_total","A","Annual","T","Tonne","HAZ_NHAZ","Hazardous and non-hazardous - total","RCV_R","Recovery - recycling","W121","Mineral waste from construction and demolition","ES","Spain","2016","2016","6450046"
"env_wastrt_W121_total","A","Annual","T","Tonne","HAZ_NHAZ","Hazardous and non-hazardous - total","RCV_R","Recovery - recycling","W121","Mineral waste from construction and demolition","ES","Spain","2018","2018","10374494"
"env_wastrt_W121_total","A","Annual","T","Tonne","HAZ_NHAZ","Hazardous and non-hazardous - total","RCV_R","Recovery - recycling","W121","Mineral waste from construction and demolition","ES","Spain","2020","2020","10287135"
"env_wastrt_W121_total","A","Annual","T","Tonne","HAZ_NHAZ","Hazardous and non-hazardous - total","RCV_R","Recovery - recycling","W121","Mineral waste from construction and demolition","ES","Spain","2022","2022","10327392"
"env_wastrt_W121_total","A","Annual","T","Tonne","HAZ_NHAZ","Hazardous and non-hazardous - total","RCV_R","Recovery - recycling","W121","Mineral waste from construction and demolition","FR","France","2010","2010","38196514"
"env_wastrt_W121_total","A","Annual","T","Tonne","HAZ_NHAZ","Hazardous and non-hazardous - total","RCV_R","Recovery - recycling","W121","Mineral waste from construction and demolition","FR","France","2012","2012","36286688"
"env_wastrt_W121_total","A","Annual","T","Tonne","HAZ_NHAZ","Hazardous and non-hazardous - total","RCV_R","Recovery - recycling","W121","Mineral waste from construction and demolition","FR","France","2014","2014","38301273"
"env_wastrt_W121_total","A","Annual","T","Tonne","HAZ_NHAZ","Hazardous and non-hazardous - total","RCV_R","Recovery - recycling","W121","Mineral waste from construction and demolition","FR","France","2016","2016","40717877"
"env_wastrt_W121_total","A","Annual","T","Tonne","HAZ_NHAZ","Hazardous and non-hazardous - total","RCV_R","Recovery - recycling","W121","Mineral waste from construction and demolition","FR","France","2018","2018","45062504"
"env_wastrt_W121_total","A","Annual","T","Tonne","HAZ_NHAZ","Hazardous and non-hazardous - total","RCV_R","Recovery - recycling","W121","Mineral waste from construction and demolition","FR","France","2020","2020","34416812"
"env_wastrt_W121_total","A","Annual","T","Tonne","HAZ_NHAZ","Hazardous and non-hazardous - total","RCV_R","Recovery - recycling","W121","Mineral waste from construction and demolition","FR","France","2022","2022","40350317"
"env_wastrt_W121_total","A","Annual","T","Tonne","HAZ_NHAZ","Hazardous and non-hazardous - total","RCV_R","Recovery - recycling","W121","Mineral waste from construction and demolition","HR","Croatia","2010","2010","997"
"env_wastrt_W121_total","A","Annual","T","Tonne","HAZ_NHAZ","Hazardous and non-hazardous - total","RCV_R","Recovery - recycling","W121","Mineral waste from construction and demolition","HR","Croatia","2012","2012","128818"
"env_wastrt_W121_total","A","Annual","T","Tonne","HAZ_NHAZ","Hazardous and non-hazardous - total","RCV_R","Recovery - recycling","W121","Mineral waste from construction and demolition","HR","Croatia","2014","2014","191777"
"env_wastrt_W121_total","A","Annual","T","Tonne","HAZ_NHAZ","Hazardous and non-hazardous - total","RCV_R","Recovery - recycling","W121","Mineral waste from construction and demolition","HR","Croatia","2016","2016","206998"
"env_wastrt_W121_total","A","Annual","T","Tonne","HAZ_NHAZ","Hazardous and non-hazardous - total","RCV_R","Recovery - recycling","W121","Mineral waste from construction and demolition","HR","Croatia","2018","2018","212752"
"env_wastrt_W121_total","A","Annual","T","Tonne","HAZ_NHAZ","Hazardous and non-hazardous - total","RCV_R","Recovery - recycling","W121","Mineral waste from construction and demolition","HR","Croatia","2020","2020","321057"
"env_wastrt_W121_total","A","Annual","T","Tonne","HAZ_NHAZ","Hazardous and non-hazardous - total","RCV_R","Recovery - recycling","W121","Mineral waste from construction and demolition","HR","Croatia","2022","2022","352930"
"env_wastrt_W121_total","A","Annual","T","Tonne","HAZ_NHAZ","Hazardous and non-hazardous - total","RCV_R","Recovery - recycling","W121","Mineral waste from construction and demolition","IT","Italy","2010","2010","29780370"
"env_wastrt_W121_total","A","Annual","T","Tonne","HAZ_NHAZ","Hazardous and non-hazardous - total","RCV_R","Recovery - recycling","W121","Mineral waste from construction and demolition","IT","Italy","2012","2012","29782235"
"env_wastrt_W121_total","A","Annual","T","Tonne","HAZ_NHAZ","Hazardous and non-hazardous - total","RCV_R","Recovery - recycling","W121","Mineral waste from construction and demolition","IT","Italy","2014","2014","30018980"
"env_wastrt_W121_total","A","Annual","T","Tonne","HAZ_NHAZ","Hazardous and non-hazardous - total","RCV_R","Recovery - recycling","W121","Mineral waste from construction and demolition","IT","Italy","2016","2016","33192131"
"env_wastrt_W121_total","A","Annual","T","Tonne","HAZ_NHAZ","Hazardous and non-hazardous - total","RCV_R","Recovery - recycling","W121","Mineral waste from construction and demolition","IT","Italy","2018","2018","39481612"
"env_wastrt_W121_total","A","Annual","T","Tonne","HAZ_NHAZ","Hazardous and non-hazardous - total","RCV_R","Recovery - recycling","W121","Mineral waste from construction and demolition","IT","Italy","2020","2020","44363051"
"env_wastrt_W121_total","A","Annual","T","Tonne","HAZ_NHAZ","Hazardous and non-hazardous - total","RCV_R","Recovery - recycling","W121","Mineral waste from construction and demolition","IT","Italy","2022","2022","52796284"
"env_wastrt_W121_total","A","Annual","T","Tonne","HAZ_NHAZ","Hazardous and non-hazardous - total","RCV_R","Recovery - recycling","W121","Mineral waste from construction and demolition","CY","Cyprus","2010","2010","0"
"env_wastrt_W121_total","A","Annual","T","Tonne","HAZ_NHAZ","Hazardous and non-hazardous - total","RCV_R","Recovery - recycling","W121","Mineral waste from construction and demolition","CY","Cyprus","2012","2012","62129"
"env_wastrt_W121_total","A","Annual","T","Tonne","HAZ_NHAZ","Hazardous and non-hazardous - total","RCV_R","Recovery - recycling","W121","Mineral waste from construction and demolition","CY","Cyprus","2014","2014","42283"
"env_wastrt_W121_total","A","Annual","T","Tonne","HAZ_NHAZ","Hazardous and non-hazardous - total","RCV_R","Recovery - recycling","W121","Mineral waste from construction and demolition","CY","Cyprus","2016","2016","107072"
"env_wastrt_W121_total","A","Annual","T","Tonne","HAZ_NHAZ","Hazardous and non-hazardous - total","RCV_R","Recovery - recycling","W121","Mineral waste from construction and demolition","CY","Cyprus","2018","2018","140472"
"env_wastrt_W121_total","A","Annual","T","Tonne","HAZ_NHAZ","Hazardous and non-hazardous - total","RCV_R","Recovery - recycling","W121","Mineral waste from construction and demolition","CY","Cyprus","2020","2020","205845"
"env_wastrt_W121_total","A","Annual","T","Tonne","HAZ_NHAZ","Hazardous and non-hazardous - total","RCV_R","Recovery - recycling","W121","Mineral waste from construction and demolition","CY","Cyprus","2022","2022","211235"
"env_wastrt_W121_total","A","Annual","T","Tonne","HAZ_NHAZ","Hazardous and non-hazardous - total","RCV_R","Recovery - recycling","W121","Mineral waste from construction and demolition","LV","Latvia","2010","2010","133271"
"env_wastrt_W121_total","A","Annual","T","Tonne","HAZ_NHAZ","Hazardous and non-hazardous - total","RCV_R","Recovery - recycling","W121","Mineral waste from construction and demolition","LV","Latvia","2012","2012","148615"
"env_wastrt_W121_total","A","Annual","T","Tonne","HAZ_NHAZ","Hazardous and non-hazardous - total","RCV_R","Recovery - recycling","W121","Mineral waste from construction and demolition","LV","Latvia","2014","2014","92541"
"env_wastrt_W121_total","A","Annual","T","Tonne","HAZ_NHAZ","Hazardous and non-hazardous - total","RCV_R","Recovery - recycling","W121","Mineral waste from construction and demolition","LV","Latvia","2016","2016","95293"
"env_wastrt_W121_total","A","Annual","T","Tonne","HAZ_NHAZ","Hazardous and non-hazardous - total","RCV_R","Recovery - recycling","W121","Mineral waste from construction and demolition","LV","Latvia","2018","2018","347865"
"env_wastrt_W121_total","A","Annual","T","Tonne","HAZ_NHAZ","Hazardous and non-hazardous - total","RCV_R","Recovery - recycling","W121","Mineral waste from construction and demolition","LV","Latvia","2020","2020","284144"
"env_wastrt_W121_total","A","Annual","T","Tonne","HAZ_NHAZ","Hazardous and non-hazardous - total","RCV_R","Recovery - recycling","W121","Mineral waste from construction and demolition","LV","Latvia","2022","2022","320316"
"env_wastrt_W121_total","A","Annual","T","Tonne","HAZ_NHAZ","Hazardous and non-hazardous - total","RCV_R","Recovery - recycling","W121","Mineral waste from construction and demolition","LT","Lithuania","2010","2010","234810"
"env_wastrt_W121_total","A","Annual","T","Tonne","HAZ_NHAZ","Hazardous and non-hazardous - total","RCV_R","Recovery - recycling","W121","Mineral waste from construction and demolition","LT","Lithuania","2012","2012","338332"
"env_wastrt_W121_total","A","Annual","T","Tonne","HAZ_NHAZ","Hazardous and non-hazardous - total","RCV_R","Recovery - recycling","W121","Mineral waste from construction and demolition","LT","Lithuania","2014","2014","417067"
"env_wastrt_W121_total","A","Annual","T","Tonne","HAZ_NHAZ","Hazardous and non-hazardous - total","RCV_R","Recovery - recycling","W121","Mineral waste from construction and demolition","LT","Lithuania","2016","2016","538958"
"env_wastrt_W121_total","A","Annual","T","Tonne","HAZ_NHAZ","Hazardous and non-hazardous - total","RCV_R","Recovery - recycling","W121","Mineral waste from construction and demolition","LT","Lithuania","2018","2018","521575"
"env_wastrt_W121_total","A","Annual","T","Tonne","HAZ_NHAZ","Hazardous and non-hazardous - total","RCV_R","Recovery - recycling","W121","Mineral waste from construction and demolition","LT","Lithuania","2020","2020","469153"
"env_wastrt_W121_total","A","Annual","T","Tonne","HAZ_NHAZ","Hazardous and non-hazardous - total","RCV_R","Recovery - recycling","W121","Mineral waste from construction and demolition","LT","Lithuania","2022","2022","515913"
"env_wastrt_W121_total","A","Annual","T","Tonne","HAZ_NHAZ","Hazardous and non-hazardous - total","RCV_R","Recovery - recycling","W121","Mineral waste from construction and demolition","LU","Luxembourg","2010","2010","513548"
"env_wastrt_W121_total","A","Annual","T","Tonne","HAZ_NHAZ","Hazardous and non-hazardous - total","RCV_R","Recovery - recycling","W121","Mineral waste from construction and demolition","LU","Luxembourg","2012","2012","517516"
"env_wastrt_W121_total","A","Annual","T","Tonne","HAZ_NHAZ","Hazardous and non-hazardous - total","RCV_R","Recovery - recycling","W121","Mineral waste from construction and demolition","LU","Luxembourg","2014","2014","409555"
"env_wastrt_W121_total","A","Annual","T","Tonne","HAZ_NHAZ","Hazardous and non-hazardous - total","RCV_R","Recovery - recycling","W121","Mineral waste from construction and demolition","LU","Luxembourg","2016","2016","354855"
"env_wastrt_W121_total","A","Annual","T","Tonne","HAZ_NHAZ","Hazardous and non-hazardous - total","RCV_R","Recovery - recycling","W121","Mineral waste from construction and demolition","LU","Luxembourg","2018","2018","380761"
"env_wastrt_W121_total","A","Annual","T","Tonne","HAZ_NHAZ","Hazardous and non-hazardous - total","RCV_R","Recovery - recycling","W121","Mineral waste from construction and demolition","LU","Luxembourg","2020","2020","484971"
"env_wastrt_W121_total","A","Annual","T","Tonne","HAZ_NHAZ","Hazardous and non-hazardous - total","RCV_R","Recovery - recycling","W121","Mineral waste from construction and demolition","LU","Luxembourg","2022","2022","1031481"
"env_wastrt_W121_total","A","Annual","T","Tonne","HAZ_NHAZ","Hazardous and non-hazardous - total","RCV_R","Recovery - recycling","W121","Mineral waste from construction and demolition","HU","Hungary","2010","2010","1259793"
"env_wastrt_W121_total","A","Annual","T","Tonne","HAZ_NHAZ","Hazardous and non-hazardous - total","RCV_R","Recovery - recycling","W121","Mineral waste from construction and demolition","HU","Hungary","2012","2012","1255917"
"env_wastrt_W121_total","A","Annual","T","Tonne","HAZ_NHAZ","Hazardous and non-hazardous - total","RCV_R","Recovery - recycling","W121","Mineral waste from construction and demolition","HU","Hungary","2014","2014","1772328"
"env_wastrt_W121_total","A","Annual","T","Tonne","HAZ_NHAZ","Hazardous and non-hazardous - total","RCV_R","Recovery - recycling","W121","Mineral waste from construction and demolition","HU","Hungary","2016","2016","2299642"
"env_wastrt_W121_total","A","Annual","T","Tonne","HAZ_NHAZ","Hazardous and non-hazardous - total","RCV_R","Recovery - recycling","W121","Mineral waste from construction and demolition","HU","Hungary","2018","2018","3203080"
"env_wastrt_W121_total","A","Annual","T","Tonne","HAZ_NHAZ","Hazardous and non-hazardous - total","RCV_R","Recovery - recycling","W121","Mineral waste from construction and demolition","HU","Hungary","2020","2020","439775"
"env_wastrt_W121_total","A","Annual","T","Tonne","HAZ_NHAZ","Hazardous and non-hazardous - total","RCV_R","Recovery - recycling","W121","Mineral waste from construction and demolition","HU","Hungary","2022","2022","843615"
"env_wastrt_W121_total","A","Annual","T","Tonne","HAZ_NHAZ","Hazardous and non-hazardous - total","RCV_R","Recovery - recycling","W121","Mineral waste from construction and demolition","MT","Malta","2010","2010","119412"
"env_wastrt_W121_total","A","Annual","T","Tonne","HAZ_NHAZ","Hazardous and non-hazardous - total","RCV_R","Recovery - recycling","W121","Mineral waste from construction and demolition","MT","Malta","2012","2012","113082"
"env_wastrt_W121_total","A","Annual","T","Tonne","HAZ_NHAZ","Hazardous and non-hazardous - total","RCV_R","Recovery - recycling","W121","Mineral waste from construction and demolition","MT","Malta","2014","2014","273203"
"env_wastrt_W121_total","A","Annual","T","Tonne","HAZ_NHAZ","Hazardous and non-hazardous - total","RCV_R","Recovery - recycling","W121","Mineral waste from construction and demolition","MT","Malta","2016","2016","198291"
"env_wastrt_W121_total","A","Annual","T","Tonne","HAZ_NHAZ","Hazardous and non-hazardous - total","RCV_R","Recovery - recycling","W121","Mineral waste from construction and demolition","MT","Malta","2018","2018","392847"
"env_wastrt_W121_total","A","Annual","T","Tonne","HAZ_NHAZ","Hazardous and non-hazardous - total","RCV_R","Recovery - recycling","W121","Mineral waste from construction and demolition","MT","Malta","2020","2020","1232033"
"env_wastrt_W121_total","A","Annual","T","Tonne","HAZ_NHAZ","Hazardous and non-hazardous - total","RCV_R","Recovery - recycling","W121","Mineral waste from construction and demolition","MT","Malta","2022","2022","1387057"
"env_wastrt_W121_total","A","Annual","T","Tonne","HAZ_NHAZ","Hazardous and non-hazardous - total","RCV_R","Recovery - recycling","W121","Mineral waste from construction and demolition","NL","Netherlands","2010","2010","20022174"
"env_wastrt_W121_total","A","Annual","T","Tonne","HAZ_NHAZ","Hazardous and non-hazardous - total","RCV_R","Recovery - recycling","W121","Mineral waste from construction and demolition","NL","Netherlands","2012","2012","19357728"
"env_wastrt_W121_total","A","Annual","T","Tonne","HAZ_NHAZ","Hazardous and non-hazardous - total","RCV_R","Recovery - recycling","W121","Mineral waste from construction and demolition","NL","Netherlands","2014","2014","18828734"
"env_wastrt_W121_total","A","Annual","T","Tonne","HAZ_NHAZ","Hazardous and non-hazardous - total","RCV_R","Recovery - recycling","W121","Mineral waste from construction and demolition","NL","Netherlands","2016","2016","19366506"
"env_wastrt_W121_total","A","Annual","T","Tonne","HAZ_NHAZ","Hazardous and non-hazardous - total","RCV_R","Recovery - recycling","W121","Mineral waste from construction and demolition","NL","Netherlands","2018","2018","20291420"
"env_wastrt_W121_total","A","Annual","T","Tonne","HAZ_NHAZ","Hazardous and non-hazardous - total","RCV_R","Recovery - recycling","W121","Mineral waste from construction and demolition","NL","Netherlands","2020","2020","20203498"
"env_wastrt_W121_total","A","Annual","T","Tonne","HAZ_NHAZ","Hazardous and non-hazardous - total","RCV_R","Recovery - recycling","W121","Mineral waste from construction and demolition","NL","Netherlands","2022","2022","19893309"
"env_wastrt_W121_total","A","Annual","T","Tonne","HAZ_NHAZ","Hazardous and non-hazardous - total","RCV_R","Recovery - recycling","W121","Mineral waste from construction and demolition","AT","Austria","2010","2010","5420000"
"env_wastrt_W121_total","A","Annual","T","Tonne","HAZ_NHAZ","Hazardous and non-hazardous - total","RCV_R","Recovery - recycling","W121","Mineral waste from construction and demolition","AT","Austria","2012","2012","5786101"
"env_wastrt_W121_total","A","Annual","T","Tonne","HAZ_NHAZ","Hazardous and non-hazardous - total","RCV_R","Recovery - recycling","W121","Mineral waste from construction and demolition","AT","Austria","2014","2014","7572192"
"env_wastrt_W121_total","A","Annual","T","Tonne","HAZ_NHAZ","Hazardous and non-hazardous - total","RCV_R","Recovery - recycling","W121","Mineral waste from construction and demolition","AT","Austria","2016","2016","8641839"
"env_wastrt_W121_total","A","Annual","T","Tonne","HAZ_NHAZ","Hazardous and non-hazardous - total","RCV_R","Recovery - recycling","W121","Mineral waste from construction and demolition","AT","Austria","2018","2018","8968213"
"env_wastrt_W121_total","A","Annual","T","Tonne","HAZ_NHAZ","Hazardous and non-hazardous - total","RCV_R","Recovery - recycling","W121","Mineral waste from construction and demolition","AT","Austria","2020","2020","9207799"
"env_wastrt_W121_total","A","Annual","T","Tonne","HAZ_NHAZ","Hazardous and non-hazardous - total","RCV_R","Recovery - recycling","W121","Mineral waste from construction and demolition","AT","Austria","2022","2022","7532824"
"env_wastrt_W121_total","A","Annual","T","Tonne","HAZ_NHAZ","Hazardous and non-hazardous - total","RCV_R","Recovery - recycling","W121","Mineral waste from construction and demolition","PL","Poland","2010","2010","2223727"
"env_wastrt_W121_total","A","Annual","T","Tonne","HAZ_NHAZ","Hazardous and non-hazardous - total","RCV_R","Recovery - recycling","W121","Mineral waste from construction and demolition","PL","Poland","2012","2012","2044263"
"env_wastrt_W121_total","A","Annual","T","Tonne","HAZ_NHAZ","Hazardous and non-hazardous - total","RCV_R","Recovery - recycling","W121","Mineral waste from construction and demolition","PL","Poland","2014","2014","3955547"
"env_wastrt_W121_total","A","Annual","T","Tonne","HAZ_NHAZ","Hazardous and non-hazardous - total","RCV_R","Recovery - recycling","W121","Mineral waste from construction and demolition","PL","Poland","2016","2016","2592887"
"env_wastrt_W121_total","A","Annual","T","Tonne","HAZ_NHAZ","Hazardous and non-hazardous - total","RCV_R","Recovery - recycling","W121","Mineral waste from construction and demolition","PL","Poland","2018","2018","2511000"
"env_wastrt_W121_total","A","Annual","T","Tonne","HAZ_NHAZ","Hazardous and non-hazardous - total","RCV_R","Recovery - recycling","W121","Mineral waste from construction and demolition","PL","Poland","2020","2020","1767672"
"env_wastrt_W121_total","A","Annual","T","Tonne","HAZ_NHAZ","Hazardous and non-hazardous - total","RCV_R","Recovery - recycling","W121","Mineral waste from construction and demolition","PL","Poland","2022","2022","1803471"
"env_wastrt_W121_total","A","Annual","T","Tonne","HAZ_NHAZ","Hazardous and non-hazardous - total","RCV_R","Recovery - recycling","W121","Mineral waste from construction and demolition","PT","Portugal","2010","2010","250384"
"env_wastrt_W121_total","A","Annual","T","Tonne","HAZ_NHAZ","Hazardous and non-hazardous - total","RCV_R","Recovery - recycling","W121","Mineral waste from construction and demolition","PT","Portugal","2012","2012","342799"
"env_wastrt_W121_total","A","Annual","T","Tonne","HAZ_NHAZ","Hazardous and non-hazardous - total","RCV_R","Recovery - recycling","W121","Mineral waste from construction and demolition","PT","Portugal","2014","2014","262809"
"env_wastrt_W121_total","A","Annual","T","Tonne","HAZ_NHAZ","Hazardous and non-hazardous - total","RCV_R","Recovery - recycling","W121","Mineral waste from construction and demolition","PT","Portugal","2016","2016","361451"
"env_wastrt_W121_total","A","Annual","T","Tonne","HAZ_NHAZ","Hazardous and non-hazardous - total","RCV_R","Recovery - recycling","W121","Mineral waste from construction and demolition","PT","Portugal","2018","2018","298565"
"env_wastrt_W121_total","A","Annual","T","Tonne","HAZ_NHAZ","Hazardous and non-hazardous - total","RCV_R","Recovery - recycling","W121","Mineral waste from construction and demolition","PT","Portugal","2020","2020","408966"
"env_wastrt_W121_total","A","Annual","T","Tonne","HAZ_NHAZ","Hazardous and non-hazardous - total","RCV_R","Recovery - recycling","W121","Mineral waste from construction and demolition","PT","Portugal","2022","2022","625433"
"env_wastrt_W121_total","A","Annual","T","Tonne","HAZ_NHAZ","Hazardous and non-hazardous - total","RCV_R","Recovery - recycling","W121","Mineral waste from construction and demolition","RO","Romania","2010","2010","269571"
"env_wastrt_W121_total","A","Annual","T","Tonne","HAZ_NHAZ","Hazardous and non-hazardous - total","RCV_R","Recovery - recycling","W121","Mineral waste from construction and demolition","RO","Romania","2012","2012","529522"
"env_wastrt_W121_total","A","Annual","T","Tonne","HAZ_NHAZ","Hazardous and non-hazardous - total","RCV_R","Recovery - recycling","W121","Mineral waste from construction and demolition","RO","Romania","2014","2014","278077"
"env_wastrt_W121_total","A","Annual","T","Tonne","HAZ_NHAZ","Hazardous and non-hazardous - total","RCV_R","Recovery - recycling","W121","Mineral waste from construction and demolition","RO","Romania","2016","2016","560176"
"env_wastrt_W121_total","A","Annual","T","Tonne","HAZ_NHAZ","Hazardous and non-hazardous - total","RCV_R","Recovery - recycling","W121","Mineral waste from construction and demolition","RO","Romania","2018","2018","306827"
"env_wastrt_W121_total","A","Annual","T","Tonne","HAZ_NHAZ","Hazardous and non-hazardous - total","RCV_R","Recovery - recycling","W121","Mineral waste from construction and demolition","RO","Romania","2020","2020","618635"
"env_wastrt_W121_total","A","Annual","T","Tonne","HAZ_NHAZ","Hazardous and non-hazardous - total","RCV_R","Recovery - recycling","W121","Mineral waste from construction and demolition","RO","Romania","2022","2022","526134"
"env_wastrt_W121_total","A","Annual","T","Tonne","HAZ_NHAZ","Hazardous and non-hazardous - total","RCV_R","Recovery - recycling","W121","Mineral waste from construction and demolition","SI","Slovenia","2010","2010","633230"
"env_wastrt_W121_total","A","Annual","T","Tonne","HAZ_NHAZ","Hazardous and non-hazardous - total","RCV_R","Recovery - recycling","W121","Mineral waste from construction and demolition","SI","Slovenia","2012","2012","284354"
"env_wastrt_W121_total","A","Annual","T","Tonne","HAZ_NHAZ","Hazardous and non-hazardous - total","RCV_R","Recovery - recycling","W121","Mineral waste from construction and demolition","SI","Slovenia","2014","2014","511724"
"env_wastrt_W121_total","A","Annual","T","Tonne","HAZ_NHAZ","Hazardous and non-hazardous - total","RCV_R","Recovery - recycling","W121","Mineral waste from construction and demolition","SI","Slovenia","2016","2016","582298"
"env_wastrt_W121_total","A","Annual","T","Tonne","HAZ_NHAZ","Hazardous and non-hazardous - total","RCV_R","Recovery - recycling","W121","Mineral waste from construction and demolition","SI","Slovenia","2018","2018","996254"
"env_wastrt_W121_total","A","Annual","T","Tonne","HAZ_NHAZ","Hazardous and non-hazardous - total","RCV_R","Recovery - recycling","W121","Mineral waste from construction and demolition","SI","Slovenia","2020","2020","950951"
"env_wastrt_W121_total","A","Annual","T","Tonne","HAZ_NHAZ","Hazardous and non-hazardous - total","RCV_R","Recovery - recycling","W121","Mineral waste from construction and demolition","SI","Slovenia","2022","2022","818475"
"env_wastrt_W121_total","A","Annual","T","Tonne","HAZ_NHAZ","Hazardous and non-hazardous - total","RCV_R","Recovery - recycling","W121","Mineral waste from construction and demolition","SK","Slovakia","2010","2010","226131"
"env_wastrt_W121_total","A","Annual","T","Tonne","HAZ_NHAZ","Hazardous and non-hazardous - total","RCV_R","Recovery - recycling","W121","Mineral waste from construction and demolition","SK","Slovakia","2012","2012","168180"
"env_wastrt_W121_total","A","Annual","T","Tonne","HAZ_NHAZ","Hazardous and non-hazardous - total","RCV_R","Recovery - recycling","W121","Mineral waste from construction and demolition","SK","Slovakia","2014","2014","229259"
"env_wastrt_W121_total","A","Annual","T","Tonne","HAZ_NHAZ","Hazardous and non-hazardous - total","RCV_R","Recovery - recycling","W121","Mineral waste from construction and demolition","SK","Slovakia","2016","2016","206046"
"env_wastrt_W121_total","A","Annual","T","Tonne","HAZ_NHAZ","Hazardous and non-hazardous - total","RCV_R","Recovery - recycling","W121","Mineral waste from construction and demolition","SK","Slovakia","2018","2018","131201"
"env_wastrt_W121_total","A","Annual","T","Tonne","HAZ_NHAZ","Hazardous and non-hazardous - total","RCV_R","Recovery - recycling","W121","Mineral waste from construction and demolition","SK","Slovakia","2020","2020","696706"
"env_wastrt_W121_total","A","Annual","T","Tonne","HAZ_NHAZ","Hazardous and non-hazardous - total","RCV_R","Recovery - recycling","W121","Mineral waste from construction and demolition","SK","Slovakia","2022","2022","1127175"
"env_wastrt_W121_total","A","Annual","T","Tonne","HAZ_NHAZ","Hazardous and non-hazardous - total","RCV_R","Recovery - recycling","W121","Mineral waste from construction and demolition","FI","Finland","2010","2010","1386266"
"env_wastrt_W121_total","A","Annual","T","Tonne","HAZ_NHAZ","Hazardous and non-hazardous - total","RCV_R","Recovery - recycling","W121","Mineral waste from construction and demolition","FI","Finland","2012","2012","515343"
"env_wastrt_W121_total","A","Annual","T","Tonne","HAZ_NHAZ","Hazardous and non-hazardous - total","RCV_R","Recovery - recycling","W121","Mineral waste from construction and demolition","FI","Finland","2014","2014","1401287"
"env_wastrt_W121_total","A","Annual","T","Tonne","HAZ_NHAZ","Hazardous and non-hazardous - total","RCV_R","Recovery - recycling","W121","Mineral waste from construction and demolition","FI","Finland","2016","2016","1726245"
"env_wastrt_W121_total","A","Annual","T","Tonne","HAZ_NHAZ","Hazardous and non-hazardous - total","RCV_R","Recovery - recycling","W121","Mineral waste from construction and demolition","FI","Finland","2018","2018","865931"
"env_wastrt_W121_total","A","Annual","T","Tonne","HAZ_NHAZ","Hazardous and non-hazardous - total","RCV_R","Recovery - recycling","W121","Mineral waste from construction and demolition","FI","Finland","2020","2020","713815"
"env_wastrt_W121_total","A","Annual","T","Tonne","HAZ_NHAZ","Hazardous and non-hazardous - total","RCV_R","Recovery - recycling","W121","Mineral waste from construction and demolition","FI","Finland","2022","2022","593767"
"env_wastrt_W121_total","A","Annual","T","Tonne","HAZ_NHAZ","Hazardous and non-hazardous - total","RCV_R","Recovery - recycling","W121","Mineral waste from construction and demolition","SE","Sweden","2010","2010","618500"
"env_wastrt_W121_total","A","Annual","T","Tonne","HAZ_NHAZ","Hazardous and non-hazardous - total","RCV_R","Recovery - recycling","W121","Mineral waste from construction and demolition","SE","Sweden","2012","2012","496938"
"env_wastrt_W121_total","A","Annual","T","Tonne","HAZ_NHAZ","Hazardous and non-hazardous - total","RCV_R","Recovery - recycling","W121","Mineral waste from construction and demolition","SE","Sweden","2014","2014","585192"
"env_wastrt_W121_total","A","Annual","T","Tonne","HAZ_NHAZ","Hazardous and non-hazardous - total","RCV_R","Recovery - recycling","W121","Mineral waste from construction and demolition","SE","Sweden","2016","2016","839116"
"env_wastrt_W121_total","A","Annual","T","Tonne","HAZ_NHAZ","Hazardous and non-hazardous - total","RCV_R","Recovery - recycling","W121","Mineral waste from construction and demolition","SE","Sweden","2018","2018","869959"
"env_wastrt_W121_total","A","Annual","T","Tonne","HAZ_NHAZ","Hazardous and non-hazardous - total","RCV_R","Recovery - recycling","W121","Mineral waste from construction and demolition","SE","Sweden","2020","2020","871637"
"env_wastrt_W121_total","A","Annual","T","Tonne","HAZ_NHAZ","Hazardous and non-hazardous - total","RCV_R","Recovery - recycling","W121","Mineral waste from construction and demolition","SE","Sweden","2022","2022","1297614"
"env_wastrt_W121_total","A","Annual","T","Tonne","HAZ_NHAZ","Hazardous and non-hazardous - total","RCV_R","Recovery - recycling","W121","Mineral waste from construction and demolition","IS","Iceland","2010","2010","3607"
"env_wastrt_W121_total","A","Annual","T","Tonne","HAZ_NHAZ","Hazardous and non-hazardous - total","RCV_R","Recovery - recycling","W121","Mineral waste from construction and demolition","IS","Iceland","2012","2012","0"
"env_wastrt_W121_total","A","Annual","T","Tonne","HAZ_NHAZ","Hazardous and non-hazardous - total","RCV_R","Recovery - recycling","W121","Mineral waste from construction and demolition","IS","Iceland","2014","2014","1683"
"env_wastrt_W121_total","A","Annual","T","Tonne","HAZ_NHAZ","Hazardous and non-hazardous - total","RCV_R","Recovery - recycling","W121","Mineral waste from construction and demolition","IS","Iceland","2016","2016","5547"
"env_wastrt_W121_total","A","Annual","T","Tonne","HAZ_NHAZ","Hazardous and non-hazardous - total","RCV_R","Recovery - recycling","W121","Mineral waste from construction and demolition","IS","Iceland","2018","2018","0"
"env_wastrt_W121_total","A","Annual","T","Tonne","HAZ_NHAZ","Hazardous and non-hazardous - total","RCV_R","Recovery - recycling","W121","Mineral waste from construction and demolition","IS","Iceland","2020","2020","21975"
"env_wastrt_W121_total","A","Annual","T","Tonne","HAZ_NHAZ","Hazardous and non-hazardous - total","RCV_R","Recovery - recycling","W121","Mineral waste from construction and demolition","IS","Iceland","2022","2022","97149"
"env_wastrt_W121_total","A","Annual","T","Tonne","HAZ_NHAZ","Hazardous and non-hazardous - total","RCV_R","Recovery - recycling","W121","Mineral waste from construction and demolition","NO","Norway","2010","2010","124337"
"env_wastrt_W121_total","A","Annual","T","Tonne","HAZ_NHAZ","Hazardous and non-hazardous - total","RCV_R","Recovery - recycling","W121","Mineral waste from construction and demolition","NO","Norway","2012","2012","589351"
"env_wastrt_W121_total","A","Annual","T","Tonne","HAZ_NHAZ","Hazardous and non-hazardous - total","RCV_R","Recovery - recycling","W121","Mineral waste from construction and demolition","NO","Norway","2014","2014","989134"
"env_wastrt_W121_total","A","Annual","T","Tonne","HAZ_NHAZ","Hazardous and non-hazardous - total","RCV_R","Recovery - recycling","W121","Mineral waste from construction and demolition","NO","Norway","2016","2016","1355565"
"env_wastrt_W121_total","A","Annual","T","Tonne","HAZ_NHAZ","Hazardous and non-hazardous - total","RCV_R","Recovery - recycling","W121","Mineral waste from construction and demolition","NO","Norway","2018","2018","1109843"
"env_wastrt_W121_total","A","Annual","T","Tonne","HAZ_NHAZ","Hazardous and non-hazardous - total","RCV_R","Recovery - recycling","W121","Mineral waste from construction and demolition","NO","Norway","2020","2020","1815974"
"env_wastrt_W121_total","A","Annual","T","Tonne","HAZ_NHAZ","Hazardous and non-hazardous - total","RCV_R","Recovery - recycling","W121","Mineral waste from construction and demolition","NO","Norway","2022","2022","1725053"
"env_wastrt_W121_total","A","Annual","T","Tonne","HAZ_NHAZ","Hazardous and non-hazardous - total","RCV_R","Recovery - recycling","W121","Mineral waste from construction and demolition","UK","United Kingdom","2010","2010","49143441"
"env_wastrt_W121_total","A","Annual","T","Tonne","HAZ_NHAZ","Hazardous and non-hazardous - total","RCV_R","Recovery - recycling","W121","Mineral waste from construction and demolition","UK","United Kingdom","2012","2012","46778346"
"env_wastrt_W121_total","A","Annual","T","Tonne","HAZ_NHAZ","Hazardous and non-hazardous - total","RCV_R","Recovery - recycling","W121","Mineral waste from construction and demolition","UK","United Kingdom","2014","2014","52516966"
"env_wastrt_W121_total","A","Annual","T","Tonne","HAZ_NHAZ","Hazardous and non-hazardous - total","RCV_R","Recovery - recycling","W121","Mineral waste from construction and demolition","UK","United Kingdom","2016","2016","57185063"
"env_wastrt_W121_total","A","Annual","T","Tonne","HAZ_NHAZ","Hazardous and non-hazardous - total","RCV_R","Recovery - recycling","W121","Mineral waste from construction and demolition","UK","United Kingdom","2018","2018","59734511"
"env_wastrt_W121_total","A","Annual","T","Tonne","HAZ_NHAZ","Hazardous and non-hazardous - total","RCV_R","Recovery - recycling","W121","Mineral waste from construction and demolition","BA","Bosnia and Herzegovina","2022","2022","76"
"env_wastrt_W121_total","A","Annual","T","Tonne","HAZ_NHAZ","Hazardous and non-hazardous - total","RCV_R","Recovery - recycling","W121","Mineral waste from construction and demolition","ME","Montenegro","2012","2012","0"
"env_wastrt_W121_total","A","Annual","T","Tonne","HAZ_NHAZ","Hazardous and non-hazardous - total","RCV_R","Recovery - recycling","W121","Mineral waste from construction and demolition","ME","Montenegro","2014","2014","76"
"env_wastrt_W121_total","A","Annual","T","Tonne","HAZ_NHAZ","Hazardous and non-hazardous - total","RCV_R","Recovery - recycling","W121","Mineral waste from construction and demolition","ME","Montenegro","2016","2016","0"
"env_wastrt_W121_total","A","Annual","T","Tonne","HAZ_NHAZ","Hazardous and non-hazardous - total","RCV_R","Recovery - recycling","W121","Mineral waste from construction and demolition","ME","Montenegro","2018","2018","0"
"env_wastrt_W121_total","A","Annual","T","Tonne","HAZ_NHAZ","Hazardous and non-hazardous - total","RCV_R","Recovery - recycling","W121","Mineral waste from construction and demolition","ME","Montenegro","2020","2020","340"
"env_wastrt_W121_total","A","Annual","T","Tonne","HAZ_NHAZ","Hazardous and non-hazardous - total","RCV_R","Recovery - recycling","W121","Mineral waste from construction and demolition","ME","Montenegro","2022","2022","16"
"env_wastrt_W121_total","A","Annual","T","Tonne","HAZ_NHAZ","Hazardous and non-hazardous - total","RCV_R","Recovery - recycling","W121","Mineral waste from construction and demolition","MK","North Macedonia","2010","2010","0"
"env_wastrt_W121_total","A","Annual","T","Tonne","HAZ_NHAZ","Hazardous and non-hazardous - total","RCV_R","Recovery - recycling","W121","Mineral waste from construction and demolition","MK","North Macedonia","2012","2012","0"
"env_wastrt_W121_total","A","Annual","T","Tonne","HAZ_NHAZ","Hazardous and non-hazardous - total","RCV_R","Recovery - recycling","W121","Mineral waste from construction and demolition","MK","North Macedonia","2014","2014","0"
"env_wastrt_W121_total","A","Annual","T","Tonne","HAZ_NHAZ","Hazardous and non-hazardous - total","RCV_R","Recovery - recycling","W121","Mineral waste from construction and demolition","MK","North Macedonia","2018","2018","8034"
"env_wastrt_W121_total","A","Annual","T","Tonne","HAZ_NHAZ","Hazardous and non-hazardous - total","RCV_R","Recovery - recycling","W121","Mineral waste from construction and demolition","MK","North Macedonia","2020","2020","0"
"env_wastrt_W121_total","A","Annual","T","Tonne","HAZ_NHAZ","Hazardous and non-hazardous - total","RCV_R","Recovery - recycling","W121","Mineral waste from construction and demolition","MK","North Macedonia","2022","2022","0"
"env_wastrt_W121_total","A","Annual","T","Tonne","HAZ_NHAZ","Hazardous and non-hazardous - total","RCV_R","Recovery - recycling","W121","Mineral waste from construction and demolition","AL","Albania","2014","2014","0"
"env_wastrt_W121_total","A","Annual","T","Tonne","HAZ_NHAZ","Hazardous and non-hazardous - total","RCV_R","Recovery - recycling","W121","Mineral waste from construction and demolition","AL","Albania","2022","2022","25677"
"env_wastrt_W121_total","A","Annual","T","Tonne","HAZ_NHAZ","Hazardous and non-hazardous - total","RCV_R","Recovery - recycling","W121","Mineral waste from construction and demolition","RS","Serbia","2010","2010","7"
"env_wastrt_W121_total","A","Annual","T","Tonne","HAZ_NHAZ","Hazardous and non-hazardous - total","RCV_R","Recovery - recycling","W121","Mineral waste from construction and demolition","RS","Serbia","2012","2012","0"
"env_wastrt_W121_total","A","Annual","T","Tonne","HAZ_NHAZ","Hazardous and non-hazardous - total","RCV_R","Recovery - recycling","W121","Mineral waste from construction and demolition","RS","Serbia","2014","2014","1514"
"env_wastrt_W121_total","A","Annual","T","Tonne","HAZ_NHAZ","Hazardous and non-hazardous - total","RCV_R","Recovery - recycling","W121","Mineral waste from construction and demolition","RS","Serbia","2016","2016","1685"
"env_wastrt_W121_total","A","Annual","T","Tonne","HAZ_NHAZ","Hazardous and non-hazardous - total","RCV_R","Recovery - recycling","W121","Mineral waste from construction and demolition","RS","Serbia","2018","2018","11"
"env_wastrt_W121_total","A","Annual","T","Tonne","HAZ_NHAZ","Hazardous and non-hazardous - total","RCV_R","Recovery - recycling","W121","Mineral waste from construction and demolition","RS","Serbia","2020","2020","14046"
"env_wastrt_W121_total","A","Annual","T","Tonne","HAZ_NHAZ","Hazardous and non-hazardous - total","RCV_R","Recovery - recycling","W121","Mineral waste from construction and demolition","RS","Serbia","2022","2022","1351"
"env_wastrt_W121_total","A","Annual","T","Tonne","HAZ_NHAZ","Hazardous and non-hazardous - total","RCV_R","Recovery - recycling","W121","Mineral waste from construction and demolition","TR","Türkiye","2012","2012","56620"
"env_wastrt_W121_total","A","Annual","T","Tonne","HAZ_NHAZ","Hazardous and non-hazardous - total","RCV_R","Recovery - recycling","W121","Mineral waste from construction and demolition","TR","Türkiye","2014","2014","19589"
"env_wastrt_W121_total","A","Annual","T","Tonne","HAZ_NHAZ","Hazardous and non-hazardous - total","RCV_R","Recovery - recycling","W121","Mineral waste from construction and demolition","TR","Türkiye","2020","2020","700"
"env_wastrt_W121_total","A","Annual","T","Tonne","HAZ_NHAZ","Hazardous and non-hazardous - total","RCV_R","Recovery - recycling","W121","Mineral waste from construction and demolition","XK","Kosovo*","2016","2016","0"
"env_wastrt_W121_total","A","Annual","T","Tonne","HAZ_NHAZ","Hazardous and non-hazardous - total","RCV_R","Recovery - recycling","W121","Mineral waste from construction and demolition","XK","Kosovo*","2020","2020","1313"
"env_wastrt_W121_total","A","Annual","T","Tonne","HAZ_NHAZ","Hazardous and non-hazardous - total","RCV_R","Recovery - recycling","W121","Mineral waste from construction and demolition","XK","Kosovo*","2022","2022","83153"
"env_wastrt_W121_total","A","Annual","T","Tonne","HAZ_NHAZ","Hazardous and non-hazardous - total","RCV_B","Recovery - backfilling","W121","Mineral waste from construction and demolition","EU27_2020","European Union - 27 countries (from 2020)","2010","2010","17010000"
"env_wastrt_W121_total","A","Annual","T","Tonne","HAZ_NHAZ","Hazardous and non-hazardous - total","RCV_B","Recovery - backfilling","W121","Mineral waste from construction and demolition","EU27_2020","European Union - 27 countries (from 2020)","2012","2012","17950000"
"env_wastrt_W121_total","A","Annual","T","Tonne","HAZ_NHAZ","Hazardous and non-hazardous - total","RCV_B","Recovery - backfilling","W121","Mineral waste from construction and demolition","EU27_2020","European Union - 27 countries (from 2020)","2014","2014","15600000"
"env_wastrt_W121_total","A","Annual","T","Tonne","HAZ_NHAZ","Hazardous and non-hazardous - total","RCV_B","Recovery - backfilling","W121","Mineral waste from construction and demolition","EU27_2020","European Union - 27 countries (from 2020)","2016","2016","16520000"
"env_wastrt_W121_total","A","Annual","T","Tonne","HAZ_NHAZ","Hazardous and non-hazardous - total","RCV_B","Recovery - backfilling","W121","Mineral waste from construction and demolition","EU27_2020","European Union - 27 countries (from 2020)","2018","2018","22100000"
"env_wastrt_W121_total","A","Annual","T","Tonne","HAZ_NHAZ","Hazardous and non-hazardous - total","RCV_B","Recovery - backfilling","W121","Mineral waste from construction and demolition","EU27_2020","European Union - 27 countries (from 2020)","2020","2020","32140000"
"env_wastrt_W121_total","A","Annual","T","Tonne","HAZ_NHAZ","Hazardous and non-hazardous - total","RCV_B","Recovery - backfilling","W121","Mineral waste from construction and demolition","EU27_2020","European Union - 27 countries (from 2020)","2022","2022","30490000"
"env_wastrt_W121_total","A","Annual","T","Tonne","HAZ_NHAZ","Hazardous and non-hazardous - total","RCV_B","Recovery - backfilling","W121","Mineral waste from construction and demolition","EU28","European Union - 28 countries (2013-2020)","2010","2010","18790000"
"env_wastrt_W121_total","A","Annual","T","Tonne","HAZ_NHAZ","Hazardous and non-hazardous - total","RCV_B","Recovery - backfilling","W121","Mineral waste from construction and demolition","EU28","European Union - 28 countries (2013-2020)","2012","2012","18770000"
"env_wastrt_W121_total","A","Annual","T","Tonne","HAZ_NHAZ","Hazardous and non-hazardous - total","RCV_B","Recovery - backfilling","W121","Mineral waste from construction and demolition","EU28","European Union - 28 countries (2013-2020)","2014","2014","16870000"
"env_wastrt_W121_total","A","Annual","T","Tonne","HAZ_NHAZ","Hazardous and non-hazardous - total","RCV_B","Recovery - backfilling","W121","Mineral waste from construction and demolition","EU28","European Union - 28 countries (2013-2020)","2016","2016","17200000"
"env_wastrt_W121_total","A","Annual","T","Tonne","HAZ_NHAZ","Hazardous and non-hazardous - total","RCV_B","Recovery - backfilling","W121","Mineral waste from construction and demolition","EU28","European Union - 28 countries (2013-2020)","2018","2018","22550000"
"env_wastrt_W121_total","A","Annual","T","Tonne","HAZ_NHAZ","Hazardous and non-hazardous - total","RCV_B","Recovery - backfilling","W121","Mineral waste from construction and demolition","BE","Belgium","2010","2010","0"
"env_wastrt_W121_total","A","Annual","T","Tonne","HAZ_NHAZ","Hazardous and non-hazardous - total","RCV_B","Recovery - backfilling","W121","Mineral waste from construction and demolition","BE","Belgium","2012","2012","0"
"env_wastrt_W121_total","A","Annual","T","Tonne","HAZ_NHAZ","Hazardous and non-hazardous - total","RCV_B","Recovery - backfilling","W121","Mineral waste from construction and demolition","BE","Belgium","2014","2014","0"
"env_wastrt_W121_total","A","Annual","T","Tonne","HAZ_NHAZ","Hazardous and non-hazardous - total","RCV_B","Recovery - backfilling","W121","Mineral waste from construction and demolition","BE","Belgium","2016","2016","0"
"env_wastrt_W121_total","A","Annual","T","Tonne","HAZ_NHAZ","Hazardous and non-hazardous - total","RCV_B","Recovery - backfilling","W121","Mineral waste from construction and demolition","BE","Belgium","2018","2018","0"
"env_wastrt_W121_total","A","Annual","T","Tonne","HAZ_NHAZ","Hazardous and non-hazardous - total","RCV_B","Recovery - backfilling","W121","Mineral waste from construction and demolition","BE","Belgium","2020","2020","2120573"
"env_wastrt_W121_total","A","Annual","T","Tonne","HAZ_NHAZ","Hazardous and non-hazardous - total","RCV_B","Recovery - backfilling","W121","Mineral waste from construction and demolition","BE","Belgium","2022","2022","0"
"env_wastrt_W121_total","A","Annual","T","Tonne","HAZ_NHAZ","Hazardous and non-hazardous - total","RCV_B","Recovery - backfilling","W121","Mineral waste from construction and demolition","BG","Bulgaria","2010","2010","0"
"env_wastrt_W121_total","A","Annual","T","Tonne","HAZ_NHAZ","Hazardous and non-hazardous - total","RCV_B","Recovery - backfilling","W121","Mineral waste from construction and demolition","BG","Bulgaria","2012","2012","0"
"env_wastrt_W121_total","A","Annual","T","Tonne","HAZ_NHAZ","Hazardous and non-hazardous - total","RCV_B","Recovery - backfilling","W121","Mineral waste from construction and demolition","BG","Bulgaria","2014","2014","0"
"env_wastrt_W121_total","A","Annual","T","Tonne","HAZ_NHAZ","Hazardous and non-hazardous - total","RCV_B","Recovery - backfilling","W121","Mineral waste from construction and demolition","BG","Bulgaria","2016","2016","0"
"env_wastrt_W121_total","A","Annual","T","Tonne","HAZ_NHAZ","Hazardous and non-hazardous - total","RCV_B","Recovery - backfilling","W121","Mineral waste from construction and demolition","BG","Bulgaria","2018","2018","0"
"env_wastrt_W121_total","A","Annual","T","Tonne","HAZ_NHAZ","Hazardous and non-hazardous - total","RCV_B","Recovery - backfilling","W121","Mineral waste from construction and demolition","BG","Bulgaria","2020","2020","0"
"env_wastrt_W121_total","A","Annual","T","Tonne","HAZ_NHAZ","Hazardous and non-hazardous - total","RCV_B","Recovery - backfilling","W121","Mineral waste from construction and demolition","BG","Bulgaria","2022","2022","0"
"env_wastrt_W121_total","A","Annual","T","Tonne","HAZ_NHAZ","Hazardous and non-hazardous - total","RCV_B","Recovery - backfilling","W121","Mineral waste from construction and demolition","CZ","Czechia","2010","2010","1071676"
"env_wastrt_W121_total","A","Annual","T","Tonne","HAZ_NHAZ","Hazardous and non-hazardous - total","RCV_B","Recovery - backfilling","W121","Mineral waste from construction and demolition","CZ","Czechia","2012","2012","1079467"
"env_wastrt_W121_total","A","Annual","T","Tonne","HAZ_NHAZ","Hazardous and non-hazardous - total","RCV_B","Recovery - backfilling","W121","Mineral waste from construction and demolition","CZ","Czechia","2014","2014","1145152"
"env_wastrt_W121_total","A","Annual","T","Tonne","HAZ_NHAZ","Hazardous and non-hazardous - total","RCV_B","Recovery - backfilling","W121","Mineral waste from construction and demolition","CZ","Czechia","2016","2016","1108264"
"env_wastrt_W121_total","A","Annual","T","Tonne","HAZ_NHAZ","Hazardous and non-hazardous - total","RCV_B","Recovery - backfilling","W121","Mineral waste from construction and demolition","CZ","Czechia","2018","2018","1760894"
"env_wastrt_W121_total","A","Annual","T","Tonne","HAZ_NHAZ","Hazardous and non-hazardous - total","RCV_B","Recovery - backfilling","W121","Mineral waste from construction and demolition","CZ","Czechia","2020","2020","1851292"
"env_wastrt_W121_total","A","Annual","T","Tonne","HAZ_NHAZ","Hazardous and non-hazardous - total","RCV_B","Recovery - backfilling","W121","Mineral waste from construction and demolition","CZ","Czechia","2022","2022","1213992"
"env_wastrt_W121_total","A","Annual","T","Tonne","HAZ_NHAZ","Hazardous and non-hazardous - total","RCV_B","Recovery - backfilling","W121","Mineral waste from construction and demolition","DK","Denmark","2010","2010","0"
"env_wastrt_W121_total","A","Annual","T","Tonne","HAZ_NHAZ","Hazardous and non-hazardous - total","RCV_B","Recovery - backfilling","W121","Mineral waste from construction and demolition","DK","Denmark","2012","2012","0"
"env_wastrt_W121_total","A","Annual","T","Tonne","HAZ_NHAZ","Hazardous and non-hazardous - total","RCV_B","Recovery - backfilling","W121","Mineral waste from construction and demolition","DK","Denmark","2014","2014","0"
"env_wastrt_W121_total","A","Annual","T","Tonne","HAZ_NHAZ","Hazardous and non-hazardous - total","RCV_B","Recovery - backfilling","W121","Mineral waste from construction and demolition","DK","Denmark","2016","2016","0"
"env_wastrt_W121_total","A","Annual","T","Tonne","HAZ_NHAZ","Hazardous and non-hazardous - total","RCV_B","Recovery - backfilling","W121","Mineral waste from construction and demolition","DK","Denmark","2018","2018","2710252"
"env_wastrt_W121_total","A","Annual","T","Tonne","HAZ_NHAZ","Hazardous and non-hazardous - total","RCV_B","Recovery - backfilling","W121","Mineral waste from construction and demolition","DK","Denmark","2020","2020","2632122"
"env_wastrt_W121_total","A","Annual","T","Tonne","HAZ_NHAZ","Hazardous and non-hazardous - total","RCV_B","Recovery - backfilling","W121","Mineral waste from construction and demolition","DK","Denmark","2022","2022","2785855"
"env_wastrt_W121_total","A","Annual","T","Tonne","HAZ_NHAZ","Hazardous and non-hazardous - total","RCV_B","Recovery - backfilling","W121","Mineral waste from construction and demolition","DE","Germany","2010","2010","6708361"
"env_wastrt_W121_total","A","Annual","T","Tonne","HAZ_NHAZ","Hazardous and non-hazardous - total","RCV_B","Recovery - backfilling","W121","Mineral waste from construction and demolition","DE","Germany","2012","2012","5998082"
"env_wastrt_W121_total","A","Annual","T","Tonne","HAZ_NHAZ","Hazardous and non-hazardous - total","RCV_B","Recovery - backfilling","W121","Mineral waste from construction and demolition","DE","Germany","2014","2014","5749063"
"env_wastrt_W121_total","A","Annual","T","Tonne","HAZ_NHAZ","Hazardous and non-hazardous - total","RCV_B","Recovery - backfilling","W121","Mineral waste from construction and demolition","DE","Germany","2016","2016","6462724"
"env_wastrt_W121_total","A","Annual","T","Tonne","HAZ_NHAZ","Hazardous and non-hazardous - total","RCV_B","Recovery - backfilling","W121","Mineral waste from construction and demolition","DE","Germany","2018","2018","6391589"
"env_wastrt_W121_total","A","Annual","T","Tonne","HAZ_NHAZ","Hazardous and non-hazardous - total","RCV_B","Recovery - backfilling","W121","Mineral waste from construction and demolition","DE","Germany","2020","2020","6157313"
"env_wastrt_W121_total","A","Annual","T","Tonne","HAZ_NHAZ","Hazardous and non-hazardous - total","RCV_B","Recovery - backfilling","W121","Mineral waste from construction and demolition","DE","Germany","2022","2022","4674170"
"env_wastrt_W121_total","A","Annual","T","Tonne","HAZ_NHAZ","Hazardous and non-hazardous - total","RCV_B","Recovery - backfilling","W121","Mineral waste from construction and demolition","EE","Estonia","2010","2010","56776"
"env_wastrt_W121_total","A","Annual","T","Tonne","HAZ_NHAZ","Hazardous and non-hazardous - total","RCV_B","Recovery - backfilling","W121","Mineral waste from construction and demolition","EE","Estonia","2012","2012","113814"
"env_wastrt_W121_total","A","Annual","T","Tonne","HAZ_NHAZ","Hazardous and non-hazardous - total","RCV_B","Recovery - backfilling","W121","Mineral waste from construction and demolition","EE","Estonia","2014","2014","123459"
"env_wastrt_W121_total","A","Annual","T","Tonne","HAZ_NHAZ","Hazardous and non-hazardous - total","RCV_B","Recovery - backfilling","W121","Mineral waste from construction and demolition","EE","Estonia","2016","2016","168415"
"env_wastrt_W121_total","A","Annual","T","Tonne","HAZ_NHAZ","Hazardous and non-hazardous - total","RCV_B","Recovery - backfilling","W121","Mineral waste from construction and demolition","EE","Estonia","2018","2018","410481"
"env_wastrt_W121_total","A","Annual","T","Tonne","HAZ_NHAZ","Hazardous and non-hazardous - total","RCV_B","Recovery - backfilling","W121","Mineral waste from construction and demolition","EE","Estonia","2020","2020","373859"
"env_wastrt_W121_total","A","Annual","T","Tonne","HAZ_NHAZ","Hazardous and non-hazardous - total","RCV_B","Recovery - backfilling","W121","Mineral waste from construction and demolition","EE","Estonia","2022","2022","206256"
"env_wastrt_W121_total","A","Annual","T","Tonne","HAZ_NHAZ","Hazardous and non-hazardous - total","RCV_B","Recovery - backfilling","W121","Mineral waste from construction and demolition","IE","Ireland","2010","2010","138347"
"env_wastrt_W121_total","A","Annual","T","Tonne","HAZ_NHAZ","Hazardous and non-hazardous - total","RCV_B","Recovery - backfilling","W121","Mineral waste from construction and demolition","IE","Ireland","2012","2012","73133"
"env_wastrt_W121_total","A","Annual","T","Tonne","HAZ_NHAZ","Hazardous and non-hazardous - total","RCV_B","Recovery - backfilling","W121","Mineral waste from construction and demolition","IE","Ireland","2014","2014","203948"
"env_wastrt_W121_total","A","Annual","T","Tonne","HAZ_NHAZ","Hazardous and non-hazardous - total","RCV_B","Recovery - backfilling","W121","Mineral waste from construction and demolition","IE","Ireland","2016","2016","236364"
"env_wastrt_W121_total","A","Annual","T","Tonne","HAZ_NHAZ","Hazardous and non-hazardous - total","RCV_B","Recovery - backfilling","W121","Mineral waste from construction and demolition","IE","Ireland","2018","2018","637900"
"env_wastrt_W121_total","A","Annual","T","Tonne","HAZ_NHAZ","Hazardous and non-hazardous - total","RCV_B","Recovery - backfilling","W121","Mineral waste from construction and demolition","IE","Ireland","2020","2020","307796"
"env_wastrt_W121_total","A","Annual","T","Tonne","HAZ_NHAZ","Hazardous and non-hazardous - total","RCV_B","Recovery - backfilling","W121","Mineral waste from construction and demolition","IE","Ireland","2022","2022","376176"
"env_wastrt_W121_total","A","Annual","T","Tonne","HAZ_NHAZ","Hazardous and non-hazardous - total","RCV_B","Recovery - backfilling","W121","Mineral waste from construction and demolition","EL","Greece","2010","2010","249"
"env_wastrt_W121_total","A","Annual","T","Tonne","HAZ_NHAZ","Hazardous and non-hazardous - total","RCV_B","Recovery - backfilling","W121","Mineral waste from construction and demolition","EL","Greece","2012","2012","133"
"env_wastrt_W121_total","A","Annual","T","Tonne","HAZ_NHAZ","Hazardous and non-hazardous - total","RCV_B","Recovery - backfilling","W121","Mineral waste from construction and demolition","EL","Greece","2014","2014","31"
"env_wastrt_W121_total","A","Annual","T","Tonne","HAZ_NHAZ","Hazardous and non-hazardous - total","RCV_B","Recovery - backfilling","W121","Mineral waste from construction and demolition","EL","Greece","2016","2016","0"
"env_wastrt_W121_total","A","Annual","T","Tonne","HAZ_NHAZ","Hazardous and non-hazardous - total","RCV_B","Recovery - backfilling","W121","Mineral waste from construction and demolition","EL","Greece","2018","2018","698753"
"env_wastrt_W121_total","A","Annual","T","Tonne","HAZ_NHAZ","Hazardous and non-hazardous - total","RCV_B","Recovery - backfilling","W121","Mineral waste from construction and demolition","EL","Greece","2020","2020","0"
"env_wastrt_W121_total","A","Annual","T","Tonne","HAZ_NHAZ","Hazardous and non-hazardous - total","RCV_B","Recovery - backfilling","W121","Mineral waste from construction and demolition","EL","Greece","2022","2022","0"
"env_wastrt_W121_total","A","Annual","T","Tonne","HAZ_NHAZ","Hazardous and non-hazardous - total","RCV_B","Recovery - backfilling","W121","Mineral waste from construction and demolition","ES","Spain","2010","2010","2673002"
"env_wastrt_W121_total","A","Annual","T","Tonne","HAZ_NHAZ","Hazardous and non-hazardous - total","RCV_B","Recovery - backfilling","W121","Mineral waste from construction and demolition","ES","Spain","2012","2012","4328999"
"env_wastrt_W121_total","A","Annual","T","Tonne","HAZ_NHAZ","Hazardous and non-hazardous - total","RCV_B","Recovery - backfilling","W121","Mineral waste from construction and demolition","ES","Spain","2014","2014","467168"
"env_wastrt_W121_total","A","Annual","T","Tonne","HAZ_NHAZ","Hazardous and non-hazardous - total","RCV_B","Recovery - backfilling","W121","Mineral waste from construction and demolition","ES","Spain","2016","2016","757549"
"env_wastrt_W121_total","A","Annual","T","Tonne","HAZ_NHAZ","Hazardous and non-hazardous - total","RCV_B","Recovery - backfilling","W121","Mineral waste from construction and demolition","ES","Spain","2018","2018","445229"
"env_wastrt_W121_total","A","Annual","T","Tonne","HAZ_NHAZ","Hazardous and non-hazardous - total","RCV_B","Recovery - backfilling","W121","Mineral waste from construction and demolition","ES","Spain","2020","2020","140213"
"env_wastrt_W121_total","A","Annual","T","Tonne","HAZ_NHAZ","Hazardous and non-hazardous - total","RCV_B","Recovery - backfilling","W121","Mineral waste from construction and demolition","ES","Spain","2022","2022","584522"
"env_wastrt_W121_total","A","Annual","T","Tonne","HAZ_NHAZ","Hazardous and non-hazardous - total","RCV_B","Recovery - backfilling","W121","Mineral waste from construction and demolition","FR","France","2010","2010","4907103"
"env_wastrt_W121_total","A","Annual","T","Tonne","HAZ_NHAZ","Hazardous and non-hazardous - total","RCV_B","Recovery - backfilling","W121","Mineral waste from construction and demolition","FR","France","2012","2012","4661748"
"env_wastrt_W121_total","A","Annual","T","Tonne","HAZ_NHAZ","Hazardous and non-hazardous - total","RCV_B","Recovery - backfilling","W121","Mineral waste from construction and demolition","FR","France","2014","2014","4249525"
"env_wastrt_W121_total","A","Annual","T","Tonne","HAZ_NHAZ","Hazardous and non-hazardous - total","RCV_B","Recovery - backfilling","W121","Mineral waste from construction and demolition","FR","France","2016","2016","4190563"
"env_wastrt_W121_total","A","Annual","T","Tonne","HAZ_NHAZ","Hazardous and non-hazardous - total","RCV_B","Recovery - backfilling","W121","Mineral waste from construction and demolition","FR","France","2018","2018","4489642"
"env_wastrt_W121_total","A","Annual","T","Tonne","HAZ_NHAZ","Hazardous and non-hazardous - total","RCV_B","Recovery - backfilling","W121","Mineral waste from construction and demolition","FR","France","2020","2020","8564254"
"env_wastrt_W121_total","A","Annual","T","Tonne","HAZ_NHAZ","Hazardous and non-hazardous - total","RCV_B","Recovery - backfilling","W121","Mineral waste from construction and demolition","FR","France","2022","2022","9989122"
"env_wastrt_W121_total","A","Annual","T","Tonne","HAZ_NHAZ","Hazardous and non-hazardous - total","RCV_B","Recovery - backfilling","W121","Mineral waste from construction and demolition","HR","Croatia","2010","2010","0"
"env_wastrt_W121_total","A","Annual","T","Tonne","HAZ_NHAZ","Hazardous and non-hazardous - total","RCV_B","Recovery - backfilling","W121","Mineral waste from construction and demolition","HR","Croatia","2012","2012","0"
"env_wastrt_W121_total","A","Annual","T","Tonne","HAZ_NHAZ","Hazardous and non-hazardous - total","RCV_B","Recovery - backfilling","W121","Mineral waste from construction and demolition","HR","Croatia","2014","2014","5701"
"env_wastrt_W121_total","A","Annual","T","Tonne","HAZ_NHAZ","Hazardous and non-hazardous - total","RCV_B","Recovery - backfilling","W121","Mineral waste from construction and demolition","HR","Croatia","2016","2016","131434"
"env_wastrt_W121_total","A","Annual","T","Tonne","HAZ_NHAZ","Hazardous and non-hazardous - total","RCV_B","Recovery - backfilling","W121","Mineral waste from construction and demolition","HR","Croatia","2018","2018","24230"
"env_wastrt_W121_total","A","Annual","T","Tonne","HAZ_NHAZ","Hazardous and non-hazardous - total","RCV_B","Recovery - backfilling","W121","Mineral waste from construction and demolition","HR","Croatia","2020","2020","51991"
"env_wastrt_W121_total","A","Annual","T","Tonne","HAZ_NHAZ","Hazardous and non-hazardous - total","RCV_B","Recovery - backfilling","W121","Mineral waste from construction and demolition","HR","Croatia","2022","2022","16624"
"env_wastrt_W121_total","A","Annual","T","Tonne","HAZ_NHAZ","Hazardous and non-hazardous - total","RCV_B","Recovery - backfilling","W121","Mineral waste from construction and demolition","IT","Italy","2010","2010","337196"
"env_wastrt_W121_total","A","Annual","T","Tonne","HAZ_NHAZ","Hazardous and non-hazardous - total","RCV_B","Recovery - backfilling","W121","Mineral waste from construction and demolition","IT","Italy","2012","2012","160290"
"env_wastrt_W121_total","A","Annual","T","Tonne","HAZ_NHAZ","Hazardous and non-hazardous - total","RCV_B","Recovery - backfilling","W121","Mineral waste from construction and demolition","IT","Italy","2014","2014","316790"
"env_wastrt_W121_total","A","Annual","T","Tonne","HAZ_NHAZ","Hazardous and non-hazardous - total","RCV_B","Recovery - backfilling","W121","Mineral waste from construction and demolition","IT","Italy","2016","2016","138930"
"env_wastrt_W121_total","A","Annual","T","Tonne","HAZ_NHAZ","Hazardous and non-hazardous - total","RCV_B","Recovery - backfilling","W121","Mineral waste from construction and demolition","IT","Italy","2018","2018","147623"
"env_wastrt_W121_total","A","Annual","T","Tonne","HAZ_NHAZ","Hazardous and non-hazardous - total","RCV_B","Recovery - backfilling","W121","Mineral waste from construction and demolition","IT","Italy","2020","2020","301917"
"env_wastrt_W121_total","A","Annual","T","Tonne","HAZ_NHAZ","Hazardous and non-hazardous - total","RCV_B","Recovery - backfilling","W121","Mineral waste from construction and demolition","IT","Italy","2022","2022","436932"
"env_wastrt_W121_total","A","Annual","T","Tonne","HAZ_NHAZ","Hazardous and non-hazardous - total","RCV_B","Recovery - backfilling","W121","Mineral waste from construction and demolition","CY","Cyprus","2010","2010","481"
"env_wastrt_W121_total","A","Annual","T","Tonne","HAZ_NHAZ","Hazardous and non-hazardous - total","RCV_B","Recovery - backfilling","W121","Mineral waste from construction and demolition","CY","Cyprus","2012","2012","21291"
"env_wastrt_W121_total","A","Annual","T","Tonne","HAZ_NHAZ","Hazardous and non-hazardous - total","RCV_B","Recovery - backfilling","W121","Mineral waste from construction and demolition","CY","Cyprus","2014","2014","0"
"env_wastrt_W121_total","A","Annual","T","Tonne","HAZ_NHAZ","Hazardous and non-hazardous - total","RCV_B","Recovery - backfilling","W121","Mineral waste from construction and demolition","CY","Cyprus","2016","2016","0"
"env_wastrt_W121_total","A","Annual","T","Tonne","HAZ_NHAZ","Hazardous and non-hazardous - total","RCV_B","Recovery - backfilling","W121","Mineral waste from construction and demolition","CY","Cyprus","2018","2018","0"
"env_wastrt_W121_total","A","Annual","T","Tonne","HAZ_NHAZ","Hazardous and non-hazardous - total","RCV_B","Recovery - backfilling","W121","Mineral waste from construction and demolition","CY","Cyprus","2020","2020","0"
"env_wastrt_W121_total","A","Annual","T","Tonne","HAZ_NHAZ","Hazardous and non-hazardous - total","RCV_B","Recovery - backfilling","W121","Mineral waste from construction and demolition","CY","Cyprus","2022","2022","0"
"env_wastrt_W121_total","A","Annual","T","Tonne","HAZ_NHAZ","Hazardous and non-hazardous - total","RCV_B","Recovery - backfilling","W121","Mineral waste from construction and demolition","LV","Latvia","2010","2010","0"
"env_wastrt_W121_total","A","Annual","T","Tonne","HAZ_NHAZ","Hazardous and non-hazardous - total","RCV_B","Recovery - backfilling","W121","Mineral waste from construction and demolition","LV","Latvia","2012","2012","0"
"env_wastrt_W121_total","A","Annual","T","Tonne","HAZ_NHAZ","Hazardous and non-hazardous - total","RCV_B","Recovery - backfilling","W121","Mineral waste from construction and demolition","LV","Latvia","2014","2014","11298"
"env_wastrt_W121_total","A","Annual","T","Tonne","HAZ_NHAZ","Hazardous and non-hazardous - total","RCV_B","Recovery - backfilling","W121","Mineral waste from construction and demolition","LV","Latvia","2016","2016","14618"
"env_wastrt_W121_total","A","Annual","T","Tonne","HAZ_NHAZ","Hazardous and non-hazardous - total","RCV_B","Recovery - backfilling","W121","Mineral waste from construction and demolition","LV","Latvia","2018","2018","34701"
"env_wastrt_W121_total","A","Annual","T","Tonne","HAZ_NHAZ","Hazardous and non-hazardous - total","RCV_B","Recovery - backfilling","W121","Mineral waste from construction and demolition","LV","Latvia","2020","2020","30655"
"env_wastrt_W121_total","A","Annual","T","Tonne","HAZ_NHAZ","Hazardous and non-hazardous - total","RCV_B","Recovery - backfilling","W121","Mineral waste from construction and demolition","LV","Latvia","2022","2022","20528"
"env_wastrt_W121_total","A","Annual","T","Tonne","HAZ_NHAZ","Hazardous and non-hazardous - total","RCV_B","Recovery - backfilling","W121","Mineral waste from construction and demolition","LT","Lithuania","2010","2010","0"
"env_wastrt_W121_total","A","Annual","T","Tonne","HAZ_NHAZ","Hazardous and non-hazardous - total","RCV_B","Recovery - backfilling","W121","Mineral waste from construction and demolition","LT","Lithuania","2012","2012","66113"
"env_wastrt_W121_total","A","Annual","T","Tonne","HAZ_NHAZ","Hazardous and non-hazardous - total","RCV_B","Recovery - backfilling","W121","Mineral waste from construction and demolition","LT","Lithuania","2014","2014","113364"
"env_wastrt_W121_total","A","Annual","T","Tonne","HAZ_NHAZ","Hazardous and non-hazardous - total","RCV_B","Recovery - backfilling","W121","Mineral waste from construction and demolition","LT","Lithuania","2016","2016","199388"
"env_wastrt_W121_total","A","Annual","T","Tonne","HAZ_NHAZ","Hazardous and non-hazardous - total","RCV_B","Recovery - backfilling","W121","Mineral waste from construction and demolition","LT","Lithuania","2018","2018","129493"
"env_wastrt_W121_total","A","Annual","T","Tonne","HAZ_NHAZ","Hazardous and non-hazardous - total","RCV_B","Recovery - backfilling","W121","Mineral waste from construction and demolition","LT","Lithuania","2020","2020","118010"
"env_wastrt_W121_total","A","Annual","T","Tonne","HAZ_NHAZ","Hazardous and non-hazardous - total","RCV_B","Recovery - backfilling","W121","Mineral waste from construction and demolition","LT","Lithuania","2022","2022","100317"
"env_wastrt_W121_total","A","Annual","T","Tonne","HAZ_NHAZ","Hazardous and non-hazardous - total","RCV_B","Recovery - backfilling","W121","Mineral waste from construction and demolition","LU","Luxembourg","2010","2010","15000"
"env_wastrt_W121_total","A","Annual","T","Tonne","HAZ_NHAZ","Hazardous and non-hazardous - total","RCV_B","Recovery - backfilling","W121","Mineral waste from construction and demolition","LU","Luxembourg","2012","2012","0"
"env_wastrt_W121_total","A","Annual","T","Tonne","HAZ_NHAZ","Hazardous and non-hazardous - total","RCV_B","Recovery - backfilling","W121","Mineral waste from construction and demolition","LU","Luxembourg","2014","2014","78659"
"env_wastrt_W121_total","A","Annual","T","Tonne","HAZ_NHAZ","Hazardous and non-hazardous - total","RCV_B","Recovery - backfilling","W121","Mineral waste from construction and demolition","LU","Luxembourg","2016","2016","146031"
"env_wastrt_W121_total","A","Annual","T","Tonne","HAZ_NHAZ","Hazardous and non-hazardous - total","RCV_B","Recovery - backfilling","W121","Mineral waste from construction and demolition","LU","Luxembourg","2018","2018","1896"
"env_wastrt_W121_total","A","Annual","T","Tonne","HAZ_NHAZ","Hazardous and non-hazardous - total","RCV_B","Recovery - backfilling","W121","Mineral waste from construction and demolition","LU","Luxembourg","2020","2020","52015"
"env_wastrt_W121_total","A","Annual","T","Tonne","HAZ_NHAZ","Hazardous and non-hazardous - total","RCV_B","Recovery - backfilling","W121","Mineral waste from construction and demolition","LU","Luxembourg","2022","2022","55100"
"env_wastrt_W121_total","A","Annual","T","Tonne","HAZ_NHAZ","Hazardous and non-hazardous - total","RCV_B","Recovery - backfilling","W121","Mineral waste from construction and demolition","HU","Hungary","2010","2010","175178"
"env_wastrt_W121_total","A","Annual","T","Tonne","HAZ_NHAZ","Hazardous and non-hazardous - total","RCV_B","Recovery - backfilling","W121","Mineral waste from construction and demolition","HU","Hungary","2012","2012","175601"
"env_wastrt_W121_total","A","Annual","T","Tonne","HAZ_NHAZ","Hazardous and non-hazardous - total","RCV_B","Recovery - backfilling","W121","Mineral waste from construction and demolition","HU","Hungary","2014","2014","309568"
"env_wastrt_W121_total","A","Annual","T","Tonne","HAZ_NHAZ","Hazardous and non-hazardous - total","RCV_B","Recovery - backfilling","W121","Mineral waste from construction and demolition","HU","Hungary","2016","2016","243241"
"env_wastrt_W121_total","A","Annual","T","Tonne","HAZ_NHAZ","Hazardous and non-hazardous - total","RCV_B","Recovery - backfilling","W121","Mineral waste from construction and demolition","HU","Hungary","2018","2018","234509"
"env_wastrt_W121_total","A","Annual","T","Tonne","HAZ_NHAZ","Hazardous and non-hazardous - total","RCV_B","Recovery - backfilling","W121","Mineral waste from construction and demolition","HU","Hungary","2020","2020","3807921"
"env_wastrt_W121_total","A","Annual","T","Tonne","HAZ_NHAZ","Hazardous and non-hazardous - total","RCV_B","Recovery - backfilling","W121","Mineral waste from construction and demolition","HU","Hungary","2022","2022","2890877"
"env_wastrt_W121_total","A","Annual","T","Tonne","HAZ_NHAZ","Hazardous and non-hazardous - total","RCV_B","Recovery - backfilling","W121","Mineral waste from construction and demolition","MT","Malta","2010","2010","534"
"env_wastrt_W121_total","A","Annual","T","Tonne","HAZ_NHAZ","Hazardous and non-hazardous - total","RCV_B","Recovery - backfilling","W121","Mineral waste from construction and demolition","MT","Malta","2012","2012","392945"
"env_wastrt_W121_total","A","Annual","T","Tonne","HAZ_NHAZ","Hazardous and non-hazardous - total","RCV_B","Recovery - backfilling","W121","Mineral waste from construction and demolition","MT","Malta","2014","2014","513781"
"env_wastrt_W121_total","A","Annual","T","Tonne","HAZ_NHAZ","Hazardous and non-hazardous - total","RCV_B","Recovery - backfilling","W121","Mineral waste from construction and demolition","MT","Malta","2016","2016","831747"
"env_wastrt_W121_total","A","Annual","T","Tonne","HAZ_NHAZ","Hazardous and non-hazardous - total","RCV_B","Recovery - backfilling","W121","Mineral waste from construction and demolition","MT","Malta","2018","2018","1366953"
"env_wastrt_W121_total","A","Annual","T","Tonne","HAZ_NHAZ","Hazardous and non-hazardous - total","RCV_B","Recovery - backfilling","W121","Mineral waste from construction and demolition","MT","Malta","2020","2020","1715766"
"env_wastrt_W121_total","A","Annual","T","Tonne","HAZ_NHAZ","Hazardous and non-hazardous - total","RCV_B","Recovery - backfilling","W121","Mineral waste from construction and demolition","MT","Malta","2022","2022","675307"
"env_wastrt_W121_total","A","Annual","T","Tonne","HAZ_NHAZ","Hazardous and non-hazardous - total","RCV_B","Recovery - backfilling","W121","Mineral waste from construction and demolition","NL","Netherlands","2010","2010","0"
"env_wastrt_W121_total","A","Annual","T","Tonne","HAZ_NHAZ","Hazardous and non-hazardous - total","RCV_B","Recovery - backfilling","W121","Mineral waste from construction and demolition","NL","Netherlands","2012","2012","0"
"env_wastrt_W121_total","A","Annual","T","Tonne","HAZ_NHAZ","Hazardous and non-hazardous - total","RCV_B","Recovery - backfilling","W121","Mineral waste from construction and demolition","NL","Netherlands","2014","2014","0"
"env_wastrt_W121_total","A","Annual","T","Tonne","HAZ_NHAZ","Hazardous and non-hazardous - total","RCV_B","Recovery - backfilling","W121","Mineral waste from construction and demolition","NL","Netherlands","2016","2016","0"
"env_wastrt_W121_total","A","Annual","T","Tonne","HAZ_NHAZ","Hazardous and non-hazardous - total","RCV_B","Recovery - backfilling","W121","Mineral waste from construction and demolition","NL","Netherlands","2018","2018","0"
"env_wastrt_W121_total","A","Annual","T","Tonne","HAZ_NHAZ","Hazardous and non-hazardous - total","RCV_B","Recovery - backfilling","W121","Mineral waste from construction and demolition","NL","Netherlands","2020","2020","0"
"env_wastrt_W121_total","A","Annual","T","Tonne","HAZ_NHAZ","Hazardous and non-hazardous - total","RCV_B","Recovery - backfilling","W121","Mineral waste from construction and demolition","NL","Netherlands","2022","2022","0"
"env_wastrt_W121_total","A","Annual","T","Tonne","HAZ_NHAZ","Hazardous and non-hazardous - total","RCV_B","Recovery - backfilling","W121","Mineral waste from construction and demolition","AT","Austria","2010","2010","0"
"env_wastrt_W121_total","A","Annual","T","Tonne","HAZ_NHAZ","Hazardous and non-hazardous - total","RCV_B","Recovery - backfilling","W121","Mineral waste from construction and demolition","AT","Austria","2012","2012","0"
"env_wastrt_W121_total","A","Annual","T","Tonne","HAZ_NHAZ","Hazardous and non-hazardous - total","RCV_B","Recovery - backfilling","W121","Mineral waste from construction and demolition","AT","Austria","2014","2014","1011546"
"env_wastrt_W121_total","A","Annual","T","Tonne","HAZ_NHAZ","Hazardous and non-hazardous - total","RCV_B","Recovery - backfilling","W121","Mineral waste from construction and demolition","AT","Austria","2016","2016","130029"
"env_wastrt_W121_total","A","Annual","T","Tonne","HAZ_NHAZ","Hazardous and non-hazardous - total","RCV_B","Recovery - backfilling","W121","Mineral waste from construction and demolition","AT","Austria","2018","2018","483000"
"env_wastrt_W121_total","A","Annual","T","Tonne","HAZ_NHAZ","Hazardous and non-hazardous - total","RCV_B","Recovery - backfilling","W121","Mineral waste from construction and demolition","AT","Austria","2020","2020","547868"
"env_wastrt_W121_total","A","Annual","T","Tonne","HAZ_NHAZ","Hazardous and non-hazardous - total","RCV_B","Recovery - backfilling","W121","Mineral waste from construction and demolition","AT","Austria","2022","2022","2303940"
"env_wastrt_W121_total","A","Annual","T","Tonne","HAZ_NHAZ","Hazardous and non-hazardous - total","RCV_B","Recovery - backfilling","W121","Mineral waste from construction and demolition","PL","Poland","2010","2010","712175"
"env_wastrt_W121_total","A","Annual","T","Tonne","HAZ_NHAZ","Hazardous and non-hazardous - total","RCV_B","Recovery - backfilling","W121","Mineral waste from construction and demolition","PL","Poland","2012","2012","733703"
"env_wastrt_W121_total","A","Annual","T","Tonne","HAZ_NHAZ","Hazardous and non-hazardous - total","RCV_B","Recovery - backfilling","W121","Mineral waste from construction and demolition","PL","Poland","2014","2014","938515"
"env_wastrt_W121_total","A","Annual","T","Tonne","HAZ_NHAZ","Hazardous and non-hazardous - total","RCV_B","Recovery - backfilling","W121","Mineral waste from construction and demolition","PL","Poland","2016","2016","796862"
"env_wastrt_W121_total","A","Annual","T","Tonne","HAZ_NHAZ","Hazardous and non-hazardous - total","RCV_B","Recovery - backfilling","W121","Mineral waste from construction and demolition","PL","Poland","2018","2018","1137535"
"env_wastrt_W121_total","A","Annual","T","Tonne","HAZ_NHAZ","Hazardous and non-hazardous - total","RCV_B","Recovery - backfilling","W121","Mineral waste from construction and demolition","PL","Poland","2020","2020","1932242"
"env_wastrt_W121_total","A","Annual","T","Tonne","HAZ_NHAZ","Hazardous and non-hazardous - total","RCV_B","Recovery - backfilling","W121","Mineral waste from construction and demolition","PL","Poland","2022","2022","2608148"
"env_wastrt_W121_total","A","Annual","T","Tonne","HAZ_NHAZ","Hazardous and non-hazardous - total","RCV_B","Recovery - backfilling","W121","Mineral waste from construction and demolition","PT","Portugal","2010","2010","53195"
"env_wastrt_W121_total","A","Annual","T","Tonne","HAZ_NHAZ","Hazardous and non-hazardous - total","RCV_B","Recovery - backfilling","W121","Mineral waste from construction and demolition","PT","Portugal","2012","2012","141202"
"env_wastrt_W121_total","A","Annual","T","Tonne","HAZ_NHAZ","Hazardous and non-hazardous - total","RCV_B","Recovery - backfilling","W121","Mineral waste from construction and demolition","PT","Portugal","2014","2014","214188"
"env_wastrt_W121_total","A","Annual","T","Tonne","HAZ_NHAZ","Hazardous and non-hazardous - total","RCV_B","Recovery - backfilling","W121","Mineral waste from construction and demolition","PT","Portugal","2016","2016","488654"
"env_wastrt_W121_total","A","Annual","T","Tonne","HAZ_NHAZ","Hazardous and non-hazardous - total","RCV_B","Recovery - backfilling","W121","Mineral waste from construction and demolition","PT","Portugal","2018","2018","567902"
"env_wastrt_W121_total","A","Annual","T","Tonne","HAZ_NHAZ","Hazardous and non-hazardous - total","RCV_B","Recovery - backfilling","W121","Mineral waste from construction and demolition","PT","Portugal","2020","2020","812434"
"env_wastrt_W121_total","A","Annual","T","Tonne","HAZ_NHAZ","Hazardous and non-hazardous - total","RCV_B","Recovery - backfilling","W121","Mineral waste from construction and demolition","PT","Portugal","2022","2022","802330"
"env_wastrt_W121_total","A","Annual","T","Tonne","HAZ_NHAZ","Hazardous and non-hazardous - total","RCV_B","Recovery - backfilling","W121","Mineral waste from construction and demolition","RO","Romania","2010","2010","144732"
"env_wastrt_W121_total","A","Annual","T","Tonne","HAZ_NHAZ","Hazardous and non-hazardous - total","RCV_B","Recovery - backfilling","W121","Mineral waste from construction and demolition","RO","Romania","2012","2012","0"
"env_wastrt_W121_total","A","Annual","T","Tonne","HAZ_NHAZ","Hazardous and non-hazardous - total","RCV_B","Recovery - backfilling","W121","Mineral waste from construction and demolition","RO","Romania","2014","2014","146500"
"env_wastrt_W121_total","A","Annual","T","Tonne","HAZ_NHAZ","Hazardous and non-hazardous - total","RCV_B","Recovery - backfilling","W121","Mineral waste from construction and demolition","RO","Romania","2016","2016","420456"
"env_wastrt_W121_total","A","Annual","T","Tonne","HAZ_NHAZ","Hazardous and non-hazardous - total","RCV_B","Recovery - backfilling","W121","Mineral waste from construction and demolition","RO","Romania","2018","2018","127688"
"env_wastrt_W121_total","A","Annual","T","Tonne","HAZ_NHAZ","Hazardous and non-hazardous - total","RCV_B","Recovery - backfilling","W121","Mineral waste from construction and demolition","RO","Romania","2020","2020","223193"
"env_wastrt_W121_total","A","Annual","T","Tonne","HAZ_NHAZ","Hazardous and non-hazardous - total","RCV_B","Recovery - backfilling","W121","Mineral waste from construction and demolition","RO","Romania","2022","2022","343529"
"env_wastrt_W121_total","A","Annual","T","Tonne","HAZ_NHAZ","Hazardous and non-hazardous - total","RCV_B","Recovery - backfilling","W121","Mineral waste from construction and demolition","SI","Slovenia","2010","2010","11973"
"env_wastrt_W121_total","A","Annual","T","Tonne","HAZ_NHAZ","Hazardous and non-hazardous - total","RCV_B","Recovery - backfilling","W121","Mineral waste from construction and demolition","SI","Slovenia","2012","2012","4050"
"env_wastrt_W121_total","A","Annual","T","Tonne","HAZ_NHAZ","Hazardous and non-hazardous - total","RCV_B","Recovery - backfilling","W121","Mineral waste from construction and demolition","SI","Slovenia","2014","2014","0"
"env_wastrt_W121_total","A","Annual","T","Tonne","HAZ_NHAZ","Hazardous and non-hazardous - total","RCV_B","Recovery - backfilling","W121","Mineral waste from construction and demolition","SI","Slovenia","2016","2016","341"
"env_wastrt_W121_total","A","Annual","T","Tonne","HAZ_NHAZ","Hazardous and non-hazardous - total","RCV_B","Recovery - backfilling","W121","Mineral waste from construction and demolition","SI","Slovenia","2018","2018","0"
"env_wastrt_W121_total","A","Annual","T","Tonne","HAZ_NHAZ","Hazardous and non-hazardous - total","RCV_B","Recovery - backfilling","W121","Mineral waste from construction and demolition","SI","Slovenia","2020","2020","0"
"env_wastrt_W121_total","A","Annual","T","Tonne","HAZ_NHAZ","Hazardous and non-hazardous - total","RCV_B","Recovery - backfilling","W121","Mineral waste from construction and demolition","SI","Slovenia","2022","2022","304992"
"env_wastrt_W121_total","A","Annual","T","Tonne","HAZ_NHAZ","Hazardous and non-hazardous - total","RCV_B","Recovery - backfilling","W121","Mineral waste from construction and demolition","SK","Slovakia","2010","2010","0"
"env_wastrt_W121_total","A","Annual","T","Tonne","HAZ_NHAZ","Hazardous and non-hazardous - total","RCV_B","Recovery - backfilling","W121","Mineral waste from construction and demolition","SK","Slovakia","2012","2012","0"
"env_wastrt_W121_total","A","Annual","T","Tonne","HAZ_NHAZ","Hazardous and non-hazardous - total","RCV_B","Recovery - backfilling","W121","Mineral waste from construction and demolition","SK","Slovakia","2014","2014","0"
"env_wastrt_W121_total","A","Annual","T","Tonne","HAZ_NHAZ","Hazardous and non-hazardous - total","RCV_B","Recovery - backfilling","W121","Mineral waste from construction and demolition","SK","Slovakia","2016","2016","11287"
"env_wastrt_W121_total","A","Annual","T","Tonne","HAZ_NHAZ","Hazardous and non-hazardous - total","RCV_B","Recovery - backfilling","W121","Mineral waste from construction and demolition","SK","Slovakia","2018","2018","47136"
"env_wastrt_W121_total","A","Annual","T","Tonne","HAZ_NHAZ","Hazardous and non-hazardous - total","RCV_B","Recovery - backfilling","W121","Mineral waste from construction and demolition","SK","Slovakia","2020","2020","9587"
"env_wastrt_W121_total","A","Annual","T","Tonne","HAZ_NHAZ","Hazardous and non-hazardous - total","RCV_B","Recovery - backfilling","W121","Mineral waste from construction and demolition","SK","Slovakia","2022","2022","186"
"env_wastrt_W121_total","A","Annual","T","Tonne","HAZ_NHAZ","Hazardous and non-hazardous - total","RCV_B","Recovery - backfilling","W121","Mineral waste from construction and demolition","FI","Finland","2010","2010","0"
"env_wastrt_W121_total","A","Annual","T","Tonne","HAZ_NHAZ","Hazardous and non-hazardous - total","RCV_B","Recovery - backfilling","W121","Mineral waste from construction and demolition","FI","Finland","2012","2012","0"
"env_wastrt_W121_total","A","Annual","T","Tonne","HAZ_NHAZ","Hazardous and non-hazardous - total","RCV_B","Recovery - backfilling","W121","Mineral waste from construction and demolition","FI","Finland","2014","2014","0"
"env_wastrt_W121_total","A","Annual","T","Tonne","HAZ_NHAZ","Hazardous and non-hazardous - total","RCV_B","Recovery - backfilling","W121","Mineral waste from construction and demolition","FI","Finland","2016","2016","0"
"env_wastrt_W121_total","A","Annual","T","Tonne","HAZ_NHAZ","Hazardous and non-hazardous - total","RCV_B","Recovery - backfilling","W121","Mineral waste from construction and demolition","FI","Finland","2018","2018","13222"
"env_wastrt_W121_total","A","Annual","T","Tonne","HAZ_NHAZ","Hazardous and non-hazardous - total","RCV_B","Recovery - backfilling","W121","Mineral waste from construction and demolition","FI","Finland","2020","2020","33534"
"env_wastrt_W121_total","A","Annual","T","Tonne","HAZ_NHAZ","Hazardous and non-hazardous - total","RCV_B","Recovery - backfilling","W121","Mineral waste from construction and demolition","FI","Finland","2022","2022","71380"
"env_wastrt_W121_total","A","Annual","T","Tonne","HAZ_NHAZ","Hazardous and non-hazardous - total","RCV_B","Recovery - backfilling","W121","Mineral waste from construction and demolition","SE","Sweden","2010","2010","0"
"env_wastrt_W121_total","A","Annual","T","Tonne","HAZ_NHAZ","Hazardous and non-hazardous - total","RCV_B","Recovery - backfilling","W121","Mineral waste from construction and demolition","SE","Sweden","2012","2012","0"
"env_wastrt_W121_total","A","Annual","T","Tonne","HAZ_NHAZ","Hazardous and non-hazardous - total","RCV_B","Recovery - backfilling","W121","Mineral waste from construction and demolition","SE","Sweden","2014","2014","1196"
"env_wastrt_W121_total","A","Annual","T","Tonne","HAZ_NHAZ","Hazardous and non-hazardous - total","RCV_B","Recovery - backfilling","W121","Mineral waste from construction and demolition","SE","Sweden","2016","2016","46880"
"env_wastrt_W121_total","A","Annual","T","Tonne","HAZ_NHAZ","Hazardous and non-hazardous - total","RCV_B","Recovery - backfilling","W121","Mineral waste from construction and demolition","SE","Sweden","2018","2018","239171"
"env_wastrt_W121_total","A","Annual","T","Tonne","HAZ_NHAZ","Hazardous and non-hazardous - total","RCV_B","Recovery - backfilling","W121","Mineral waste from construction and demolition","SE","Sweden","2020","2020","355054"
"env_wastrt_W121_total","A","Annual","T","Tonne","HAZ_NHAZ","Hazardous and non-hazardous - total","RCV_B","Recovery - backfilling","W121","Mineral waste from construction and demolition","SE","Sweden","2022","2022","30111"
"env_wastrt_W121_total","A","Annual","T","Tonne","HAZ_NHAZ","Hazardous and non-hazardous - total","RCV_B","Recovery - backfilling","W121","Mineral waste from construction and demolition","IS","Iceland","2010","2010","1834"
"env_wastrt_W121_total","A","Annual","T","Tonne","HAZ_NHAZ","Hazardous and non-hazardous - total","RCV_B","Recovery - backfilling","W121","Mineral waste from construction and demolition","IS","Iceland","2012","2012","2891"
"env_wastrt_W121_total","A","Annual","T","Tonne","HAZ_NHAZ","Hazardous and non-hazardous - total","RCV_B","Recovery - backfilling","W121","Mineral waste from construction and demolition","IS","Iceland","2014","2014","336873"
"env_wastrt_W121_total","A","Annual","T","Tonne","HAZ_NHAZ","Hazardous and non-hazardous - total","RCV_B","Recovery - backfilling","W121","Mineral waste from construction and demolition","IS","Iceland","2016","2016","465939"
"env_wastrt_W121_total","A","Annual","T","Tonne","HAZ_NHAZ","Hazardous and non-hazardous - total","RCV_B","Recovery - backfilling","W121","Mineral waste from construction and demolition","IS","Iceland","2018","2018","600265"
"env_wastrt_W121_total","A","Annual","T","Tonne","HAZ_NHAZ","Hazardous and non-hazardous - total","RCV_B","Recovery - backfilling","W121","Mineral waste from construction and demolition","IS","Iceland","2020","2020","385476"
"env_wastrt_W121_total","A","Annual","T","Tonne","HAZ_NHAZ","Hazardous and non-hazardous - total","RCV_B","Recovery - backfilling","W121","Mineral waste from construction and demolition","IS","Iceland","2022","2022","15991"
"env_wastrt_W121_total","A","Annual","T","Tonne","HAZ_NHAZ","Hazardous and non-hazardous - total","RCV_B","Recovery - backfilling","W121","Mineral waste from construction and demolition","NO","Norway","2010","2010","21998"
"env_wastrt_W121_total","A","Annual","T","Tonne","HAZ_NHAZ","Hazardous and non-hazardous - total","RCV_B","Recovery - backfilling","W121","Mineral waste from construction and demolition","NO","Norway","2012","2012","41786"
"env_wastrt_W121_total","A","Annual","T","Tonne","HAZ_NHAZ","Hazardous and non-hazardous - total","RCV_B","Recovery - backfilling","W121","Mineral waste from construction and demolition","NO","Norway","2014","2014","393652"
"env_wastrt_W121_total","A","Annual","T","Tonne","HAZ_NHAZ","Hazardous and non-hazardous - total","RCV_B","Recovery - backfilling","W121","Mineral waste from construction and demolition","NO","Norway","2016","2016","224166"
"env_wastrt_W121_total","A","Annual","T","Tonne","HAZ_NHAZ","Hazardous and non-hazardous - total","RCV_B","Recovery - backfilling","W121","Mineral waste from construction and demolition","NO","Norway","2018","2018","403435"
"env_wastrt_W121_total","A","Annual","T","Tonne","HAZ_NHAZ","Hazardous and non-hazardous - total","RCV_B","Recovery - backfilling","W121","Mineral waste from construction and demolition","NO","Norway","2020","2020","29639"
"env_wastrt_W121_total","A","Annual","T","Tonne","HAZ_NHAZ","Hazardous and non-hazardous - total","RCV_B","Recovery - backfilling","W121","Mineral waste from construction and demolition","NO","Norway","2022","2022","87261"
"env_wastrt_W121_total","A","Annual","T","Tonne","HAZ_NHAZ","Hazardous and non-hazardous - total","RCV_B","Recovery - backfilling","W121","Mineral waste from construction and demolition","UK","United Kingdom","2010","2010","1783999"
"env_wastrt_W121_total","A","Annual","T","Tonne","HAZ_NHAZ","Hazardous and non-hazardous - total","RCV_B","Recovery - backfilling","W121","Mineral waste from construction and demolition","UK","United Kingdom","2012","2012","819024"
"env_wastrt_W121_total","A","Annual","T","Tonne","HAZ_NHAZ","Hazardous and non-hazardous - total","RCV_B","Recovery - backfilling","W121","Mineral waste from construction and demolition","UK","United Kingdom","2014","2014","1274054"
"env_wastrt_W121_total","A","Annual","T","Tonne","HAZ_NHAZ","Hazardous and non-hazardous - total","RCV_B","Recovery - backfilling","W121","Mineral waste from construction and demolition","UK","United Kingdom","2016","2016","677588"
"env_wastrt_W121_total","A","Annual","T","Tonne","HAZ_NHAZ","Hazardous and non-hazardous - total","RCV_B","Recovery - backfilling","W121","Mineral waste from construction and demolition","UK","United Kingdom","2018","2018","449448"
"env_wastrt_W121_total","A","Annual","T","Tonne","HAZ_NHAZ","Hazardous and non-hazardous - total","RCV_B","Recovery - backfilling","W121","Mineral waste from construction and demolition","BA","Bosnia and Herzegovina","2022","2022","0"
"env_wastrt_W121_total","A","Annual","T","Tonne","HAZ_NHAZ","Hazardous and non-hazardous - total","RCV_B","Recovery - backfilling","W121","Mineral waste from construction and demolition","ME","Montenegro","2012","2012","0"
"env_wastrt_W121_total","A","Annual","T","Tonne","HAZ_NHAZ","Hazardous and non-hazardous - total","RCV_B","Recovery - backfilling","W121","Mineral waste from construction and demolition","ME","Montenegro","2014","2014","0"
"env_wastrt_W121_total","A","Annual","T","Tonne","HAZ_NHAZ","Hazardous and non-hazardous - total","RCV_B","Recovery - backfilling","W121","Mineral waste from construction and demolition","ME","Montenegro","2016","2016","0"
"env_wastrt_W121_total","A","Annual","T","Tonne","HAZ_NHAZ","Hazardous and non-hazardous - total","RCV_B","Recovery - backfilling","W121","Mineral waste from construction and demolition","ME","Montenegro","2018","2018","0"
"env_wastrt_W121_total","A","Annual","T","Tonne","HAZ_NHAZ","Hazardous and non-hazardous - total","RCV_B","Recovery - backfilling","W121","Mineral waste from construction and demolition","ME","Montenegro","2020","2020","0"
"env_wastrt_W121_total","A","Annual","T","Tonne","HAZ_NHAZ","Hazardous and non-hazardous - total","RCV_B","Recovery - backfilling","W121","Mineral waste from construction and demolition","ME","Montenegro","2022","2022","0"
"env_wastrt_W121_total","A","Annual","T","Tonne","HAZ_NHAZ","Hazardous and non-hazardous - total","RCV_B","Recovery - backfilling","W121","Mineral waste from construction and demolition","MK","North Macedonia","2010","2010","0"
"env_wastrt_W121_total","A","Annual","T","Tonne","HAZ_NHAZ","Hazardous and non-hazardous - total","RCV_B","Recovery - backfilling","W121","Mineral waste from construction and demolition","MK","North Macedonia","2012","2012","0"
"env_wastrt_W121_total","A","Annual","T","Tonne","HAZ_NHAZ","Hazardous and non-hazardous - total","RCV_B","Recovery - backfilling","W121","Mineral waste from construction and demolition","MK","North Macedonia","2014","2014","0"
"env_wastrt_W121_total","A","Annual","T","Tonne","HAZ_NHAZ","Hazardous and non-hazardous - total","RCV_B","Recovery - backfilling","W121","Mineral waste from construction and demolition","MK","North Macedonia","2018","2018","0"
"env_wastrt_W121_total","A","Annual","T","Tonne","HAZ_NHAZ","Hazardous and non-hazardous - total","RCV_B","Recovery - backfilling","W121","Mineral waste from construction and demolition","MK","North Macedonia","2020","2020","0"
"env_wastrt_W121_total","A","Annual","T","Tonne","HAZ_NHAZ","Hazardous and non-hazardous - total","RCV_B","Recovery - backfilling","W121","Mineral waste from construction and demolition","MK","North Macedonia","2022","2022","0"
"env_wastrt_W121_total","A","Annual","T","Tonne","HAZ_NHAZ","Hazardous and non-hazardous - total","RCV_B","Recovery - backfilling","W121","Mineral waste from construction and demolition","AL","Albania","2014","2014","0"
"env_wastrt_W121_total","A","Annual","T","Tonne","HAZ_NHAZ","Hazardous and non-hazardous - total","RCV_B","Recovery - backfilling","W121","Mineral waste from construction and demolition","AL","Albania","2022","2022","17073"
"env_wastrt_W121_total","A","Annual","T","Tonne","HAZ_NHAZ","Hazardous and non-hazardous - total","RCV_B","Recovery - backfilling","W121","Mineral waste from construction and demolition","RS","Serbia","2010","2010","0"
"env_wastrt_W121_total","A","Annual","T","Tonne","HAZ_NHAZ","Hazardous and non-hazardous - total","RCV_B","Recovery - backfilling","W121","Mineral waste from construction and demolition","RS","Serbia","2012","2012","0"
"env_wastrt_W121_total","A","Annual","T","Tonne","HAZ_NHAZ","Hazardous and non-hazardous - total","RCV_B","Recovery - backfilling","W121","Mineral waste from construction and demolition","RS","Serbia","2016","2016","204879"
"env_wastrt_W121_total","A","Annual","T","Tonne","HAZ_NHAZ","Hazardous and non-hazardous - total","RCV_B","Recovery - backfilling","W121","Mineral waste from construction and demolition","RS","Serbia","2018","2018","289349"
"env_wastrt_W121_total","A","Annual","T","Tonne","HAZ_NHAZ","Hazardous and non-hazardous - total","RCV_B","Recovery - backfilling","W121","Mineral waste from construction and demolition","RS","Serbia","2020","2020","376714"
"env_wastrt_W121_total","A","Annual","T","Tonne","HAZ_NHAZ","Hazardous and non-hazardous - total","RCV_B","Recovery - backfilling","W121","Mineral waste from construction and demolition","RS","Serbia","2022","2022","208121"
"env_wastrt_W121_total","A","Annual","T","Tonne","HAZ_NHAZ","Hazardous and non-hazardous - total","RCV_B","Recovery - backfilling","W121","Mineral waste from construction and demolition","TR","Türkiye","2010","2010","0"
"env_wastrt_W121_total","A","Annual","T","Tonne","HAZ_NHAZ","Hazardous and non-hazardous - total","RCV_B","Recovery - backfilling","W121","Mineral waste from construction and demolition","TR","Türkiye","2016","2016","0"
"env_wastrt_W121_total","A","Annual","T","Tonne","HAZ_NHAZ","Hazardous and non-hazardous - total","RCV_B","Recovery - backfilling","W121","Mineral waste from construction and demolition","TR","Türkiye","2018","2018","0"
"env_wastrt_W121_total","A","Annual","T","Tonne","HAZ_NHAZ","Hazardous and non-hazardous - total","RCV_B","Recovery - backfilling","W121","Mineral waste from construction and demolition","TR","Türkiye","2020","2020","0"
"env_wastrt_W121_total","A","Annual","T","Tonne","HAZ_NHAZ","Hazardous and non-hazardous - total","RCV_B","Recovery - backfilling","W121","Mineral waste from construction and demolition","TR","Türkiye","2022","2022","0"
"env_wastrt_W121_total","A","Annual","T","Tonne","HAZ_NHAZ","Hazardous and non-hazardous - total","RCV_B","Recovery - backfilling","W121","Mineral waste from construction and demolition","XK","Kosovo*","2016","2016","0"
"env_wastrt_W121_total","A","Annual","T","Tonne","HAZ_NHAZ","Hazardous and non-hazardous - total","RCV_B","Recovery - backfilling","W121","Mineral waste from construction and demolition","XK","Kosovo*","2020","2020","0"
"env_wastrt_W121_total","A","Annual","T","Tonne","HAZ_NHAZ","Hazardous and non-hazardous - total","RCV_B","Recovery - backfilling","W121","Mineral waste from construction and demolition","XK","Kosovo*","2022","2022","0"
