iso2,country,year,factor_tco2e_per_mwh,factor_kgco2e_per_kwh,factor_scope,source_dataset,source_sheet,source_url,source_doi
AT,Austria,1990,0.40529343327308,0.40529343327308,life-cycle GHG,JRC CoM Emission factors for national electricity 2024,Table3_EU_LC,https://data.jrc.ec.europa.eu/dataset/919df040-0252-4e4e-ad82-c054896e1641,10.2905/JRC.4800KC0
BE,Belgium,1990,0.471568443081213,0.471568443081213,life-cycle GHG,JRC CoM Emission factors for national electricity 2024,Table3_EU_LC,https://data.jrc.ec.europa.eu/dataset/919df040-0252-4e4e-ad82-c054896e1641,10.2905/JRC.4800KC0
BG,Bulgaria,1990,0.709482684155126,0.709482684155126,life-cycle GHG,JRC CoM Emission factors for national electricity 2024,Table3_EU_LC,https://data.jrc.ec.europa.eu/dataset/919df040-0252-4e4e-ad82-c054896e1641,10.2905/JRC.4800KC0
CY,Cyprus,1990,1.15385946398659,1.15385946398659,life-cycle GHG,JRC CoM Emission factors for national electricity 2024,Table3_EU_LC,https://data.jrc.ec.europa.eu/dataset/919df040-0252-4e4e-ad82-c054896e1641,10.2905/JRC.4800KC0
CZ,Czechia,1990,1.12032804632084,1.12032804632084,life-cycle GHG,JRC CoM Emission factors for national electricity 2024,Table3_EU_LC,https://data.jrc.ec.europa.eu/dataset/919df040-0252-4e4e-ad82-c054896e1641,10.2905/JRC.4800KC0
DE,Germany,1990,0.814236845431958,0.814236845431958,life-cycle GHG,JRC CoM Emission factors for national electricity 2024,Table3_EU_LC,https://data.jrc.ec.europa.eu/dataset/919df040-0252-4e4e-ad82-c054896e1641,10.2905/JRC.4800KC0
DK,Denmark,1990,0.589002812475672,0.589002812475672,life-cycle GHG,JRC CoM Emission factors for national electricity 2024,Table3_EU_LC,https://data.jrc.ec.europa.eu/dataset/919df040-0252-4e4e-ad82-c054896e1641,10.2905/JRC.4800KC0
EE,Estonia,1990,1.84987082760109,1.84987082760109,life-cycle GHG,JRC CoM Emission factors for national electricity 2024,Table3_EU_LC,https://data.jrc.ec.europa.eu/dataset/919df040-0252-4e4e-ad82-c054896e1641,10.2905/JRC.4800KC0
EL,Greece,1990,1.32126469845974,1.32126469845974,life-cycle GHG,JRC CoM Emission factors for national electricity 2024,Table3_EU_LC,https://data.jrc.ec.europa.eu/dataset/919df040-0252-4e4e-ad82-c054896e1641,10.2905/JRC.4800KC0
ES,Spain,1990,0.593996520602097,0.593996520602097,life-cycle GHG,JRC CoM Emission factors for national electricity 2024,Table3_EU_LC,https://data.jrc.ec.europa.eu/dataset/919df040-0252-4e4e-ad82-c054896e1641,10.2905/JRC.4800KC0
FI,Finland,1990,0.209165058243485,0.209165058243485,life-cycle GHG,JRC CoM Emission factors for national electricity 2024,Table3_EU_LC,https://data.jrc.ec.europa.eu/dataset/919df040-0252-4e4e-ad82-c054896e1641,10.2905/JRC.4800KC0
FR,France,1990,0.161198841666664,0.161198841666664,life-cycle GHG,JRC CoM Emission factors for national electricity 2024,Table3_EU_LC,https://data.jrc.ec.europa.eu/dataset/919df040-0252-4e4e-ad82-c054896e1641,10.2905/JRC.4800KC0
HR,Croatia,1990,0.288560729865176,0.288560729865176,life-cycle GHG,JRC CoM Emission factors for national electricity 2024,Table3_EU_LC,https://data.jrc.ec.europa.eu/dataset/919df040-0252-4e4e-ad82-c054896e1641,10.2905/JRC.4800KC0
HU,Hungary,1990,0.891102332716312,0.891102332716312,life-cycle GHG,JRC CoM Emission factors for national electricity 2024,Table3_EU_LC,https://data.jrc.ec.europa.eu/dataset/919df040-0252-4e4e-ad82-c054896e1641,10.2905/JRC.4800KC0
IE,Ireland,1990,1.04208974004973,1.04208974004973,life-cycle GHG,JRC CoM Emission factors for national electricity 2024,Table3_EU_LC,https://data.jrc.ec.europa.eu/dataset/919df040-0252-4e4e-ad82-c054896e1641,10.2905/JRC.4800KC0
IT,Italy,1990,0.718037511126113,0.718037511126113,life-cycle GHG,JRC CoM Emission factors for national electricity 2024,Table3_EU_LC,https://data.jrc.ec.europa.eu/dataset/919df040-0252-4e4e-ad82-c054896e1641,10.2905/JRC.4800KC0
LT,Lithuania,1990,0.305338463123163,0.305338463123163,life-cycle GHG,JRC CoM Emission factors for national electricity 2024,Table3_EU_LC,https://data.jrc.ec.europa.eu/dataset/919df040-0252-4e4e-ad82-c054896e1641,10.2905/JRC.4800KC0
LU,Luxembourg,1990,0.918218207452247,0.918218207452247,life-cycle GHG,JRC CoM Emission factors for national electricity 2024,Table3_EU_LC,https://data.jrc.ec.europa.eu/dataset/919df040-0252-4e4e-ad82-c054896e1641,10.2905/JRC.4800KC0
LV,Latvia,1990,0.0549065947137826,0.0549065947137826,life-cycle GHG,JRC CoM Emission factors for national electricity 2024,Table3_EU_LC,https://data.jrc.ec.europa.eu/dataset/919df040-0252-4e4e-ad82-c054896e1641,10.2905/JRC.4800KC0
MT,Malta,1990,2.31558563076923,2.31558563076923,life-cycle GHG,JRC CoM Emission factors for national electricity 2024,Table3_EU_LC,https://data.jrc.ec.europa.eu/dataset/919df040-0252-4e4e-ad82-c054896e1641,10.2905/JRC.4800KC0
NL,Netherlands,1990,0.757864310208076,0.757864310208076,life-cycle GHG,JRC CoM Emission factors for national electricity 2024,Table3_EU_LC,https://data.jrc.ec.europa.eu/dataset/919df040-0252-4e4e-ad82-c054896e1641,10.2905/JRC.4800KC0
PL,Poland,1990,1.41361458685354,1.41361458685354,life-cycle GHG,JRC CoM Emission factors for national electricity 2024,Table3_EU_LC,https://data.jrc.ec.europa.eu/dataset/919df040-0252-4e4e-ad82-c054896e1641,10.2905/JRC.4800KC0
PT,Portugal,1990,0.749350441669989,0.749350441669989,life-cycle GHG,JRC CoM Emission factors for national electricity 2024,Table3_EU_LC,https://data.jrc.ec.europa.eu/dataset/919df040-0252-4e4e-ad82-c054896e1641,10.2905/JRC.4800KC0
RO,Romania,1990,1.10214707874356,1.10214707874356,life-cycle GHG,JRC CoM Emission factors for national electricity 2024,Table3_EU_LC,https://data.jrc.ec.europa.eu/dataset/919df040-0252-4e4e-ad82-c054896e1641,10.2905/JRC.4800KC0
SE,Sweden,1990,0.0170062593455785,0.0170062593455785,life-cycle GHG,JRC CoM Emission factors for national electricity 2024,Table3_EU_LC,https://data.jrc.ec.europa.eu/dataset/919df040-0252-4e4e-ad82-c054896e1641,10.2905/JRC.4800KC0
SI,Slovenia,1990,0.564910592468697,0.564910592468697,life-cycle GHG,JRC CoM Emission factors for national electricity 2024,Table3_EU_LC,https://data.jrc.ec.europa.eu/dataset/919df040-0252-4e4e-ad82-c054896e1641,10.2905/JRC.4800KC0
SK,Slovakia,1990,0.601658385406525,0.601658385406525,life-cycle GHG,JRC CoM Emission factors for national electricity 2024,Table3_EU_LC,https://data.jrc.ec.europa.eu/dataset/919df040-0252-4e4e-ad82-c054896e1641,10.2905/JRC.4800KC0
AT,Austria,1991,0.417375164609355,0.417375164609355,life-cycle GHG,JRC CoM Emission factors for national electricity 2024,Table3_EU_LC,https://data.jrc.ec.europa.eu/dataset/919df040-0252-4e4e-ad82-c054896e1641,10.2905/JRC.4800KC0
BE,Belgium,1991,0.457397686564757,0.457397686564757,life-cycle GHG,JRC CoM Emission factors for national electricity 2024,Table3_EU_LC,https://data.jrc.ec.europa.eu/dataset/919df040-0252-4e4e-ad82-c054896e1641,10.2905/JRC.4800KC0
BG,Bulgaria,1991,0.870796396813183,0.870796396813183,life-cycle GHG,JRC CoM Emission factors for national electricity 2024,Table3_EU_LC,https://data.jrc.ec.europa.eu/dataset/919df040-0252-4e4e-ad82-c054896e1641,10.2905/JRC.4800KC0
CY,Cyprus,1991,1.14386515183803,1.14386515183803,life-cycle GHG,JRC CoM Emission factors for national electricity 2024,Table3_EU_LC,https://data.jrc.ec.europa.eu/dataset/919df040-0252-4e4e-ad82-c054896e1641,10.2905/JRC.4800KC0
CZ,Czechia,1991,1.12526513439553,1.12526513439553,life-cycle GHG,JRC CoM Emission factors for national electricity 2024,Table3_EU_LC,https://data.jrc.ec.europa.eu/dataset/919df040-0252-4e4e-ad82-c054896e1641,10.2905/JRC.4800KC0
DE,Germany,1991,0.813285984382624,0.813285984382624,life-cycle GHG,JRC CoM Emission factors for national electricity 2024,Table3_EU_LC,https://data.jrc.ec.europa.eu/dataset/919df040-0252-4e4e-ad82-c054896e1641,10.2905/JRC.4800KC0
DK,Denmark,1991,0.870235556007075,0.870235556007075,life-cycle GHG,JRC CoM Emission factors for national electricity 2024,Table3_EU_LC,https://data.jrc.ec.europa.eu/dataset/919df040-0252-4e4e-ad82-c054896e1641,10.2905/JRC.4800KC0
EE,Estonia,1991,1.64208691860908,1.64208691860908,life-cycle GHG,JRC CoM Emission factors for national electricity 2024,Table3_EU_LC,https://data.jrc.ec.europa.eu/dataset/919df040-0252-4e4e-ad82-c054896e1641,10.2905/JRC.4800KC0
EL,Greece,1991,1.24878639772545,1.24878639772545,life-cycle GHG,JRC CoM Emission factors for national electricity 2024,Table3_EU_LC,https://data.jrc.ec.europa.eu/dataset/919df040-0252-4e4e-ad82-c054896e1641,10.2905/JRC.4800KC0
ES,Spain,1991,0.589046518941057,0.589046518941057,life-cycle GHG,JRC CoM Emission factors for national electricity 2024,Table3_EU_LC,https://data.jrc.ec.europa.eu/dataset/919df040-0252-4e4e-ad82-c054896e1641,10.2905/JRC.4800KC0
FI,Finland,1991,0.222677994208129,0.222677994208129,life-cycle GHG,JRC CoM Emission factors for national electricity 2024,Table3_EU_LC,https://data.jrc.ec.europa.eu/dataset/919df040-0252-4e4e-ad82-c054896e1641,10.2905/JRC.4800KC0
FR,France,1991,0.18155117190541,0.18155117190541,life-cycle GHG,JRC CoM Emission factors for national electricity 2024,Table3_EU_LC,https://data.jrc.ec.europa.eu/dataset/919df040-0252-4e4e-ad82-c054896e1641,10.2905/JRC.4800KC0
HR,Croatia,1991,0.198450480889834,0.198450480889834,life-cycle GHG,JRC CoM Emission factors for national electricity 2024,Table3_EU_LC,https://data.jrc.ec.europa.eu/dataset/919df040-0252-4e4e-ad82-c054896e1641,10.2905/JRC.4800KC0
HU,Hungary,1991,0.871274361864295,0.871274361864295,life-cycle GHG,JRC CoM Emission factors for national electricity 2024,Table3_EU_LC,https://data.jrc.ec.europa.eu/dataset/919df040-0252-4e4e-ad82-c054896e1641,10.2905/JRC.4800KC0
IE,Ireland,1991,1.04794738708805,1.04794738708805,life-cycle GHG,JRC CoM Emission factors for national electricity 2024,Table3_EU_LC,https://data.jrc.ec.europa.eu/dataset/919df040-0252-4e4e-ad82-c054896e1641,10.2905/JRC.4800KC0
IT,Italy,1991,0.693147695098537,0.693147695098537,life-cycle GHG,JRC CoM Emission factors for national electricity 2024,Table3_EU_LC,https://data.jrc.ec.europa.eu/dataset/919df040-0252-4e4e-ad82-c054896e1641,10.2905/JRC.4800KC0
LT,Lithuania,1991,0.336795376322351,0.336795376322351,life-cycle GHG,JRC CoM Emission factors for national electricity 2024,Table3_EU_LC,https://data.jrc.ec.europa.eu/dataset/919df040-0252-4e4e-ad82-c054896e1641,10.2905/JRC.4800KC0
LU,Luxembourg,1991,0.976644297950047,0.976644297950047,life-cycle GHG,JRC CoM Emission factors for national electricity 2024,Table3_EU_LC,https://data.jrc.ec.europa.eu/dataset/919df040-0252-4e4e-ad82-c054896e1641,10.2905/JRC.4800KC0
LV,Latvia,1991,0.236936952371319,0.236936952371319,life-cycle GHG,JRC CoM Emission factors for national electricity 2024,Table3_EU_LC,https://data.jrc.ec.europa.eu/dataset/919df040-0252-4e4e-ad82-c054896e1641,10.2905/JRC.4800KC0
MT,Malta,1991,1.59755259136212,1.59755259136212,life-cycle GHG,JRC CoM Emission factors for national electricity 2024,Table3_EU_LC,https://data.jrc.ec.europa.eu/dataset/919df040-0252-4e4e-ad82-c054896e1641,10.2905/JRC.4800KC0
NL,Netherlands,1991,0.74270798644573,0.74270798644573,life-cycle GHG,JRC CoM Emission factors for national electricity 2024,Table3_EU_LC,https://data.jrc.ec.europa.eu/dataset/919df040-0252-4e4e-ad82-c054896e1641,10.2905/JRC.4800KC0
PL,Poland,1991,1.55039206808828,1.55039206808828,life-cycle GHG,JRC CoM Emission factors for national electricity 2024,Table3_EU_LC,https://data.jrc.ec.europa.eu/dataset/919df040-0252-4e4e-ad82-c054896e1641,10.2905/JRC.4800KC0
PT,Portugal,1991,0.752950342399926,0.752950342399926,life-cycle GHG,JRC CoM Emission factors for national electricity 2024,Table3_EU_LC,https://data.jrc.ec.europa.eu/dataset/919df040-0252-4e4e-ad82-c054896e1641,10.2905/JRC.4800KC0
RO,Romania,1991,1.20875135367605,1.20875135367605,life-cycle GHG,JRC CoM Emission factors for national electricity 2024,Table3_EU_LC,https://data.jrc.ec.europa.eu/dataset/919df040-0252-4e4e-ad82-c054896e1641,10.2905/JRC.4800KC0
SE,Sweden,1991,0.0305254282145732,0.0305254282145732,life-cycle GHG,JRC CoM Emission factors for national electricity 2024,Table3_EU_LC,https://data.jrc.ec.europa.eu/dataset/919df040-0252-4e4e-ad82-c054896e1641,10.2905/JRC.4800KC0
SI,Slovenia,1991,0.430920437670277,0.430920437670277,life-cycle GHG,JRC CoM Emission factors for national electricity 2024,Table3_EU_LC,https://data.jrc.ec.europa.eu/dataset/919df040-0252-4e4e-ad82-c054896e1641,10.2905/JRC.4800KC0
SK,Slovakia,1991,0.708247182860762,0.708247182860762,life-cycle GHG,JRC CoM Emission factors for national electricity 2024,Table3_EU_LC,https://data.jrc.ec.europa.eu/dataset/919df040-0252-4e4e-ad82-c054896e1641,10.2905/JRC.4800KC0
AT,Austria,1992,0.368922822068423,0.368922822068423,life-cycle GHG,JRC CoM Emission factors for national electricity 2024,Table3_EU_LC,https://data.jrc.ec.europa.eu/dataset/919df040-0252-4e4e-ad82-c054896e1641,10.2905/JRC.4800KC0
BE,Belgium,1992,0.4511909748316,0.4511909748316,life-cycle GHG,JRC CoM Emission factors for national electricity 2024,Table3_EU_LC,https://data.jrc.ec.europa.eu/dataset/919df040-0252-4e4e-ad82-c054896e1641,10.2905/JRC.4800KC0
BG,Bulgaria,1992,0.996256473016203,0.996256473016203,life-cycle GHG,JRC CoM Emission factors for national electricity 2024,Table3_EU_LC,https://data.jrc.ec.europa.eu/dataset/919df040-0252-4e4e-ad82-c054896e1641,10.2905/JRC.4800KC0
CY,Cyprus,1992,1.1865836767343,1.1865836767343,life-cycle GHG,JRC CoM Emission factors for national electricity 2024,Table3_EU_LC,https://data.jrc.ec.europa.eu/dataset/919df040-0252-4e4e-ad82-c054896e1641,10.2905/JRC.4800KC0
CZ,Czechia,1992,1.11203397153521,1.11203397153521,life-cycle GHG,JRC CoM Emission factors for national electricity 2024,Table3_EU_LC,https://data.jrc.ec.europa.eu/dataset/919df040-0252-4e4e-ad82-c054896e1641,10.2905/JRC.4800KC0
DE,Germany,1992,0.769331118589218,0.769331118589218,life-cycle GHG,JRC CoM Emission factors for national electricity 2024,Table3_EU_LC,https://data.jrc.ec.europa.eu/dataset/919df040-0252-4e4e-ad82-c054896e1641,10.2905/JRC.4800KC0
DK,Denmark,1992,0.675404967995311,0.675404967995311,life-cycle GHG,JRC CoM Emission factors for national electricity 2024,Table3_EU_LC,https://data.jrc.ec.europa.eu/dataset/919df040-0252-4e4e-ad82-c054896e1641,10.2905/JRC.4800KC0
EE,Estonia,1992,2.03429812015012,2.03429812015012,life-cycle GHG,JRC CoM Emission factors for national electricity 2024,Table3_EU_LC,https://data.jrc.ec.europa.eu/dataset/919df040-0252-4e4e-ad82-c054896e1641,10.2905/JRC.4800KC0
EL,Greece,1992,1.26515785877219,1.26515785877219,life-cycle GHG,JRC CoM Emission factors for national electricity 2024,Table3_EU_LC,https://data.jrc.ec.europa.eu/dataset/919df040-0252-4e4e-ad82-c054896e1641,10.2905/JRC.4800KC0
ES,Spain,1992,0.668892686538732,0.668892686538732,life-cycle GHG,JRC CoM Emission factors for national electricity 2024,Table3_EU_LC,https://data.jrc.ec.europa.eu/dataset/919df040-0252-4e4e-ad82-c054896e1641,10.2905/JRC.4800KC0
FI,Finland,1992,0.17928490228701,0.17928490228701,life-cycle GHG,JRC CoM Emission factors for national electricity 2024,Table3_EU_LC,https://data.jrc.ec.europa.eu/dataset/919df040-0252-4e4e-ad82-c054896e1641,10.2905/JRC.4800KC0
FR,France,1992,0.142303281584969,0.142303281584969,life-cycle GHG,JRC CoM Emission factors for national electricity 2024,Table3_EU_LC,https://data.jrc.ec.europa.eu/dataset/919df040-0252-4e4e-ad82-c054896e1641,10.2905/JRC.4800KC0
HR,Croatia,1992,0.378619452724885,0.378619452724885,life-cycle GHG,JRC CoM Emission factors for national electricity 2024,Table3_EU_LC,https://data.jrc.ec.europa.eu/dataset/919df040-0252-4e4e-ad82-c054896e1641,10.2905/JRC.4800KC0
HU,Hungary,1992,0.880464149121032,0.880464149121032,life-cycle GHG,JRC CoM Emission factors for national electricity 2024,Table3_EU_LC,https://data.jrc.ec.europa.eu/dataset/919df040-0252-4e4e-ad82-c054896e1641,10.2905/JRC.4800KC0
IE,Ireland,1992,1.05163775911545,1.05163775911545,life-cycle GHG,JRC CoM Emission factors for national electricity 2024,Table3_EU_LC,https://data.jrc.ec.europa.eu/dataset/919df040-0252-4e4e-ad82-c054896e1641,10.2905/JRC.4800KC0
IT,Italy,1992,0.674444209327722,0.674444209327722,life-cycle GHG,JRC CoM Emission factors for national electricity 2024,Table3_EU_LC,https://data.jrc.ec.europa.eu/dataset/919df040-0252-4e4e-ad82-c054896e1641,10.2905/JRC.4800KC0
LT,Lithuania,1992,0.251992335817625,0.251992335817625,life-cycle GHG,JRC CoM Emission factors for national electricity 2024,Table3_EU_LC,https://data.jrc.ec.europa.eu/dataset/919df040-0252-4e4e-ad82-c054896e1641,10.2905/JRC.4800KC0
LU,Luxembourg,1992,0.894205901617099,0.894205901617099,life-cycle GHG,JRC CoM Emission factors for national electricity 2024,Table3_EU_LC,https://data.jrc.ec.europa.eu/dataset/919df040-0252-4e4e-ad82-c054896e1641,10.2905/JRC.4800KC0
LV,Latvia,1992,0.1091456306119,0.1091456306119,life-cycle GHG,JRC CoM Emission factors for national electricity 2024,Table3_EU_LC,https://data.jrc.ec.europa.eu/dataset/919df040-0252-4e4e-ad82-c054896e1641,10.2905/JRC.4800KC0
MT,Malta,1992,1.47157391082802,1.47157391082802,life-cycle GHG,JRC CoM Emission factors for national electricity 2024,Table3_EU_LC,https://data.jrc.ec.europa.eu/dataset/919df040-0252-4e4e-ad82-c054896e1641,10.2905/JRC.4800KC0
NL,Netherlands,1992,0.734810168604172,0.734810168604172,life-cycle GHG,JRC CoM Emission factors for national electricity 2024,Table3_EU_LC,https://data.jrc.ec.europa.eu/dataset/919df040-0252-4e4e-ad82-c054896e1641,10.2905/JRC.4800KC0
PL,Poland,1992,1.58163890911459,1.58163890911459,life-cycle GHG,JRC CoM Emission factors for national electricity 2024,Table3_EU_LC,https://data.jrc.ec.europa.eu/dataset/919df040-0252-4e4e-ad82-c054896e1641,10.2905/JRC.4800KC0
PT,Portugal,1992,0.897789685601322,0.897789685601322,life-cycle GHG,JRC CoM Emission factors for national electricity 2024,Table3_EU_LC,https://data.jrc.ec.europa.eu/dataset/919df040-0252-4e4e-ad82-c054896e1641,10.2905/JRC.4800KC0
RO,Romania,1992,1.01491344214097,1.01491344214097,life-cycle GHG,JRC CoM Emission factors for national electricity 2024,Table3_EU_LC,https://data.jrc.ec.europa.eu/dataset/919df040-0252-4e4e-ad82-c054896e1641,10.2905/JRC.4800KC0
SE,Sweden,1992,0.0331559620481624,0.0331559620481624,life-cycle GHG,JRC CoM Emission factors for national electricity 2024,Table3_EU_LC,https://data.jrc.ec.europa.eu/dataset/919df040-0252-4e4e-ad82-c054896e1641,10.2905/JRC.4800KC0
SI,Slovenia,1992,0.535177969450323,0.535177969450323,life-cycle GHG,JRC CoM Emission factors for national electricity 2024,Table3_EU_LC,https://data.jrc.ec.europa.eu/dataset/919df040-0252-4e4e-ad82-c054896e1641,10.2905/JRC.4800KC0
SK,Slovakia,1992,0.657651095886402,0.657651095886402,life-cycle GHG,JRC CoM Emission factors for national electricity 2024,Table3_EU_LC,https://data.jrc.ec.europa.eu/dataset/919df040-0252-4e4e-ad82-c054896e1641,10.2905/JRC.4800KC0
AT,Austria,1993,0.335968247285559,0.335968247285559,life-cycle GHG,JRC CoM Emission factors for national electricity 2024,Table3_EU_LC,https://data.jrc.ec.europa.eu/dataset/919df040-0252-4e4e-ad82-c054896e1641,10.2905/JRC.4800KC0
BE,Belgium,1993,0.453326831584694,0.453326831584694,life-cycle GHG,JRC CoM Emission factors for national electricity 2024,Table3_EU_LC,https://data.jrc.ec.europa.eu/dataset/919df040-0252-4e4e-ad82-c054896e1641,10.2905/JRC.4800KC0
BG,Bulgaria,1993,1.03981887330361,1.03981887330361,life-cycle GHG,JRC CoM Emission factors for national electricity 2024,Table3_EU_LC,https://data.jrc.ec.europa.eu/dataset/919df040-0252-4e4e-ad82-c054896e1641,10.2905/JRC.4800KC0
CY,Cyprus,1993,1.16066175270679,1.16066175270679,life-cycle GHG,JRC CoM Emission factors for national electricity 2024,Table3_EU_LC,https://data.jrc.ec.europa.eu/dataset/919df040-0252-4e4e-ad82-c054896e1641,10.2905/JRC.4800KC0
CZ,Czechia,1993,1.12366586189676,1.12366586189676,life-cycle GHG,JRC CoM Emission factors for national electricity 2024,Table3_EU_LC,https://data.jrc.ec.europa.eu/dataset/919df040-0252-4e4e-ad82-c054896e1641,10.2905/JRC.4800KC0
DE,Germany,1993,0.763912274084727,0.763912274084727,life-cycle GHG,JRC CoM Emission factors for national electricity 2024,Table3_EU_LC,https://data.jrc.ec.europa.eu/dataset/919df040-0252-4e4e-ad82-c054896e1641,10.2905/JRC.4800KC0
DK,Denmark,1993,0.703406455288927,0.703406455288927,life-cycle GHG,JRC CoM Emission factors for national electricity 2024,Table3_EU_LC,https://data.jrc.ec.europa.eu/dataset/919df040-0252-4e4e-ad82-c054896e1641,10.2905/JRC.4800KC0
EE,Estonia,1993,2.23054863228746,2.23054863228746,life-cycle GHG,JRC CoM Emission factors for national electricity 2024,Table3_EU_LC,https://data.jrc.ec.europa.eu/dataset/919df040-0252-4e4e-ad82-c054896e1641,10.2905/JRC.4800KC0
EL,Greece,1993,1.25099264202923,1.25099264202923,life-cycle GHG,JRC CoM Emission factors for national electricity 2024,Table3_EU_LC,https://data.jrc.ec.europa.eu/dataset/919df040-0252-4e4e-ad82-c054896e1641,10.2905/JRC.4800KC0
ES,Spain,1993,0.581517721296027,0.581517721296027,life-cycle GHG,JRC CoM Emission factors for national electricity 2024,Table3_EU_LC,https://data.jrc.ec.europa.eu/dataset/919df040-0252-4e4e-ad82-c054896e1641,10.2905/JRC.4800KC0
FI,Finland,1993,0.223737750359454,0.223737750359454,life-cycle GHG,JRC CoM Emission factors for national electricity 2024,Table3_EU_LC,https://data.jrc.ec.europa.eu/dataset/919df040-0252-4e4e-ad82-c054896e1641,10.2905/JRC.4800KC0
FR,France,1993,0.100315432451705,0.100315432451705,life-cycle GHG,JRC CoM Emission factors for national electricity 2024,Table3_EU_LC,https://data.jrc.ec.europa.eu/dataset/919df040-0252-4e4e-ad82-c054896e1641,10.2905/JRC.4800KC0
HR,Croatia,1993,0.37841645614739,0.37841645614739,life-cycle GHG,JRC CoM Emission factors for national electricity 2024,Table3_EU_LC,https://data.jrc.ec.europa.eu/dataset/919df040-0252-4e4e-ad82-c054896e1641,10.2905/JRC.4800KC0
HU,Hungary,1993,0.850942976894144,0.850942976894144,life-cycle GHG,JRC CoM Emission factors for national electricity 2024,Table3_EU_LC,https://data.jrc.ec.europa.eu/dataset/919df040-0252-4e4e-ad82-c054896e1641,10.2905/JRC.4800KC0
IE,Ireland,1993,1.03335805445288,1.03335805445288,life-cycle GHG,JRC CoM Emission factors for national electricity 2024,Table3_EU_LC,https://data.jrc.ec.europa.eu/dataset/919df040-0252-4e4e-ad82-c054896e1641,10.2905/JRC.4800KC0
IT,Italy,1993,0.651693163071031,0.651693163071031,life-cycle GHG,JRC CoM Emission factors for national electricity 2024,Table3_EU_LC,https://data.jrc.ec.europa.eu/dataset/919df040-0252-4e4e-ad82-c054896e1641,10.2905/JRC.4800KC0
LT,Lithuania,1993,0.259082067387207,0.259082067387207,life-cycle GHG,JRC CoM Emission factors for national electricity 2024,Table3_EU_LC,https://data.jrc.ec.europa.eu/dataset/919df040-0252-4e4e-ad82-c054896e1641,10.2905/JRC.4800KC0
LU,Luxembourg,1993,0.887375634957752,0.887375634957752,life-cycle GHG,JRC CoM Emission factors for national electricity 2024,Table3_EU_LC,https://data.jrc.ec.europa.eu/dataset/919df040-0252-4e4e-ad82-c054896e1641,10.2905/JRC.4800KC0
LV,Latvia,1993,0.589394252728957,0.589394252728957,life-cycle GHG,JRC CoM Emission factors for national electricity 2024,Table3_EU_LC,https://data.jrc.ec.europa.eu/dataset/919df040-0252-4e4e-ad82-c054896e1641,10.2905/JRC.4800KC0
MT,Malta,1993,1.98769158425196,1.98769158425196,life-cycle GHG,JRC CoM Emission factors for national electricity 2024,Table3_EU_LC,https://data.jrc.ec.europa.eu/dataset/919df040-0252-4e4e-ad82-c054896e1641,10.2905/JRC.4800KC0
NL,Netherlands,1993,0.728647297238562,0.728647297238562,life-cycle GHG,JRC CoM Emission factors for national electricity 2024,Table3_EU_LC,https://data.jrc.ec.europa.eu/dataset/919df040-0252-4e4e-ad82-c054896e1641,10.2905/JRC.4800KC0
PL,Poland,1993,1.56954777716965,1.56954777716965,life-cycle GHG,JRC CoM Emission factors for national electricity 2024,Table3_EU_LC,https://data.jrc.ec.europa.eu/dataset/919df040-0252-4e4e-ad82-c054896e1641,10.2905/JRC.4800KC0
PT,Portugal,1993,0.781714542802443,0.781714542802443,life-cycle GHG,JRC CoM Emission factors for national electricity 2024,Table3_EU_LC,https://data.jrc.ec.europa.eu/dataset/919df040-0252-4e4e-ad82-c054896e1641,10.2905/JRC.4800KC0
RO,Romania,1993,1.14383197464503,1.14383197464503,life-cycle GHG,JRC CoM Emission factors for national electricity 2024,Table3_EU_LC,https://data.jrc.ec.europa.eu/dataset/919df040-0252-4e4e-ad82-c054896e1641,10.2905/JRC.4800KC0
SE,Sweden,1993,0.0324585037592827,0.0324585037592827,life-cycle GHG,JRC CoM Emission factors for national electricity 2024,Table3_EU_LC,https://data.jrc.ec.europa.eu/dataset/919df040-0252-4e4e-ad82-c054896e1641,10.2905/JRC.4800KC0
SI,Slovenia,1993,0.531259887129547,0.531259887129547,life-cycle GHG,JRC CoM Emission factors for national electricity 2024,Table3_EU_LC,https://data.jrc.ec.europa.eu/dataset/919df040-0252-4e4e-ad82-c054896e1641,10.2905/JRC.4800KC0
SK,Slovakia,1993,0.646566726469772,0.646566726469772,life-cycle GHG,JRC CoM Emission factors for national electricity 2024,Table3_EU_LC,https://data.jrc.ec.europa.eu/dataset/919df040-0252-4e4e-ad82-c054896e1641,10.2905/JRC.4800KC0
AT,Austria,1994,0.351361593201296,0.351361593201296,life-cycle GHG,JRC CoM Emission factors for national electricity 2024,Table3_EU_LC,https://data.jrc.ec.europa.eu/dataset/919df040-0252-4e4e-ad82-c054896e1641,10.2905/JRC.4800KC0
BE,Belgium,1994,0.475234250186601,0.475234250186601,life-cycle GHG,JRC CoM Emission factors for national electricity 2024,Table3_EU_LC,https://data.jrc.ec.europa.eu/dataset/919df040-0252-4e4e-ad82-c054896e1641,10.2905/JRC.4800KC0
BG,Bulgaria,1994,0.925587061073416,0.925587061073416,life-cycle GHG,JRC CoM Emission factors for national electricity 2024,Table3_EU_LC,https://data.jrc.ec.europa.eu/dataset/919df040-0252-4e4e-ad82-c054896e1641,10.2905/JRC.4800KC0
CY,Cyprus,1994,1.15696980182421,1.15696980182421,life-cycle GHG,JRC CoM Emission factors for national electricity 2024,Table3_EU_LC,https://data.jrc.ec.europa.eu/dataset/919df040-0252-4e4e-ad82-c054896e1641,10.2905/JRC.4800KC0
CZ,Czechia,1994,1.10505671480468,1.10505671480468,life-cycle GHG,JRC CoM Emission factors for national electricity 2024,Table3_EU_LC,https://data.jrc.ec.europa.eu/dataset/919df040-0252-4e4e-ad82-c054896e1641,10.2905/JRC.4800KC0
DE,Germany,1994,0.766670736951674,0.766670736951674,life-cycle GHG,JRC CoM Emission factors for national electricity 2024,Table3_EU_LC,https://data.jrc.ec.europa.eu/dataset/919df040-0252-4e4e-ad82-c054896e1641,10.2905/JRC.4800KC0
DK,Denmark,1994,0.808170553857611,0.808170553857611,life-cycle GHG,JRC CoM Emission factors for national electricity 2024,Table3_EU_LC,https://data.jrc.ec.europa.eu/dataset/919df040-0252-4e4e-ad82-c054896e1641,10.2905/JRC.4800KC0
EE,Estonia,1994,2.6784853262566,2.6784853262566,life-cycle GHG,JRC CoM Emission factors for national electricity 2024,Table3_EU_LC,https://data.jrc.ec.europa.eu/dataset/919df040-0252-4e4e-ad82-c054896e1641,10.2905/JRC.4800KC0
EL,Greece,1994,1.18242586461538,1.18242586461538,life-cycle GHG,JRC CoM Emission factors for national electricity 2024,Table3_EU_LC,https://data.jrc.ec.europa.eu/dataset/919df040-0252-4e4e-ad82-c054896e1641,10.2905/JRC.4800KC0
ES,Spain,1994,0.570421119748389,0.570421119748389,life-cycle GHG,JRC CoM Emission factors for national electricity 2024,Table3_EU_LC,https://data.jrc.ec.europa.eu/dataset/919df040-0252-4e4e-ad82-c054896e1641,10.2905/JRC.4800KC0
FI,Finland,1994,0.293613898864878,0.293613898864878,life-cycle GHG,JRC CoM Emission factors for national electricity 2024,Table3_EU_LC,https://data.jrc.ec.europa.eu/dataset/919df040-0252-4e4e-ad82-c054896e1641,10.2905/JRC.4800KC0
FR,France,1994,0.09658148403496,0.09658148403496,life-cycle GHG,JRC CoM Emission factors for national electricity 2024,Table3_EU_LC,https://data.jrc.ec.europa.eu/dataset/919df040-0252-4e4e-ad82-c054896e1641,10.2905/JRC.4800KC0
HR,Croatia,1994,0.21562341846828,0.21562341846828,life-cycle GHG,JRC CoM Emission factors for national electricity 2024,Table3_EU_LC,https://data.jrc.ec.europa.eu/dataset/919df040-0252-4e4e-ad82-c054896e1641,10.2905/JRC.4800KC0
HU,Hungary,1994,0.793299786703605,0.793299786703605,life-cycle GHG,JRC CoM Emission factors for national electricity 2024,Table3_EU_LC,https://data.jrc.ec.europa.eu/dataset/919df040-0252-4e4e-ad82-c054896e1641,10.2905/JRC.4800KC0
IE,Ireland,1994,1.02790412682604,1.02790412682604,life-cycle GHG,JRC CoM Emission factors for national electricity 2024,Table3_EU_LC,https://data.jrc.ec.europa.eu/dataset/919df040-0252-4e4e-ad82-c054896e1641,10.2905/JRC.4800KC0
IT,Italy,1994,0.643155819720014,0.643155819720014,life-cycle GHG,JRC CoM Emission factors for national electricity 2024,Table3_EU_LC,https://data.jrc.ec.europa.eu/dataset/919df040-0252-4e4e-ad82-c054896e1641,10.2905/JRC.4800KC0
LT,Lithuania,1994,0.273143339410975,0.273143339410975,life-cycle GHG,JRC CoM Emission factors for national electricity 2024,Table3_EU_LC,https://data.jrc.ec.europa.eu/dataset/919df040-0252-4e4e-ad82-c054896e1641,10.2905/JRC.4800KC0
LU,Luxembourg,1994,0.818251856254143,0.818251856254143,life-cycle GHG,JRC CoM Emission factors for national electricity 2024,Table3_EU_LC,https://data.jrc.ec.europa.eu/dataset/919df040-0252-4e4e-ad82-c054896e1641,10.2905/JRC.4800KC0
LV,Latvia,1994,0.515225330201488,0.515225330201488,life-cycle GHG,JRC CoM Emission factors for national electricity 2024,Table3_EU_LC,https://data.jrc.ec.europa.eu/dataset/919df040-0252-4e4e-ad82-c054896e1641,10.2905/JRC.4800KC0
MT,Malta,1994,1.7964385127572,1.7964385127572,life-cycle GHG,JRC CoM Emission factors for national electricity 2024,Table3_EU_LC,https://data.jrc.ec.europa.eu/dataset/919df040-0252-4e4e-ad82-c054896e1641,10.2905/JRC.4800KC0
NL,Netherlands,1994,0.723099159631793,0.723099159631793,life-cycle GHG,JRC CoM Emission factors for national electricity 2024,Table3_EU_LC,https://data.jrc.ec.europa.eu/dataset/919df040-0252-4e4e-ad82-c054896e1641,10.2905/JRC.4800KC0
PL,Poland,1994,1.5872778928051,1.5872778928051,life-cycle GHG,JRC CoM Emission factors for national electricity 2024,Table3_EU_LC,https://data.jrc.ec.europa.eu/dataset/919df040-0252-4e4e-ad82-c054896e1641,10.2905/JRC.4800KC0
PT,Portugal,1994,0.709548741632264,0.709548741632264,life-cycle GHG,JRC CoM Emission factors for national electricity 2024,Table3_EU_LC,https://data.jrc.ec.europa.eu/dataset/919df040-0252-4e4e-ad82-c054896e1641,10.2905/JRC.4800KC0
RO,Romania,1994,1.20151986978229,1.20151986978229,life-cycle GHG,JRC CoM Emission factors for national electricity 2024,Table3_EU_LC,https://data.jrc.ec.europa.eu/dataset/919df040-0252-4e4e-ad82-c054896e1641,10.2905/JRC.4800KC0
SE,Sweden,1994,0.0399427311473921,0.0399427311473921,life-cycle GHG,JRC CoM Emission factors for national electricity 2024,Table3_EU_LC,https://data.jrc.ec.europa.eu/dataset/919df040-0252-4e4e-ad82-c054896e1641,10.2905/JRC.4800KC0
SI,Slovenia,1994,0.457401385776695,0.457401385776695,life-cycle GHG,JRC CoM Emission factors for national electricity 2024,Table3_EU_LC,https://data.jrc.ec.europa.eu/dataset/919df040-0252-4e4e-ad82-c054896e1641,10.2905/JRC.4800KC0
SK,Slovakia,1994,0.539500718101141,0.539500718101141,life-cycle GHG,JRC CoM Emission factors for national electricity 2024,Table3_EU_LC,https://data.jrc.ec.europa.eu/dataset/919df040-0252-4e4e-ad82-c054896e1641,10.2905/JRC.4800KC0
AT,Austria,1995,0.357856473279325,0.357856473279325,life-cycle GHG,JRC CoM Emission factors for national electricity 2024,Table3_EU_LC,https://data.jrc.ec.europa.eu/dataset/919df040-0252-4e4e-ad82-c054896e1641,10.2905/JRC.4800KC0
BE,Belgium,1995,0.462116406881756,0.462116406881756,life-cycle GHG,JRC CoM Emission factors for national electricity 2024,Table3_EU_LC,https://data.jrc.ec.europa.eu/dataset/919df040-0252-4e4e-ad82-c054896e1641,10.2905/JRC.4800KC0
BG,Bulgaria,1995,0.849287968102544,0.849287968102544,life-cycle GHG,JRC CoM Emission factors for national electricity 2024,Table3_EU_LC,https://data.jrc.ec.europa.eu/dataset/919df040-0252-4e4e-ad82-c054896e1641,10.2905/JRC.4800KC0
CY,Cyprus,1995,1.15468471749887,1.15468471749887,life-cycle GHG,JRC CoM Emission factors for national electricity 2024,Table3_EU_LC,https://data.jrc.ec.europa.eu/dataset/919df040-0252-4e4e-ad82-c054896e1641,10.2905/JRC.4800KC0
CZ,Czechia,1995,1.09528718747872,1.09528718747872,life-cycle GHG,JRC CoM Emission factors for national electricity 2024,Table3_EU_LC,https://data.jrc.ec.europa.eu/dataset/919df040-0252-4e4e-ad82-c054896e1641,10.2905/JRC.4800KC0
DE,Germany,1995,0.746488544149014,0.746488544149014,life-cycle GHG,JRC CoM Emission factors for national electricity 2024,Table3_EU_LC,https://data.jrc.ec.europa.eu/dataset/919df040-0252-4e4e-ad82-c054896e1641,10.2905/JRC.4800KC0
DK,Denmark,1995,0.730010970434549,0.730010970434549,life-cycle GHG,JRC CoM Emission factors for national electricity 2024,Table3_EU_LC,https://data.jrc.ec.europa.eu/dataset/919df040-0252-4e4e-ad82-c054896e1641,10.2905/JRC.4800KC0
EE,Estonia,1995,2.88947358596314,2.88947358596314,life-cycle GHG,JRC CoM Emission factors for national electricity 2024,Table3_EU_LC,https://data.jrc.ec.europa.eu/dataset/919df040-0252-4e4e-ad82-c054896e1641,10.2905/JRC.4800KC0
EL,Greece,1995,1.16042022085898,1.16042022085898,life-cycle GHG,JRC CoM Emission factors for national electricity 2024,Table3_EU_LC,https://data.jrc.ec.europa.eu/dataset/919df040-0252-4e4e-ad82-c054896e1641,10.2905/JRC.4800KC0
ES,Spain,1995,0.633053864808165,0.633053864808165,life-cycle GHG,JRC CoM Emission factors for national electricity 2024,Table3_EU_LC,https://data.jrc.ec.europa.eu/dataset/919df040-0252-4e4e-ad82-c054896e1641,10.2905/JRC.4800KC0
FI,Finland,1995,0.260392519837237,0.260392519837237,life-cycle GHG,JRC CoM Emission factors for national electricity 2024,Table3_EU_LC,https://data.jrc.ec.europa.eu/dataset/919df040-0252-4e4e-ad82-c054896e1641,10.2905/JRC.4800KC0
FR,France,1995,0.109348827831617,0.109348827831617,life-cycle GHG,JRC CoM Emission factors for national electricity 2024,Table3_EU_LC,https://data.jrc.ec.europa.eu/dataset/919df040-0252-4e4e-ad82-c054896e1641,10.2905/JRC.4800KC0
HR,Croatia,1995,0.256231876361965,0.256231876361965,life-cycle GHG,JRC CoM Emission factors for national electricity 2024,Table3_EU_LC,https://data.jrc.ec.europa.eu/dataset/919df040-0252-4e4e-ad82-c054896e1641,10.2905/JRC.4800KC0
HU,Hungary,1995,0.818329778900606,0.818329778900606,life-cycle GHG,JRC CoM Emission factors for national electricity 2024,Table3_EU_LC,https://data.jrc.ec.europa.eu/dataset/919df040-0252-4e4e-ad82-c054896e1641,10.2905/JRC.4800KC0
IE,Ireland,1995,1.02043395177981,1.02043395177981,life-cycle GHG,JRC CoM Emission factors for national electricity 2024,Table3_EU_LC,https://data.jrc.ec.europa.eu/dataset/919df040-0252-4e4e-ad82-c054896e1641,10.2905/JRC.4800KC0
IT,Italy,1995,0.683505206166544,0.683505206166544,life-cycle GHG,JRC CoM Emission factors for national electricity 2024,Table3_EU_LC,https://data.jrc.ec.europa.eu/dataset/919df040-0252-4e4e-ad82-c054896e1641,10.2905/JRC.4800KC0
LT,Lithuania,1995,0.261315347688239,0.261315347688239,life-cycle GHG,JRC CoM Emission factors for national electricity 2024,Table3_EU_LC,https://data.jrc.ec.europa.eu/dataset/919df040-0252-4e4e-ad82-c054896e1641,10.2905/JRC.4800KC0
LU,Luxembourg,1995,0.75403408797031,0.75403408797031,life-cycle GHG,JRC CoM Emission factors for national electricity 2024,Table3_EU_LC,https://data.jrc.ec.europa.eu/dataset/919df040-0252-4e4e-ad82-c054896e1641,10.2905/JRC.4800KC0
LV,Latvia,1995,0.372003936480528,0.372003936480528,life-cycle GHG,JRC CoM Emission factors for national electricity 2024,Table3_EU_LC,https://data.jrc.ec.europa.eu/dataset/919df040-0252-4e4e-ad82-c054896e1641,10.2905/JRC.4800KC0
MT,Malta,1995,1.54232223828435,1.54232223828435,life-cycle GHG,JRC CoM Emission factors for national electricity 2024,Table3_EU_LC,https://data.jrc.ec.europa.eu/dataset/919df040-0252-4e4e-ad82-c054896e1641,10.2905/JRC.4800KC0
NL,Netherlands,1995,0.712810990536889,0.712810990536889,life-cycle GHG,JRC CoM Emission factors for national electricity 2024,Table3_EU_LC,https://data.jrc.ec.europa.eu/dataset/919df040-0252-4e4e-ad82-c054896e1641,10.2905/JRC.4800KC0
PL,Poland,1995,1.49955544081219,1.49955544081219,life-cycle GHG,JRC CoM Emission factors for national electricity 2024,Table3_EU_LC,https://data.jrc.ec.europa.eu/dataset/919df040-0252-4e4e-ad82-c054896e1641,10.2905/JRC.4800KC0
PT,Portugal,1995,0.808327969139063,0.808327969139063,life-cycle GHG,JRC CoM Emission factors for national electricity 2024,Table3_EU_LC,https://data.jrc.ec.europa.eu/dataset/919df040-0252-4e4e-ad82-c054896e1641,10.2905/JRC.4800KC0
RO,Romania,1995,1.13620151830518,1.13620151830518,life-cycle GHG,JRC CoM Emission factors for national electricity 2024,Table3_EU_LC,https://data.jrc.ec.europa.eu/dataset/919df040-0252-4e4e-ad82-c054896e1641,10.2905/JRC.4800KC0
SE,Sweden,1995,0.0276391301455421,0.0276391301455421,life-cycle GHG,JRC CoM Emission factors for national electricity 2024,Table3_EU_LC,https://data.jrc.ec.europa.eu/dataset/919df040-0252-4e4e-ad82-c054896e1641,10.2905/JRC.4800KC0
SI,Slovenia,1995,0.476389751267098,0.476389751267098,life-cycle GHG,JRC CoM Emission factors for national electricity 2024,Table3_EU_LC,https://data.jrc.ec.europa.eu/dataset/919df040-0252-4e4e-ad82-c054896e1641,10.2905/JRC.4800KC0
SK,Slovakia,1995,0.575229640278791,0.575229640278791,life-cycle GHG,JRC CoM Emission factors for national electricity 2024,Table3_EU_LC,https://data.jrc.ec.europa.eu/dataset/919df040-0252-4e4e-ad82-c054896e1641,10.2905/JRC.4800KC0
AT,Austria,1996,0.392323303981524,0.392323303981524,life-cycle GHG,JRC CoM Emission factors for national electricity 2024,Table3_EU_LC,https://data.jrc.ec.europa.eu/dataset/919df040-0252-4e4e-ad82-c054896e1641,10.2905/JRC.4800KC0
BE,Belgium,1996,0.442781234490191,0.442781234490191,life-cycle GHG,JRC CoM Emission factors for national electricity 2024,Table3_EU_LC,https://data.jrc.ec.europa.eu/dataset/919df040-0252-4e4e-ad82-c054896e1641,10.2905/JRC.4800KC0
BG,Bulgaria,1996,0.798533778382402,0.798533778382402,life-cycle GHG,JRC CoM Emission factors for national electricity 2024,Table3_EU_LC,https://data.jrc.ec.europa.eu/dataset/919df040-0252-4e4e-ad82-c054896e1641,10.2905/JRC.4800KC0
CY,Cyprus,1996,1.18113802131361,1.18113802131361,life-cycle GHG,JRC CoM Emission factors for national electricity 2024,Table3_EU_LC,https://data.jrc.ec.europa.eu/dataset/919df040-0252-4e4e-ad82-c054896e1641,10.2905/JRC.4800KC0
CZ,Czechia,1996,1.10838232830284,1.10838232830284,life-cycle GHG,JRC CoM Emission factors for national electricity 2024,Table3_EU_LC,https://data.jrc.ec.europa.eu/dataset/919df040-0252-4e4e-ad82-c054896e1641,10.2905/JRC.4800KC0
DE,Germany,1996,0.738005151718741,0.738005151718741,life-cycle GHG,JRC CoM Emission factors for national electricity 2024,Table3_EU_LC,https://data.jrc.ec.europa.eu/dataset/919df040-0252-4e4e-ad82-c054896e1641,10.2905/JRC.4800KC0
DK,Denmark,1996,0.830466314580286,0.830466314580286,life-cycle GHG,JRC CoM Emission factors for national electricity 2024,Table3_EU_LC,https://data.jrc.ec.europa.eu/dataset/919df040-0252-4e4e-ad82-c054896e1641,10.2905/JRC.4800KC0
EE,Estonia,1996,2.7625484229853,2.7625484229853,life-cycle GHG,JRC CoM Emission factors for national electricity 2024,Table3_EU_LC,https://data.jrc.ec.europa.eu/dataset/919df040-0252-4e4e-ad82-c054896e1641,10.2905/JRC.4800KC0
EL,Greece,1996,1.10353140859192,1.10353140859192,life-cycle GHG,JRC CoM Emission factors for national electricity 2024,Table3_EU_LC,https://data.jrc.ec.europa.eu/dataset/919df040-0252-4e4e-ad82-c054896e1641,10.2905/JRC.4800KC0
ES,Spain,1996,0.497276850076591,0.497276850076591,life-cycle GHG,JRC CoM Emission factors for national electricity 2024,Table3_EU_LC,https://data.jrc.ec.europa.eu/dataset/919df040-0252-4e4e-ad82-c054896e1641,10.2905/JRC.4800KC0
FI,Finland,1996,0.345458688587304,0.345458688587304,life-cycle GHG,JRC CoM Emission factors for national electricity 2024,Table3_EU_LC,https://data.jrc.ec.europa.eu/dataset/919df040-0252-4e4e-ad82-c054896e1641,10.2905/JRC.4800KC0
FR,France,1996,0.11227938028493,0.11227938028493,life-cycle GHG,JRC CoM Emission factors for national electricity 2024,Table3_EU_LC,https://data.jrc.ec.europa.eu/dataset/919df040-0252-4e4e-ad82-c054896e1641,10.2905/JRC.4800KC0
HR,Croatia,1996,0.204420561541238,0.204420561541238,life-cycle GHG,JRC CoM Emission factors for national electricity 2024,Table3_EU_LC,https://data.jrc.ec.europa.eu/dataset/919df040-0252-4e4e-ad82-c054896e1641,10.2905/JRC.4800KC0
HU,Hungary,1996,0.780374484213648,0.780374484213648,life-cycle GHG,JRC CoM Emission factors for national electricity 2024,Table3_EU_LC,https://data.jrc.ec.europa.eu/dataset/919df040-0252-4e4e-ad82-c054896e1641,10.2905/JRC.4800KC0
IE,Ireland,1996,0.998911285669146,0.998911285669146,life-cycle GHG,JRC CoM Emission factors for national electricity 2024,Table3_EU_LC,https://data.jrc.ec.europa.eu/dataset/919df040-0252-4e4e-ad82-c054896e1641,10.2905/JRC.4800KC0
IT,Italy,1996,0.662052531353738,0.662052531353738,life-cycle GHG,JRC CoM Emission factors for national electricity 2024,Table3_EU_LC,https://data.jrc.ec.europa.eu/dataset/919df040-0252-4e4e-ad82-c054896e1641,10.2905/JRC.4800KC0
LT,Lithuania,1996,0.315875067765965,0.315875067765965,life-cycle GHG,JRC CoM Emission factors for national electricity 2024,Table3_EU_LC,https://data.jrc.ec.europa.eu/dataset/919df040-0252-4e4e-ad82-c054896e1641,10.2905/JRC.4800KC0
LU,Luxembourg,1996,0.728461653802323,0.728461653802323,life-cycle GHG,JRC CoM Emission factors for national electricity 2024,Table3_EU_LC,https://data.jrc.ec.europa.eu/dataset/919df040-0252-4e4e-ad82-c054896e1641,10.2905/JRC.4800KC0
LV,Latvia,1996,0.495650664672276,0.495650664672276,life-cycle GHG,JRC CoM Emission factors for national electricity 2024,Table3_EU_LC,https://data.jrc.ec.europa.eu/dataset/919df040-0252-4e4e-ad82-c054896e1641,10.2905/JRC.4800KC0
MT,Malta,1996,1.51272061463778,1.51272061463778,life-cycle GHG,JRC CoM Emission factors for national electricity 2024,Table3_EU_LC,https://data.jrc.ec.europa.eu/dataset/919df040-0252-4e4e-ad82-c054896e1641,10.2905/JRC.4800KC0
NL,Netherlands,1996,0.692292744947938,0.692292744947938,life-cycle GHG,JRC CoM Emission factors for national electricity 2024,Table3_EU_LC,https://data.jrc.ec.europa.eu/dataset/919df040-0252-4e4e-ad82-c054896e1641,10.2905/JRC.4800KC0
PL,Poland,1996,1.45227604180294,1.45227604180294,life-cycle GHG,JRC CoM Emission factors for national electricity 2024,Table3_EU_LC,https://data.jrc.ec.europa.eu/dataset/919df040-0252-4e4e-ad82-c054896e1641,10.2905/JRC.4800KC0
PT,Portugal,1996,0.597352991610889,0.597352991610889,life-cycle GHG,JRC CoM Emission factors for national electricity 2024,Table3_EU_LC,https://data.jrc.ec.europa.eu/dataset/919df040-0252-4e4e-ad82-c054896e1641,10.2905/JRC.4800KC0
RO,Romania,1996,1.09323300667863,1.09323300667863,life-cycle GHG,JRC CoM Emission factors for national electricity 2024,Table3_EU_LC,https://data.jrc.ec.europa.eu/dataset/919df040-0252-4e4e-ad82-c054896e1641,10.2905/JRC.4800KC0
SE,Sweden,1996,0.10950549726065,0.10950549726065,life-cycle GHG,JRC CoM Emission factors for national electricity 2024,Table3_EU_LC,https://data.jrc.ec.europa.eu/dataset/919df040-0252-4e4e-ad82-c054896e1641,10.2905/JRC.4800KC0
SI,Slovenia,1996,0.445334488432111,0.445334488432111,life-cycle GHG,JRC CoM Emission factors for national electricity 2024,Table3_EU_LC,https://data.jrc.ec.europa.eu/dataset/919df040-0252-4e4e-ad82-c054896e1641,10.2905/JRC.4800KC0
SK,Slovakia,1996,0.591320477894001,0.591320477894001,life-cycle GHG,JRC CoM Emission factors for national electricity 2024,Table3_EU_LC,https://data.jrc.ec.europa.eu/dataset/919df040-0252-4e4e-ad82-c054896e1641,10.2905/JRC.4800KC0
AT,Austria,1997,0.375718019341402,0.375718019341402,life-cycle GHG,JRC CoM Emission factors for national electricity 2024,Table3_EU_LC,https://data.jrc.ec.europa.eu/dataset/919df040-0252-4e4e-ad82-c054896e1641,10.2905/JRC.4800KC0
BE,Belgium,1997,0.396771040639538,0.396771040639538,life-cycle GHG,JRC CoM Emission factors for national electricity 2024,Table3_EU_LC,https://data.jrc.ec.europa.eu/dataset/919df040-0252-4e4e-ad82-c054896e1641,10.2905/JRC.4800KC0
BG,Bulgaria,1997,0.870412897833683,0.870412897833683,life-cycle GHG,JRC CoM Emission factors for national electricity 2024,Table3_EU_LC,https://data.jrc.ec.europa.eu/dataset/919df040-0252-4e4e-ad82-c054896e1641,10.2905/JRC.4800KC0
CY,Cyprus,1997,1.20424799034424,1.20424799034424,life-cycle GHG,JRC CoM Emission factors for national electricity 2024,Table3_EU_LC,https://data.jrc.ec.europa.eu/dataset/919df040-0252-4e4e-ad82-c054896e1641,10.2905/JRC.4800KC0
CZ,Czechia,1997,1.04223173617373,1.04223173617373,life-cycle GHG,JRC CoM Emission factors for national electricity 2024,Table3_EU_LC,https://data.jrc.ec.europa.eu/dataset/919df040-0252-4e4e-ad82-c054896e1641,10.2905/JRC.4800KC0
DE,Germany,1997,0.713602301553446,0.713602301553446,life-cycle GHG,JRC CoM Emission factors for national electricity 2024,Table3_EU_LC,https://data.jrc.ec.europa.eu/dataset/919df040-0252-4e4e-ad82-c054896e1641,10.2905/JRC.4800KC0
DK,Denmark,1997,0.72204578166332,0.72204578166332,life-cycle GHG,JRC CoM Emission factors for national electricity 2024,Table3_EU_LC,https://data.jrc.ec.europa.eu/dataset/919df040-0252-4e4e-ad82-c054896e1641,10.2905/JRC.4800KC0
EE,Estonia,1997,2.55850354714666,2.55850354714666,life-cycle GHG,JRC CoM Emission factors for national electricity 2024,Table3_EU_LC,https://data.jrc.ec.europa.eu/dataset/919df040-0252-4e4e-ad82-c054896e1641,10.2905/JRC.4800KC0
EL,Greece,1997,1.14661268314522,1.14661268314522,life-cycle GHG,JRC CoM Emission factors for national electricity 2024,Table3_EU_LC,https://data.jrc.ec.europa.eu/dataset/919df040-0252-4e4e-ad82-c054896e1641,10.2905/JRC.4800KC0
ES,Spain,1997,0.544203309684461,0.544203309684461,life-cycle GHG,JRC CoM Emission factors for national electricity 2024,Table3_EU_LC,https://data.jrc.ec.europa.eu/dataset/919df040-0252-4e4e-ad82-c054896e1641,10.2905/JRC.4800KC0
FI,Finland,1997,0.296948176806465,0.296948176806465,life-cycle GHG,JRC CoM Emission factors for national electricity 2024,Table3_EU_LC,https://data.jrc.ec.europa.eu/dataset/919df040-0252-4e4e-ad82-c054896e1641,10.2905/JRC.4800KC0
FR,France,1997,0.103235685151158,0.103235685151158,life-cycle GHG,JRC CoM Emission factors for national electricity 2024,Table3_EU_LC,https://data.jrc.ec.europa.eu/dataset/919df040-0252-4e4e-ad82-c054896e1641,10.2905/JRC.4800KC0
HR,Croatia,1997,0.298785773301027,0.298785773301027,life-cycle GHG,JRC CoM Emission factors for national electricity 2024,Table3_EU_LC,https://data.jrc.ec.europa.eu/dataset/919df040-0252-4e4e-ad82-c054896e1641,10.2905/JRC.4800KC0
HU,Hungary,1997,0.791057666220409,0.791057666220409,life-cycle GHG,JRC CoM Emission factors for national electricity 2024,Table3_EU_LC,https://data.jrc.ec.europa.eu/dataset/919df040-0252-4e4e-ad82-c054896e1641,10.2905/JRC.4800KC0
IE,Ireland,1997,0.991785432831179,0.991785432831179,life-cycle GHG,JRC CoM Emission factors for national electricity 2024,Table3_EU_LC,https://data.jrc.ec.europa.eu/dataset/919df040-0252-4e4e-ad82-c054896e1641,10.2905/JRC.4800KC0
IT,Italy,1997,0.648308666135986,0.648308666135986,life-cycle GHG,JRC CoM Emission factors for national electricity 2024,Table3_EU_LC,https://data.jrc.ec.europa.eu/dataset/919df040-0252-4e4e-ad82-c054896e1641,10.2905/JRC.4800KC0
LT,Lithuania,1997,0.254459495151391,0.254459495151391,life-cycle GHG,JRC CoM Emission factors for national electricity 2024,Table3_EU_LC,https://data.jrc.ec.europa.eu/dataset/919df040-0252-4e4e-ad82-c054896e1641,10.2905/JRC.4800KC0
LU,Luxembourg,1997,0.68627230495075,0.68627230495075,life-cycle GHG,JRC CoM Emission factors for national electricity 2024,Table3_EU_LC,https://data.jrc.ec.europa.eu/dataset/919df040-0252-4e4e-ad82-c054896e1641,10.2905/JRC.4800KC0
LV,Latvia,1997,0.321172582517949,0.321172582517949,life-cycle GHG,JRC CoM Emission factors for national electricity 2024,Table3_EU_LC,https://data.jrc.ec.europa.eu/dataset/919df040-0252-4e4e-ad82-c054896e1641,10.2905/JRC.4800KC0
MT,Malta,1997,1.45438898161764,1.45438898161764,life-cycle GHG,JRC CoM Emission factors for national electricity 2024,Table3_EU_LC,https://data.jrc.ec.europa.eu/dataset/919df040-0252-4e4e-ad82-c054896e1641,10.2905/JRC.4800KC0
NL,Netherlands,1997,0.683080149004553,0.683080149004553,life-cycle GHG,JRC CoM Emission factors for national electricity 2024,Table3_EU_LC,https://data.jrc.ec.europa.eu/dataset/919df040-0252-4e4e-ad82-c054896e1641,10.2905/JRC.4800KC0
PL,Poland,1997,1.41644676261269,1.41644676261269,life-cycle GHG,JRC CoM Emission factors for national electricity 2024,Table3_EU_LC,https://data.jrc.ec.europa.eu/dataset/919df040-0252-4e4e-ad82-c054896e1641,10.2905/JRC.4800KC0
PT,Portugal,1997,0.639999521326259,0.639999521326259,life-cycle GHG,JRC CoM Emission factors for national electricity 2024,Table3_EU_LC,https://data.jrc.ec.europa.eu/dataset/919df040-0252-4e4e-ad82-c054896e1641,10.2905/JRC.4800KC0
RO,Romania,1997,0.851773357973885,0.851773357973885,life-cycle GHG,JRC CoM Emission factors for national electricity 2024,Table3_EU_LC,https://data.jrc.ec.europa.eu/dataset/919df040-0252-4e4e-ad82-c054896e1641,10.2905/JRC.4800KC0
SE,Sweden,1997,0.0581947830554984,0.0581947830554984,life-cycle GHG,JRC CoM Emission factors for national electricity 2024,Table3_EU_LC,https://data.jrc.ec.europa.eu/dataset/919df040-0252-4e4e-ad82-c054896e1641,10.2905/JRC.4800KC0
SI,Slovenia,1997,0.431430671514738,0.431430671514738,life-cycle GHG,JRC CoM Emission factors for national electricity 2024,Table3_EU_LC,https://data.jrc.ec.europa.eu/dataset/919df040-0252-4e4e-ad82-c054896e1641,10.2905/JRC.4800KC0
SK,Slovakia,1997,0.631949957734026,0.631949957734026,life-cycle GHG,JRC CoM Emission factors for national electricity 2024,Table3_EU_LC,https://data.jrc.ec.europa.eu/dataset/919df040-0252-4e4e-ad82-c054896e1641,10.2905/JRC.4800KC0
AT,Austria,1998,0.360862700228019,0.360862700228019,life-cycle GHG,JRC CoM Emission factors for national electricity 2024,Table3_EU_LC,https://data.jrc.ec.europa.eu/dataset/919df040-0252-4e4e-ad82-c054896e1641,10.2905/JRC.4800KC0
BE,Belgium,1998,0.421502739038122,0.421502739038122,life-cycle GHG,JRC CoM Emission factors for national electricity 2024,Table3_EU_LC,https://data.jrc.ec.europa.eu/dataset/919df040-0252-4e4e-ad82-c054896e1641,10.2905/JRC.4800KC0
BG,Bulgaria,1998,0.886031625184895,0.886031625184895,life-cycle GHG,JRC CoM Emission factors for national electricity 2024,Table3_EU_LC,https://data.jrc.ec.europa.eu/dataset/919df040-0252-4e4e-ad82-c054896e1641,10.2905/JRC.4800KC0
CY,Cyprus,1998,1.20600141873804,1.20600141873804,life-cycle GHG,JRC CoM Emission factors for national electricity 2024,Table3_EU_LC,https://data.jrc.ec.europa.eu/dataset/919df040-0252-4e4e-ad82-c054896e1641,10.2905/JRC.4800KC0
CZ,Czechia,1998,1.03919842188365,1.03919842188365,life-cycle GHG,JRC CoM Emission factors for national electricity 2024,Table3_EU_LC,https://data.jrc.ec.europa.eu/dataset/919df040-0252-4e4e-ad82-c054896e1641,10.2905/JRC.4800KC0
DE,Germany,1998,0.709464888567844,0.709464888567844,life-cycle GHG,JRC CoM Emission factors for national electricity 2024,Table3_EU_LC,https://data.jrc.ec.europa.eu/dataset/919df040-0252-4e4e-ad82-c054896e1641,10.2905/JRC.4800KC0
DK,Denmark,1998,0.665111702954744,0.665111702954744,life-cycle GHG,JRC CoM Emission factors for national electricity 2024,Table3_EU_LC,https://data.jrc.ec.europa.eu/dataset/919df040-0252-4e4e-ad82-c054896e1641,10.2905/JRC.4800KC0
EE,Estonia,1998,2.52644372751553,2.52644372751553,life-cycle GHG,JRC CoM Emission factors for national electricity 2024,Table3_EU_LC,https://data.jrc.ec.europa.eu/dataset/919df040-0252-4e4e-ad82-c054896e1641,10.2905/JRC.4800KC0
EL,Greece,1998,1.13238958653116,1.13238958653116,life-cycle GHG,JRC CoM Emission factors for national electricity 2024,Table3_EU_LC,https://data.jrc.ec.europa.eu/dataset/919df040-0252-4e4e-ad82-c054896e1641,10.2905/JRC.4800KC0
ES,Spain,1998,0.531815628045457,0.531815628045457,life-cycle GHG,JRC CoM Emission factors for national electricity 2024,Table3_EU_LC,https://data.jrc.ec.europa.eu/dataset/919df040-0252-4e4e-ad82-c054896e1641,10.2905/JRC.4800KC0
FI,Finland,1998,0.216570473810734,0.216570473810734,life-cycle GHG,JRC CoM Emission factors for national electricity 2024,Table3_EU_LC,https://data.jrc.ec.europa.eu/dataset/919df040-0252-4e4e-ad82-c054896e1641,10.2905/JRC.4800KC0
FR,France,1998,0.140130403238838,0.140130403238838,life-cycle GHG,JRC CoM Emission factors for national electricity 2024,Table3_EU_LC,https://data.jrc.ec.europa.eu/dataset/919df040-0252-4e4e-ad82-c054896e1641,10.2905/JRC.4800KC0
HR,Croatia,1998,0.380266909478171,0.380266909478171,life-cycle GHG,JRC CoM Emission factors for national electricity 2024,Table3_EU_LC,https://data.jrc.ec.europa.eu/dataset/919df040-0252-4e4e-ad82-c054896e1641,10.2905/JRC.4800KC0
HU,Hungary,1998,0.816887680248221,0.816887680248221,life-cycle GHG,JRC CoM Emission factors for national electricity 2024,Table3_EU_LC,https://data.jrc.ec.europa.eu/dataset/919df040-0252-4e4e-ad82-c054896e1641,10.2905/JRC.4800KC0
IE,Ireland,1998,0.997566692839048,0.997566692839048,life-cycle GHG,JRC CoM Emission factors for national electricity 2024,Table3_EU_LC,https://data.jrc.ec.europa.eu/dataset/919df040-0252-4e4e-ad82-c054896e1641,10.2905/JRC.4800KC0
IT,Italy,1998,0.653587168338057,0.653587168338057,life-cycle GHG,JRC CoM Emission factors for national electricity 2024,Table3_EU_LC,https://data.jrc.ec.europa.eu/dataset/919df040-0252-4e4e-ad82-c054896e1641,10.2905/JRC.4800KC0
LT,Lithuania,1998,0.297681642276402,0.297681642276402,life-cycle GHG,JRC CoM Emission factors for national electricity 2024,Table3_EU_LC,https://data.jrc.ec.europa.eu/dataset/919df040-0252-4e4e-ad82-c054896e1641,10.2905/JRC.4800KC0
LU,Luxembourg,1998,0.661144678944132,0.661144678944132,life-cycle GHG,JRC CoM Emission factors for national electricity 2024,Table3_EU_LC,https://data.jrc.ec.europa.eu/dataset/919df040-0252-4e4e-ad82-c054896e1641,10.2905/JRC.4800KC0
LV,Latvia,1998,0.196465995837326,0.196465995837326,life-cycle GHG,JRC CoM Emission factors for national electricity 2024,Table3_EU_LC,https://data.jrc.ec.europa.eu/dataset/919df040-0252-4e4e-ad82-c054896e1641,10.2905/JRC.4800KC0
MT,Malta,1998,1.43168041940085,1.43168041940085,life-cycle GHG,JRC CoM Emission factors for national electricity 2024,Table3_EU_LC,https://data.jrc.ec.europa.eu/dataset/919df040-0252-4e4e-ad82-c054896e1641,10.2905/JRC.4800KC0
NL,Netherlands,1998,0.672534879225515,0.672534879225515,life-cycle GHG,JRC CoM Emission factors for national electricity 2024,Table3_EU_LC,https://data.jrc.ec.europa.eu/dataset/919df040-0252-4e4e-ad82-c054896e1641,10.2905/JRC.4800KC0
PL,Poland,1998,1.37310318911246,1.37310318911246,life-cycle GHG,JRC CoM Emission factors for national electricity 2024,Table3_EU_LC,https://data.jrc.ec.europa.eu/dataset/919df040-0252-4e4e-ad82-c054896e1641,10.2905/JRC.4800KC0
PT,Portugal,1998,0.645413468217243,0.645413468217243,life-cycle GHG,JRC CoM Emission factors for national electricity 2024,Table3_EU_LC,https://data.jrc.ec.europa.eu/dataset/919df040-0252-4e4e-ad82-c054896e1641,10.2905/JRC.4800KC0
RO,Romania,1998,0.735028191615288,0.735028191615288,life-cycle GHG,JRC CoM Emission factors for national electricity 2024,Table3_EU_LC,https://data.jrc.ec.europa.eu/dataset/919df040-0252-4e4e-ad82-c054896e1641,10.2905/JRC.4800KC0
SE,Sweden,1998,0.0404923427513674,0.0404923427513674,life-cycle GHG,JRC CoM Emission factors for national electricity 2024,Table3_EU_LC,https://data.jrc.ec.europa.eu/dataset/919df040-0252-4e4e-ad82-c054896e1641,10.2905/JRC.4800KC0
SI,Slovenia,1998,0.456878015469703,0.456878015469703,life-cycle GHG,JRC CoM Emission factors for national electricity 2024,Table3_EU_LC,https://data.jrc.ec.europa.eu/dataset/919df040-0252-4e4e-ad82-c054896e1641,10.2905/JRC.4800KC0
SK,Slovakia,1998,0.605843016489816,0.605843016489816,life-cycle GHG,JRC CoM Emission factors for national electricity 2024,Table3_EU_LC,https://data.jrc.ec.europa.eu/dataset/919df040-0252-4e4e-ad82-c054896e1641,10.2905/JRC.4800KC0
AT,Austria,1999,0.354124097418532,0.354124097418532,life-cycle GHG,JRC CoM Emission factors for national electricity 2024,Table3_EU_LC,https://data.jrc.ec.europa.eu/dataset/919df040-0252-4e4e-ad82-c054896e1641,10.2905/JRC.4800KC0
BE,Belgium,1999,0.370806481503376,0.370806481503376,life-cycle GHG,JRC CoM Emission factors for national electricity 2024,Table3_EU_LC,https://data.jrc.ec.europa.eu/dataset/919df040-0252-4e4e-ad82-c054896e1641,10.2905/JRC.4800KC0
BG,Bulgaria,1999,0.854197322066526,0.854197322066526,life-cycle GHG,JRC CoM Emission factors for national electricity 2024,Table3_EU_LC,https://data.jrc.ec.europa.eu/dataset/919df040-0252-4e4e-ad82-c054896e1641,10.2905/JRC.4800KC0
CY,Cyprus,1999,1.21513941221098,1.21513941221098,life-cycle GHG,JRC CoM Emission factors for national electricity 2024,Table3_EU_LC,https://data.jrc.ec.europa.eu/dataset/919df040-0252-4e4e-ad82-c054896e1641,10.2905/JRC.4800KC0
CZ,Czechia,1999,0.981999400240786,0.981999400240786,life-cycle GHG,JRC CoM Emission factors for national electricity 2024,Table3_EU_LC,https://data.jrc.ec.europa.eu/dataset/919df040-0252-4e4e-ad82-c054896e1641,10.2905/JRC.4800KC0
DE,Germany,1999,0.674113746560407,0.674113746560407,life-cycle GHG,JRC CoM Emission factors for national electricity 2024,Table3_EU_LC,https://data.jrc.ec.europa.eu/dataset/919df040-0252-4e4e-ad82-c054896e1641,10.2905/JRC.4800KC0
DK,Denmark,1999,0.592698472530698,0.592698472530698,life-cycle GHG,JRC CoM Emission factors for national electricity 2024,Table3_EU_LC,https://data.jrc.ec.europa.eu/dataset/919df040-0252-4e4e-ad82-c054896e1641,10.2905/JRC.4800KC0
EE,Estonia,1999,2.53059593696639,2.53059593696639,life-cycle GHG,JRC CoM Emission factors for national electricity 2024,Table3_EU_LC,https://data.jrc.ec.europa.eu/dataset/919df040-0252-4e4e-ad82-c054896e1641,10.2905/JRC.4800KC0
EL,Greece,1999,1.08613175286379,1.08613175286379,life-cycle GHG,JRC CoM Emission factors for national electricity 2024,Table3_EU_LC,https://data.jrc.ec.europa.eu/dataset/919df040-0252-4e4e-ad82-c054896e1641,10.2905/JRC.4800KC0
ES,Spain,1999,0.620448254997643,0.620448254997643,life-cycle GHG,JRC CoM Emission factors for national electricity 2024,Table3_EU_LC,https://data.jrc.ec.europa.eu/dataset/919df040-0252-4e4e-ad82-c054896e1641,10.2905/JRC.4800KC0
FI,Finland,1999,0.211923987681927,0.211923987681927,life-cycle GHG,JRC CoM Emission factors for national electricity 2024,Table3_EU_LC,https://data.jrc.ec.europa.eu/dataset/919df040-0252-4e4e-ad82-c054896e1641,10.2905/JRC.4800KC0
FR,France,1999,0.12299215100869,0.12299215100869,life-cycle GHG,JRC CoM Emission factors for national electricity 2024,Table3_EU_LC,https://data.jrc.ec.europa.eu/dataset/919df040-0252-4e4e-ad82-c054896e1641,10.2905/JRC.4800KC0
HR,Croatia,1999,0.367854422850466,0.367854422850466,life-cycle GHG,JRC CoM Emission factors for national electricity 2024,Table3_EU_LC,https://data.jrc.ec.europa.eu/dataset/919df040-0252-4e4e-ad82-c054896e1641,10.2905/JRC.4800KC0
HU,Hungary,1999,0.821323587286163,0.821323587286163,life-cycle GHG,JRC CoM Emission factors for national electricity 2024,Table3_EU_LC,https://data.jrc.ec.europa.eu/dataset/919df040-0252-4e4e-ad82-c054896e1641,10.2905/JRC.4800KC0
IE,Ireland,1999,0.979044440439431,0.979044440439431,life-cycle GHG,JRC CoM Emission factors for national electricity 2024,Table3_EU_LC,https://data.jrc.ec.europa.eu/dataset/919df040-0252-4e4e-ad82-c054896e1641,10.2905/JRC.4800KC0
IT,Italy,1999,0.633526102173685,0.633526102173685,life-cycle GHG,JRC CoM Emission factors for national electricity 2024,Table3_EU_LC,https://data.jrc.ec.europa.eu/dataset/919df040-0252-4e4e-ad82-c054896e1641,10.2905/JRC.4800KC0
LT,Lithuania,1999,0.292772744306048,0.292772744306048,life-cycle GHG,JRC CoM Emission factors for national electricity 2024,Table3_EU_LC,https://data.jrc.ec.europa.eu/dataset/919df040-0252-4e4e-ad82-c054896e1641,10.2905/JRC.4800KC0
LU,Luxembourg,1999,0.591481020820809,0.591481020820809,life-cycle GHG,JRC CoM Emission factors for national electricity 2024,Table3_EU_LC,https://data.jrc.ec.europa.eu/dataset/919df040-0252-4e4e-ad82-c054896e1641,10.2905/JRC.4800KC0
LV,Latvia,1999,0.408311516619825,0.408311516619825,life-cycle GHG,JRC CoM Emission factors for national electricity 2024,Table3_EU_LC,https://data.jrc.ec.europa.eu/dataset/919df040-0252-4e4e-ad82-c054896e1641,10.2905/JRC.4800KC0
MT,Malta,1999,1.38658859300791,1.38658859300791,life-cycle GHG,JRC CoM Emission factors for national electricity 2024,Table3_EU_LC,https://data.jrc.ec.europa.eu/dataset/919df040-0252-4e4e-ad82-c054896e1641,10.2905/JRC.4800KC0
NL,Netherlands,1999,0.634159370684019,0.634159370684019,life-cycle GHG,JRC CoM Emission factors for national electricity 2024,Table3_EU_LC,https://data.jrc.ec.europa.eu/dataset/919df040-0252-4e4e-ad82-c054896e1641,10.2905/JRC.4800KC0
PL,Poland,1999,1.36523112915387,1.36523112915387,life-cycle GHG,JRC CoM Emission factors for national electricity 2024,Table3_EU_LC,https://data.jrc.ec.europa.eu/dataset/919df040-0252-4e4e-ad82-c054896e1641,10.2905/JRC.4800KC0
PT,Portugal,1999,0.760672255301659,0.760672255301659,life-cycle GHG,JRC CoM Emission factors for national electricity 2024,Table3_EU_LC,https://data.jrc.ec.europa.eu/dataset/919df040-0252-4e4e-ad82-c054896e1641,10.2905/JRC.4800KC0
RO,Romania,1999,0.784321490517309,0.784321490517309,life-cycle GHG,JRC CoM Emission factors for national electricity 2024,Table3_EU_LC,https://data.jrc.ec.europa.eu/dataset/919df040-0252-4e4e-ad82-c054896e1641,10.2905/JRC.4800KC0
SE,Sweden,1999,0.0330491243613336,0.0330491243613336,life-cycle GHG,JRC CoM Emission factors for national electricity 2024,Table3_EU_LC,https://data.jrc.ec.europa.eu/dataset/919df040-0252-4e4e-ad82-c054896e1641,10.2905/JRC.4800KC0
SI,Slovenia,1999,0.401397769706238,0.401397769706238,life-cycle GHG,JRC CoM Emission factors for national electricity 2024,Table3_EU_LC,https://data.jrc.ec.europa.eu/dataset/919df040-0252-4e4e-ad82-c054896e1641,10.2905/JRC.4800KC0
SK,Slovakia,1999,0.572876663304242,0.572876663304242,life-cycle GHG,JRC CoM Emission factors for national electricity 2024,Table3_EU_LC,https://data.jrc.ec.europa.eu/dataset/919df040-0252-4e4e-ad82-c054896e1641,10.2905/JRC.4800KC0
AT,Austria,2000,0.354939807173292,0.354939807173292,life-cycle GHG,JRC CoM Emission factors for national electricity 2024,Table3_EU_LC,https://data.jrc.ec.europa.eu/dataset/919df040-0252-4e4e-ad82-c054896e1641,10.2905/JRC.4800KC0
BE,Belgium,2000,0.366284073314356,0.366284073314356,life-cycle GHG,JRC CoM Emission factors for national electricity 2024,Table3_EU_LC,https://data.jrc.ec.europa.eu/dataset/919df040-0252-4e4e-ad82-c054896e1641,10.2905/JRC.4800KC0
BG,Bulgaria,2000,0.782081760269779,0.782081760269779,life-cycle GHG,JRC CoM Emission factors for national electricity 2024,Table3_EU_LC,https://data.jrc.ec.europa.eu/dataset/919df040-0252-4e4e-ad82-c054896e1641,10.2905/JRC.4800KC0
CY,Cyprus,2000,1.17861416622162,1.17861416622162,life-cycle GHG,JRC CoM Emission factors for national electricity 2024,Table3_EU_LC,https://data.jrc.ec.europa.eu/dataset/919df040-0252-4e4e-ad82-c054896e1641,10.2905/JRC.4800KC0
CZ,Czechia,2000,0.985602767025493,0.985602767025493,life-cycle GHG,JRC CoM Emission factors for national electricity 2024,Table3_EU_LC,https://data.jrc.ec.europa.eu/dataset/919df040-0252-4e4e-ad82-c054896e1641,10.2905/JRC.4800KC0
DE,Germany,2000,0.675881200159164,0.675881200159164,life-cycle GHG,JRC CoM Emission factors for national electricity 2024,Table3_EU_LC,https://data.jrc.ec.europa.eu/dataset/919df040-0252-4e4e-ad82-c054896e1641,10.2905/JRC.4800KC0
DK,Denmark,2000,0.493902259824928,0.493902259824928,life-cycle GHG,JRC CoM Emission factors for national electricity 2024,Table3_EU_LC,https://data.jrc.ec.europa.eu/dataset/919df040-0252-4e4e-ad82-c054896e1641,10.2905/JRC.4800KC0
EE,Estonia,2000,2.19951898402723,2.19951898402723,life-cycle GHG,JRC CoM Emission factors for national electricity 2024,Table3_EU_LC,https://data.jrc.ec.europa.eu/dataset/919df040-0252-4e4e-ad82-c054896e1641,10.2905/JRC.4800KC0
EL,Greece,2000,1.09884463191583,1.09884463191583,life-cycle GHG,JRC CoM Emission factors for national electricity 2024,Table3_EU_LC,https://data.jrc.ec.europa.eu/dataset/919df040-0252-4e4e-ad82-c054896e1641,10.2905/JRC.4800KC0
ES,Spain,2000,0.597678506608732,0.597678506608732,life-cycle GHG,JRC CoM Emission factors for national electricity 2024,Table3_EU_LC,https://data.jrc.ec.europa.eu/dataset/919df040-0252-4e4e-ad82-c054896e1641,10.2905/JRC.4800KC0
FI,Finland,2000,0.191313344467909,0.191313344467909,life-cycle GHG,JRC CoM Emission factors for national electricity 2024,Table3_EU_LC,https://data.jrc.ec.europa.eu/dataset/919df040-0252-4e4e-ad82-c054896e1641,10.2905/JRC.4800KC0
FR,France,2000,0.104896781003028,0.104896781003028,life-cycle GHG,JRC CoM Emission factors for national electricity 2024,Table3_EU_LC,https://data.jrc.ec.europa.eu/dataset/919df040-0252-4e4e-ad82-c054896e1641,10.2905/JRC.4800KC0
HR,Croatia,2000,0.320562942541285,0.320562942541285,life-cycle GHG,JRC CoM Emission factors for national electricity 2024,Table3_EU_LC,https://data.jrc.ec.europa.eu/dataset/919df040-0252-4e4e-ad82-c054896e1641,10.2905/JRC.4800KC0
HU,Hungary,2000,0.71098959247785,0.71098959247785,life-cycle GHG,JRC CoM Emission factors for national electricity 2024,Table3_EU_LC,https://data.jrc.ec.europa.eu/dataset/919df040-0252-4e4e-ad82-c054896e1641,10.2905/JRC.4800KC0
IE,Ireland,2000,0.911500209567974,0.911500209567974,life-cycle GHG,JRC CoM Emission factors for national electricity 2024,Table3_EU_LC,https://data.jrc.ec.europa.eu/dataset/919df040-0252-4e4e-ad82-c054896e1641,10.2905/JRC.4800KC0
IT,Italy,2000,0.640917960638401,0.640917960638401,life-cycle GHG,JRC CoM Emission factors for national electricity 2024,Table3_EU_LC,https://data.jrc.ec.europa.eu/dataset/919df040-0252-4e4e-ad82-c054896e1641,10.2905/JRC.4800KC0
LT,Lithuania,2000,0.249921761426867,0.249921761426867,life-cycle GHG,JRC CoM Emission factors for national electricity 2024,Table3_EU_LC,https://data.jrc.ec.europa.eu/dataset/919df040-0252-4e4e-ad82-c054896e1641,10.2905/JRC.4800KC0
LU,Luxembourg,2000,0.580144171273702,0.580144171273702,life-cycle GHG,JRC CoM Emission factors for national electricity 2024,Table3_EU_LC,https://data.jrc.ec.europa.eu/dataset/919df040-0252-4e4e-ad82-c054896e1641,10.2905/JRC.4800KC0
LV,Latvia,2000,0.490241339997104,0.490241339997104,life-cycle GHG,JRC CoM Emission factors for national electricity 2024,Table3_EU_LC,https://data.jrc.ec.europa.eu/dataset/919df040-0252-4e4e-ad82-c054896e1641,10.2905/JRC.4800KC0
MT,Malta,2000,1.26427623867262,1.26427623867262,life-cycle GHG,JRC CoM Emission factors for national electricity 2024,Table3_EU_LC,https://data.jrc.ec.europa.eu/dataset/919df040-0252-4e4e-ad82-c054896e1641,10.2905/JRC.4800KC0
NL,Netherlands,2000,0.637944073833957,0.637944073833957,life-cycle GHG,JRC CoM Emission factors for national electricity 2024,Table3_EU_LC,https://data.jrc.ec.europa.eu/dataset/919df040-0252-4e4e-ad82-c054896e1641,10.2905/JRC.4800KC0
PL,Poland,2000,1.33817010044941,1.33817010044941,life-cycle GHG,JRC CoM Emission factors for national electricity 2024,Table3_EU_LC,https://data.jrc.ec.europa.eu/dataset/919df040-0252-4e4e-ad82-c054896e1641,10.2905/JRC.4800KC0
PT,Portugal,2000,0.672149656792148,0.672149656792148,life-cycle GHG,JRC CoM Emission factors for national electricity 2024,Table3_EU_LC,https://data.jrc.ec.europa.eu/dataset/919df040-0252-4e4e-ad82-c054896e1641,10.2905/JRC.4800KC0
RO,Romania,2000,0.841822770905354,0.841822770905354,life-cycle GHG,JRC CoM Emission factors for national electricity 2024,Table3_EU_LC,https://data.jrc.ec.europa.eu/dataset/919df040-0252-4e4e-ad82-c054896e1641,10.2905/JRC.4800KC0
SE,Sweden,2000,0.030321440736082,0.030321440736082,life-cycle GHG,JRC CoM Emission factors for national electricity 2024,Table3_EU_LC,https://data.jrc.ec.europa.eu/dataset/919df040-0252-4e4e-ad82-c054896e1641,10.2905/JRC.4800KC0
SI,Slovenia,2000,0.366018522623337,0.366018522623337,life-cycle GHG,JRC CoM Emission factors for national electricity 2024,Table3_EU_LC,https://data.jrc.ec.europa.eu/dataset/919df040-0252-4e4e-ad82-c054896e1641,10.2905/JRC.4800KC0
SK,Slovakia,2000,0.504765256463881,0.504765256463881,life-cycle GHG,JRC CoM Emission factors for national electricity 2024,Table3_EU_LC,https://data.jrc.ec.europa.eu/dataset/919df040-0252-4e4e-ad82-c054896e1641,10.2905/JRC.4800KC0
AT,Austria,2001,0.376636238722733,0.376636238722733,life-cycle GHG,JRC CoM Emission factors for national electricity 2024,Table3_EU_LC,https://data.jrc.ec.europa.eu/dataset/919df040-0252-4e4e-ad82-c054896e1641,10.2905/JRC.4800KC0
BE,Belgium,2001,0.344562033794934,0.344562033794934,life-cycle GHG,JRC CoM Emission factors for national electricity 2024,Table3_EU_LC,https://data.jrc.ec.europa.eu/dataset/919df040-0252-4e4e-ad82-c054896e1641,10.2905/JRC.4800KC0
BG,Bulgaria,2001,0.84697140936153,0.84697140936153,life-cycle GHG,JRC CoM Emission factors for national electricity 2024,Table3_EU_LC,https://data.jrc.ec.europa.eu/dataset/919df040-0252-4e4e-ad82-c054896e1641,10.2905/JRC.4800KC0
CY,Cyprus,2001,1.10917978874598,1.10917978874598,life-cycle GHG,JRC CoM Emission factors for national electricity 2024,Table3_EU_LC,https://data.jrc.ec.europa.eu/dataset/919df040-0252-4e4e-ad82-c054896e1641,10.2905/JRC.4800KC0
CZ,Czechia,2001,0.985492106553558,0.985492106553558,life-cycle GHG,JRC CoM Emission factors for national electricity 2024,Table3_EU_LC,https://data.jrc.ec.europa.eu/dataset/919df040-0252-4e4e-ad82-c054896e1641,10.2905/JRC.4800KC0
DE,Germany,2001,0.693173407332131,0.693173407332131,life-cycle GHG,JRC CoM Emission factors for national electricity 2024,Table3_EU_LC,https://data.jrc.ec.europa.eu/dataset/919df040-0252-4e4e-ad82-c054896e1641,10.2905/JRC.4800KC0
DK,Denmark,2001,0.545896011145715,0.545896011145715,life-cycle GHG,JRC CoM Emission factors for national electricity 2024,Table3_EU_LC,https://data.jrc.ec.europa.eu/dataset/919df040-0252-4e4e-ad82-c054896e1641,10.2905/JRC.4800KC0
EE,Estonia,2001,2.10902188149354,2.10902188149354,life-cycle GHG,JRC CoM Emission factors for national electricity 2024,Table3_EU_LC,https://data.jrc.ec.europa.eu/dataset/919df040-0252-4e4e-ad82-c054896e1641,10.2905/JRC.4800KC0
EL,Greece,2001,1.1208000520498,1.1208000520498,life-cycle GHG,JRC CoM Emission factors for national electricity 2024,Table3_EU_LC,https://data.jrc.ec.europa.eu/dataset/919df040-0252-4e4e-ad82-c054896e1641,10.2905/JRC.4800KC0
ES,Spain,2001,0.527393249494898,0.527393249494898,life-cycle GHG,JRC CoM Emission factors for national electricity 2024,Table3_EU_LC,https://data.jrc.ec.europa.eu/dataset/919df040-0252-4e4e-ad82-c054896e1641,10.2905/JRC.4800KC0
FI,Finland,2001,0.24036446915105,0.24036446915105,life-cycle GHG,JRC CoM Emission factors for national electricity 2024,Table3_EU_LC,https://data.jrc.ec.europa.eu/dataset/919df040-0252-4e4e-ad82-c054896e1641,10.2905/JRC.4800KC0
FR,France,2001,0.084938180168116,0.084938180168116,life-cycle GHG,JRC CoM Emission factors for national electricity 2024,Table3_EU_LC,https://data.jrc.ec.europa.eu/dataset/919df040-0252-4e4e-ad82-c054896e1641,10.2905/JRC.4800KC0
HR,Croatia,2001,0.371286949451496,0.371286949451496,life-cycle GHG,JRC CoM Emission factors for national electricity 2024,Table3_EU_LC,https://data.jrc.ec.europa.eu/dataset/919df040-0252-4e4e-ad82-c054896e1641,10.2905/JRC.4800KC0
HU,Hungary,2001,0.681108051359239,0.681108051359239,life-cycle GHG,JRC CoM Emission factors for national electricity 2024,Table3_EU_LC,https://data.jrc.ec.europa.eu/dataset/919df040-0252-4e4e-ad82-c054896e1641,10.2905/JRC.4800KC0
IE,Ireland,2001,0.939532609440513,0.939532609440513,life-cycle GHG,JRC CoM Emission factors for national electricity 2024,Table3_EU_LC,https://data.jrc.ec.europa.eu/dataset/919df040-0252-4e4e-ad82-c054896e1641,10.2905/JRC.4800KC0
IT,Italy,2001,0.609619223676396,0.609619223676396,life-cycle GHG,JRC CoM Emission factors for national electricity 2024,Table3_EU_LC,https://data.jrc.ec.europa.eu/dataset/919df040-0252-4e4e-ad82-c054896e1641,10.2905/JRC.4800KC0
LT,Lithuania,2001,0.252303442904961,0.252303442904961,life-cycle GHG,JRC CoM Emission factors for national electricity 2024,Table3_EU_LC,https://data.jrc.ec.europa.eu/dataset/919df040-0252-4e4e-ad82-c054896e1641,10.2905/JRC.4800KC0
LU,Luxembourg,2001,0.59193623130411,0.59193623130411,life-cycle GHG,JRC CoM Emission factors for national electricity 2024,Table3_EU_LC,https://data.jrc.ec.europa.eu/dataset/919df040-0252-4e4e-ad82-c054896e1641,10.2905/JRC.4800KC0
LV,Latvia,2001,0.431348110456474,0.431348110456474,life-cycle GHG,JRC CoM Emission factors for national electricity 2024,Table3_EU_LC,https://data.jrc.ec.europa.eu/dataset/919df040-0252-4e4e-ad82-c054896e1641,10.2905/JRC.4800KC0
MT,Malta,2001,1.57346335818992,1.57346335818992,life-cycle GHG,JRC CoM Emission factors for national electricity 2024,Table3_EU_LC,https://data.jrc.ec.europa.eu/dataset/919df040-0252-4e4e-ad82-c054896e1641,10.2905/JRC.4800KC0
NL,Netherlands,2001,0.67095258554607,0.67095258554607,life-cycle GHG,JRC CoM Emission factors for national electricity 2024,Table3_EU_LC,https://data.jrc.ec.europa.eu/dataset/919df040-0252-4e4e-ad82-c054896e1641,10.2905/JRC.4800KC0
PL,Poland,2001,1.31262037721452,1.31262037721452,life-cycle GHG,JRC CoM Emission factors for national electricity 2024,Table3_EU_LC,https://data.jrc.ec.europa.eu/dataset/919df040-0252-4e4e-ad82-c054896e1641,10.2905/JRC.4800KC0
PT,Portugal,2001,0.627627110070856,0.627627110070856,life-cycle GHG,JRC CoM Emission factors for national electricity 2024,Table3_EU_LC,https://data.jrc.ec.europa.eu/dataset/919df040-0252-4e4e-ad82-c054896e1641,10.2905/JRC.4800KC0
RO,Romania,2001,0.782831495699855,0.782831495699855,life-cycle GHG,JRC CoM Emission factors for national electricity 2024,Table3_EU_LC,https://data.jrc.ec.europa.eu/dataset/919df040-0252-4e4e-ad82-c054896e1641,10.2905/JRC.4800KC0
SE,Sweden,2001,0.041323225012061,0.041323225012061,life-cycle GHG,JRC CoM Emission factors for national electricity 2024,Table3_EU_LC,https://data.jrc.ec.europa.eu/dataset/919df040-0252-4e4e-ad82-c054896e1641,10.2905/JRC.4800KC0
SI,Slovenia,2001,0.397901741236828,0.397901741236828,life-cycle GHG,JRC CoM Emission factors for national electricity 2024,Table3_EU_LC,https://data.jrc.ec.europa.eu/dataset/919df040-0252-4e4e-ad82-c054896e1641,10.2905/JRC.4800KC0
SK,Slovakia,2001,0.465853167759429,0.465853167759429,life-cycle GHG,JRC CoM Emission factors for national electricity 2024,Table3_EU_LC,https://data.jrc.ec.europa.eu/dataset/919df040-0252-4e4e-ad82-c054896e1641,10.2905/JRC.4800KC0
AT,Austria,2002,0.383647256506524,0.383647256506524,life-cycle GHG,JRC CoM Emission factors for national electricity 2024,Table3_EU_LC,https://data.jrc.ec.europa.eu/dataset/919df040-0252-4e4e-ad82-c054896e1641,10.2905/JRC.4800KC0
BE,Belgium,2002,0.340860191972119,0.340860191972119,life-cycle GHG,JRC CoM Emission factors for national electricity 2024,Table3_EU_LC,https://data.jrc.ec.europa.eu/dataset/919df040-0252-4e4e-ad82-c054896e1641,10.2905/JRC.4800KC0
BG,Bulgaria,2002,0.783677837291297,0.783677837291297,life-cycle GHG,JRC CoM Emission factors for national electricity 2024,Table3_EU_LC,https://data.jrc.ec.europa.eu/dataset/919df040-0252-4e4e-ad82-c054896e1641,10.2905/JRC.4800KC0
CY,Cyprus,2002,1.056176977548,1.056176977548,life-cycle GHG,JRC CoM Emission factors for national electricity 2024,Table3_EU_LC,https://data.jrc.ec.europa.eu/dataset/919df040-0252-4e4e-ad82-c054896e1641,10.2905/JRC.4800KC0
CZ,Czechia,2002,0.954692660809299,0.954692660809299,life-cycle GHG,JRC CoM Emission factors for national electricity 2024,Table3_EU_LC,https://data.jrc.ec.europa.eu/dataset/919df040-0252-4e4e-ad82-c054896e1641,10.2905/JRC.4800KC0
DE,Germany,2002,0.679633179721174,0.679633179721174,life-cycle GHG,JRC CoM Emission factors for national electricity 2024,Table3_EU_LC,https://data.jrc.ec.europa.eu/dataset/919df040-0252-4e4e-ad82-c054896e1641,10.2905/JRC.4800KC0
DK,Denmark,2002,0.511132764913759,0.511132764913759,life-cycle GHG,JRC CoM Emission factors for national electricity 2024,Table3_EU_LC,https://data.jrc.ec.europa.eu/dataset/919df040-0252-4e4e-ad82-c054896e1641,10.2905/JRC.4800KC0
EE,Estonia,2002,1.99475800313367,1.99475800313367,life-cycle GHG,JRC CoM Emission factors for national electricity 2024,Table3_EU_LC,https://data.jrc.ec.europa.eu/dataset/919df040-0252-4e4e-ad82-c054896e1641,10.2905/JRC.4800KC0
EL,Greece,2002,1.06465070070012,1.06465070070012,life-cycle GHG,JRC CoM Emission factors for national electricity 2024,Table3_EU_LC,https://data.jrc.ec.europa.eu/dataset/919df040-0252-4e4e-ad82-c054896e1641,10.2905/JRC.4800KC0
ES,Spain,2002,0.611499676662873,0.611499676662873,life-cycle GHG,JRC CoM Emission factors for national electricity 2024,Table3_EU_LC,https://data.jrc.ec.europa.eu/dataset/919df040-0252-4e4e-ad82-c054896e1641,10.2905/JRC.4800KC0
FI,Finland,2002,0.25960540985078,0.25960540985078,life-cycle GHG,JRC CoM Emission factors for national electricity 2024,Table3_EU_LC,https://data.jrc.ec.europa.eu/dataset/919df040-0252-4e4e-ad82-c054896e1641,10.2905/JRC.4800KC0
FR,France,2002,0.0932325954880062,0.0932325954880062,life-cycle GHG,JRC CoM Emission factors for national electricity 2024,Table3_EU_LC,https://data.jrc.ec.europa.eu/dataset/919df040-0252-4e4e-ad82-c054896e1641,10.2905/JRC.4800KC0
HR,Croatia,2002,0.424612034087196,0.424612034087196,life-cycle GHG,JRC CoM Emission factors for national electricity 2024,Table3_EU_LC,https://data.jrc.ec.europa.eu/dataset/919df040-0252-4e4e-ad82-c054896e1641,10.2905/JRC.4800KC0
HU,Hungary,2002,0.624890859276531,0.624890859276531,life-cycle GHG,JRC CoM Emission factors for national electricity 2024,Table3_EU_LC,https://data.jrc.ec.europa.eu/dataset/919df040-0252-4e4e-ad82-c054896e1641,10.2905/JRC.4800KC0
IE,Ireland,2002,0.892442174450861,0.892442174450861,life-cycle GHG,JRC CoM Emission factors for national electricity 2024,Table3_EU_LC,https://data.jrc.ec.europa.eu/dataset/919df040-0252-4e4e-ad82-c054896e1641,10.2905/JRC.4800KC0
IT,Italy,2002,0.639044548675066,0.639044548675066,life-cycle GHG,JRC CoM Emission factors for national electricity 2024,Table3_EU_LC,https://data.jrc.ec.europa.eu/dataset/919df040-0252-4e4e-ad82-c054896e1641,10.2905/JRC.4800KC0
LT,Lithuania,2002,0.220505435084618,0.220505435084618,life-cycle GHG,JRC CoM Emission factors for national electricity 2024,Table3_EU_LC,https://data.jrc.ec.europa.eu/dataset/919df040-0252-4e4e-ad82-c054896e1641,10.2905/JRC.4800KC0
LU,Luxembourg,2002,0.62286283575391,0.62286283575391,life-cycle GHG,JRC CoM Emission factors for national electricity 2024,Table3_EU_LC,https://data.jrc.ec.europa.eu/dataset/919df040-0252-4e4e-ad82-c054896e1641,10.2905/JRC.4800KC0
LV,Latvia,2002,0.353767787314573,0.353767787314573,life-cycle GHG,JRC CoM Emission factors for national electricity 2024,Table3_EU_LC,https://data.jrc.ec.europa.eu/dataset/919df040-0252-4e4e-ad82-c054896e1641,10.2905/JRC.4800KC0
MT,Malta,2002,1.4607022172601,1.4607022172601,life-cycle GHG,JRC CoM Emission factors for national electricity 2024,Table3_EU_LC,https://data.jrc.ec.europa.eu/dataset/919df040-0252-4e4e-ad82-c054896e1641,10.2905/JRC.4800KC0
NL,Netherlands,2002,0.637475975188052,0.637475975188052,life-cycle GHG,JRC CoM Emission factors for national electricity 2024,Table3_EU_LC,https://data.jrc.ec.europa.eu/dataset/919df040-0252-4e4e-ad82-c054896e1641,10.2905/JRC.4800KC0
PL,Poland,2002,1.30392761088565,1.30392761088565,life-cycle GHG,JRC CoM Emission factors for national electricity 2024,Table3_EU_LC,https://data.jrc.ec.europa.eu/dataset/919df040-0252-4e4e-ad82-c054896e1641,10.2905/JRC.4800KC0
PT,Portugal,2002,0.718930497243316,0.718930497243316,life-cycle GHG,JRC CoM Emission factors for national electricity 2024,Table3_EU_LC,https://data.jrc.ec.europa.eu/dataset/919df040-0252-4e4e-ad82-c054896e1641,10.2905/JRC.4800KC0
RO,Romania,2002,0.793855134506219,0.793855134506219,life-cycle GHG,JRC CoM Emission factors for national electricity 2024,Table3_EU_LC,https://data.jrc.ec.europa.eu/dataset/919df040-0252-4e4e-ad82-c054896e1641,10.2905/JRC.4800KC0
SE,Sweden,2002,0.0568282578172728,0.0568282578172728,life-cycle GHG,JRC CoM Emission factors for national electricity 2024,Table3_EU_LC,https://data.jrc.ec.europa.eu/dataset/919df040-0252-4e4e-ad82-c054896e1641,10.2905/JRC.4800KC0
SI,Slovenia,2002,0.416866958223498,0.416866958223498,life-cycle GHG,JRC CoM Emission factors for national electricity 2024,Table3_EU_LC,https://data.jrc.ec.europa.eu/dataset/919df040-0252-4e4e-ad82-c054896e1641,10.2905/JRC.4800KC0
SK,Slovakia,2002,0.45833601340179,0.45833601340179,life-cycle GHG,JRC CoM Emission factors for national electricity 2024,Table3_EU_LC,https://data.jrc.ec.europa.eu/dataset/919df040-0252-4e4e-ad82-c054896e1641,10.2905/JRC.4800KC0
AT,Austria,2003,0.439150606666983,0.439150606666983,life-cycle GHG,JRC CoM Emission factors for national electricity 2024,Table3_EU_LC,https://data.jrc.ec.europa.eu/dataset/919df040-0252-4e4e-ad82-c054896e1641,10.2905/JRC.4800KC0
BE,Belgium,2003,0.351606360680146,0.351606360680146,life-cycle GHG,JRC CoM Emission factors for national electricity 2024,Table3_EU_LC,https://data.jrc.ec.europa.eu/dataset/919df040-0252-4e4e-ad82-c054896e1641,10.2905/JRC.4800KC0
BG,Bulgaria,2003,0.852431457185695,0.852431457185695,life-cycle GHG,JRC CoM Emission factors for national electricity 2024,Table3_EU_LC,https://data.jrc.ec.europa.eu/dataset/919df040-0252-4e4e-ad82-c054896e1641,10.2905/JRC.4800KC0
CY,Cyprus,2003,1.15716573944048,1.15716573944048,life-cycle GHG,JRC CoM Emission factors for national electricity 2024,Table3_EU_LC,https://data.jrc.ec.europa.eu/dataset/919df040-0252-4e4e-ad82-c054896e1641,10.2905/JRC.4800KC0
CZ,Czechia,2003,0.887483251084858,0.887483251084858,life-cycle GHG,JRC CoM Emission factors for national electricity 2024,Table3_EU_LC,https://data.jrc.ec.europa.eu/dataset/919df040-0252-4e4e-ad82-c054896e1641,10.2905/JRC.4800KC0
DE,Germany,2003,0.647419590061328,0.647419590061328,life-cycle GHG,JRC CoM Emission factors for national electricity 2024,Table3_EU_LC,https://data.jrc.ec.europa.eu/dataset/919df040-0252-4e4e-ad82-c054896e1641,10.2905/JRC.4800KC0
DK,Denmark,2003,0.602939898816458,0.602939898816458,life-cycle GHG,JRC CoM Emission factors for national electricity 2024,Table3_EU_LC,https://data.jrc.ec.europa.eu/dataset/919df040-0252-4e4e-ad82-c054896e1641,10.2905/JRC.4800KC0
EE,Estonia,2003,2.07951680518134,2.07951680518134,life-cycle GHG,JRC CoM Emission factors for national electricity 2024,Table3_EU_LC,https://data.jrc.ec.europa.eu/dataset/919df040-0252-4e4e-ad82-c054896e1641,10.2905/JRC.4800KC0
EL,Greece,2003,1.03432198214869,1.03432198214869,life-cycle GHG,JRC CoM Emission factors for national electricity 2024,Table3_EU_LC,https://data.jrc.ec.europa.eu/dataset/919df040-0252-4e4e-ad82-c054896e1641,10.2905/JRC.4800KC0
ES,Spain,2003,0.534530259183148,0.534530259183148,life-cycle GHG,JRC CoM Emission factors for national electricity 2024,Table3_EU_LC,https://data.jrc.ec.europa.eu/dataset/919df040-0252-4e4e-ad82-c054896e1641,10.2905/JRC.4800KC0
FI,Finland,2003,0.338168140284483,0.338168140284483,life-cycle GHG,JRC CoM Emission factors for national electricity 2024,Table3_EU_LC,https://data.jrc.ec.europa.eu/dataset/919df040-0252-4e4e-ad82-c054896e1641,10.2905/JRC.4800KC0
FR,France,2003,0.102591110792889,0.102591110792889,life-cycle GHG,JRC CoM Emission factors for national electricity 2024,Table3_EU_LC,https://data.jrc.ec.europa.eu/dataset/919df040-0252-4e4e-ad82-c054896e1641,10.2905/JRC.4800KC0
HR,Croatia,2003,0.452562350104163,0.452562350104163,life-cycle GHG,JRC CoM Emission factors for national electricity 2024,Table3_EU_LC,https://data.jrc.ec.europa.eu/dataset/919df040-0252-4e4e-ad82-c054896e1641,10.2905/JRC.4800KC0
HU,Hungary,2003,0.701518987803842,0.701518987803842,life-cycle GHG,JRC CoM Emission factors for national electricity 2024,Table3_EU_LC,https://data.jrc.ec.europa.eu/dataset/919df040-0252-4e4e-ad82-c054896e1641,10.2905/JRC.4800KC0
IE,Ireland,2003,0.813577469293036,0.813577469293036,life-cycle GHG,JRC CoM Emission factors for national electricity 2024,Table3_EU_LC,https://data.jrc.ec.europa.eu/dataset/919df040-0252-4e4e-ad82-c054896e1641,10.2905/JRC.4800KC0
IT,Italy,2003,0.651808336270681,0.651808336270681,life-cycle GHG,JRC CoM Emission factors for national electricity 2024,Table3_EU_LC,https://data.jrc.ec.europa.eu/dataset/919df040-0252-4e4e-ad82-c054896e1641,10.2905/JRC.4800KC0
LT,Lithuania,2003,0.216747703789595,0.216747703789595,life-cycle GHG,JRC CoM Emission factors for national electricity 2024,Table3_EU_LC,https://data.jrc.ec.europa.eu/dataset/919df040-0252-4e4e-ad82-c054896e1641,10.2905/JRC.4800KC0
LU,Luxembourg,2003,0.588905469220522,0.588905469220522,life-cycle GHG,JRC CoM Emission factors for national electricity 2024,Table3_EU_LC,https://data.jrc.ec.europa.eu/dataset/919df040-0252-4e4e-ad82-c054896e1641,10.2905/JRC.4800KC0
LV,Latvia,2003,0.501825454250527,0.501825454250527,life-cycle GHG,JRC CoM Emission factors for national electricity 2024,Table3_EU_LC,https://data.jrc.ec.europa.eu/dataset/919df040-0252-4e4e-ad82-c054896e1641,10.2905/JRC.4800KC0
MT,Malta,2003,1.48431881284606,1.48431881284606,life-cycle GHG,JRC CoM Emission factors for national electricity 2024,Table3_EU_LC,https://data.jrc.ec.europa.eu/dataset/919df040-0252-4e4e-ad82-c054896e1641,10.2905/JRC.4800KC0
NL,Netherlands,2003,0.650493024229909,0.650493024229909,life-cycle GHG,JRC CoM Emission factors for national electricity 2024,Table3_EU_LC,https://data.jrc.ec.europa.eu/dataset/919df040-0252-4e4e-ad82-c054896e1641,10.2905/JRC.4800KC0
PL,Poland,2003,1.29866067735602,1.29866067735602,life-cycle GHG,JRC CoM Emission factors for national electricity 2024,Table3_EU_LC,https://data.jrc.ec.europa.eu/dataset/919df040-0252-4e4e-ad82-c054896e1641,10.2905/JRC.4800KC0
PT,Portugal,2003,0.579062698410592,0.579062698410592,life-cycle GHG,JRC CoM Emission factors for national electricity 2024,Table3_EU_LC,https://data.jrc.ec.europa.eu/dataset/919df040-0252-4e4e-ad82-c054896e1641,10.2905/JRC.4800KC0
RO,Romania,2003,0.911712630268192,0.911712630268192,life-cycle GHG,JRC CoM Emission factors for national electricity 2024,Table3_EU_LC,https://data.jrc.ec.europa.eu/dataset/919df040-0252-4e4e-ad82-c054896e1641,10.2905/JRC.4800KC0
SE,Sweden,2003,0.115402169205829,0.115402169205829,life-cycle GHG,JRC CoM Emission factors for national electricity 2024,Table3_EU_LC,https://data.jrc.ec.europa.eu/dataset/919df040-0252-4e4e-ad82-c054896e1641,10.2905/JRC.4800KC0
SI,Slovenia,2003,0.426731705985939,0.426731705985939,life-cycle GHG,JRC CoM Emission factors for national electricity 2024,Table3_EU_LC,https://data.jrc.ec.europa.eu/dataset/919df040-0252-4e4e-ad82-c054896e1641,10.2905/JRC.4800KC0
SK,Slovakia,2003,0.526090684718443,0.526090684718443,life-cycle GHG,JRC CoM Emission factors for national electricity 2024,Table3_EU_LC,https://data.jrc.ec.europa.eu/dataset/919df040-0252-4e4e-ad82-c054896e1641,10.2905/JRC.4800KC0
AT,Austria,2004,0.409981463251196,0.409981463251196,life-cycle GHG,JRC CoM Emission factors for national electricity 2024,Table3_EU_LC,https://data.jrc.ec.europa.eu/dataset/919df040-0252-4e4e-ad82-c054896e1641,10.2905/JRC.4800KC0
BE,Belgium,2004,0.357100903920462,0.357100903920462,life-cycle GHG,JRC CoM Emission factors for national electricity 2024,Table3_EU_LC,https://data.jrc.ec.europa.eu/dataset/919df040-0252-4e4e-ad82-c054896e1641,10.2905/JRC.4800KC0
BG,Bulgaria,2004,0.822141851186684,0.822141851186684,life-cycle GHG,JRC CoM Emission factors for national electricity 2024,Table3_EU_LC,https://data.jrc.ec.europa.eu/dataset/919df040-0252-4e4e-ad82-c054896e1641,10.2905/JRC.4800KC0
CY,Cyprus,2004,1.08168798926748,1.08168798926748,life-cycle GHG,JRC CoM Emission factors for national electricity 2024,Table3_EU_LC,https://data.jrc.ec.europa.eu/dataset/919df040-0252-4e4e-ad82-c054896e1641,10.2905/JRC.4800KC0
CZ,Czechia,2004,0.90381292804762,0.90381292804762,life-cycle GHG,JRC CoM Emission factors for national electricity 2024,Table3_EU_LC,https://data.jrc.ec.europa.eu/dataset/919df040-0252-4e4e-ad82-c054896e1641,10.2905/JRC.4800KC0
DE,Germany,2004,0.635385647889341,0.635385647889341,life-cycle GHG,JRC CoM Emission factors for national electricity 2024,Table3_EU_LC,https://data.jrc.ec.europa.eu/dataset/919df040-0252-4e4e-ad82-c054896e1641,10.2905/JRC.4800KC0
DK,Denmark,2004,0.466033783753788,0.466033783753788,life-cycle GHG,JRC CoM Emission factors for national electricity 2024,Table3_EU_LC,https://data.jrc.ec.europa.eu/dataset/919df040-0252-4e4e-ad82-c054896e1641,10.2905/JRC.4800KC0
EE,Estonia,2004,1.98739793570412,1.98739793570412,life-cycle GHG,JRC CoM Emission factors for national electricity 2024,Table3_EU_LC,https://data.jrc.ec.europa.eu/dataset/919df040-0252-4e4e-ad82-c054896e1641,10.2905/JRC.4800KC0
EL,Greece,2004,1.03520214289207,1.03520214289207,life-cycle GHG,JRC CoM Emission factors for national electricity 2024,Table3_EU_LC,https://data.jrc.ec.europa.eu/dataset/919df040-0252-4e4e-ad82-c054896e1641,10.2905/JRC.4800KC0
ES,Spain,2004,0.539473149158684,0.539473149158684,life-cycle GHG,JRC CoM Emission factors for national electricity 2024,Table3_EU_LC,https://data.jrc.ec.europa.eu/dataset/919df040-0252-4e4e-ad82-c054896e1641,10.2905/JRC.4800KC0
FI,Finland,2004,0.28765037818768,0.28765037818768,life-cycle GHG,JRC CoM Emission factors for national electricity 2024,Table3_EU_LC,https://data.jrc.ec.europa.eu/dataset/919df040-0252-4e4e-ad82-c054896e1641,10.2905/JRC.4800KC0
FR,France,2004,0.0973801781514943,0.0973801781514943,life-cycle GHG,JRC CoM Emission factors for national electricity 2024,Table3_EU_LC,https://data.jrc.ec.europa.eu/dataset/919df040-0252-4e4e-ad82-c054896e1641,10.2905/JRC.4800KC0
HR,Croatia,2004,0.309184950509739,0.309184950509739,life-cycle GHG,JRC CoM Emission factors for national electricity 2024,Table3_EU_LC,https://data.jrc.ec.europa.eu/dataset/919df040-0252-4e4e-ad82-c054896e1641,10.2905/JRC.4800KC0
HU,Hungary,2004,0.659392467356562,0.659392467356562,life-cycle GHG,JRC CoM Emission factors for national electricity 2024,Table3_EU_LC,https://data.jrc.ec.europa.eu/dataset/919df040-0252-4e4e-ad82-c054896e1641,10.2905/JRC.4800KC0
IE,Ireland,2004,0.810837919805656,0.810837919805656,life-cycle GHG,JRC CoM Emission factors for national electricity 2024,Table3_EU_LC,https://data.jrc.ec.europa.eu/dataset/919df040-0252-4e4e-ad82-c054896e1641,10.2905/JRC.4800KC0
IT,Italy,2004,0.642495714403544,0.642495714403544,life-cycle GHG,JRC CoM Emission factors for national electricity 2024,Table3_EU_LC,https://data.jrc.ec.europa.eu/dataset/919df040-0252-4e4e-ad82-c054896e1641,10.2905/JRC.4800KC0
LT,Lithuania,2004,0.206273430876346,0.206273430876346,life-cycle GHG,JRC CoM Emission factors for national electricity 2024,Table3_EU_LC,https://data.jrc.ec.europa.eu/dataset/919df040-0252-4e4e-ad82-c054896e1641,10.2905/JRC.4800KC0
LU,Luxembourg,2004,0.56694885186413,0.56694885186413,life-cycle GHG,JRC CoM Emission factors for national electricity 2024,Table3_EU_LC,https://data.jrc.ec.europa.eu/dataset/919df040-0252-4e4e-ad82-c054896e1641,10.2905/JRC.4800KC0
LV,Latvia,2004,0.489370007001698,0.489370007001698,life-cycle GHG,JRC CoM Emission factors for national electricity 2024,Table3_EU_LC,https://data.jrc.ec.europa.eu/dataset/919df040-0252-4e4e-ad82-c054896e1641,10.2905/JRC.4800KC0
MT,Malta,2004,1.42451209944134,1.42451209944134,life-cycle GHG,JRC CoM Emission factors for national electricity 2024,Table3_EU_LC,https://data.jrc.ec.europa.eu/dataset/919df040-0252-4e4e-ad82-c054896e1641,10.2905/JRC.4800KC0
NL,Netherlands,2004,0.660644926197326,0.660644926197326,life-cycle GHG,JRC CoM Emission factors for national electricity 2024,Table3_EU_LC,https://data.jrc.ec.europa.eu/dataset/919df040-0252-4e4e-ad82-c054896e1641,10.2905/JRC.4800KC0
PL,Poland,2004,1.27813113611777,1.27813113611777,life-cycle GHG,JRC CoM Emission factors for national electricity 2024,Table3_EU_LC,https://data.jrc.ec.europa.eu/dataset/919df040-0252-4e4e-ad82-c054896e1641,10.2905/JRC.4800KC0
PT,Portugal,2004,0.629813881390428,0.629813881390428,life-cycle GHG,JRC CoM Emission factors for national electricity 2024,Table3_EU_LC,https://data.jrc.ec.europa.eu/dataset/919df040-0252-4e4e-ad82-c054896e1641,10.2905/JRC.4800KC0
RO,Romania,2004,0.790889169487341,0.790889169487341,life-cycle GHG,JRC CoM Emission factors for national electricity 2024,Table3_EU_LC,https://data.jrc.ec.europa.eu/dataset/919df040-0252-4e4e-ad82-c054896e1641,10.2905/JRC.4800KC0
SE,Sweden,2004,0.0760772803936477,0.0760772803936477,life-cycle GHG,JRC CoM Emission factors for national electricity 2024,Table3_EU_LC,https://data.jrc.ec.europa.eu/dataset/919df040-0252-4e4e-ad82-c054896e1641,10.2905/JRC.4800KC0
SI,Slovenia,2004,0.409487920381961,0.409487920381961,life-cycle GHG,JRC CoM Emission factors for national electricity 2024,Table3_EU_LC,https://data.jrc.ec.europa.eu/dataset/919df040-0252-4e4e-ad82-c054896e1641,10.2905/JRC.4800KC0
SK,Slovakia,2004,0.491111775395091,0.491111775395091,life-cycle GHG,JRC CoM Emission factors for national electricity 2024,Table3_EU_LC,https://data.jrc.ec.europa.eu/dataset/919df040-0252-4e4e-ad82-c054896e1641,10.2905/JRC.4800KC0
AT,Austria,2005,0.429297164023986,0.429297164023986,life-cycle GHG,JRC CoM Emission factors for national electricity 2024,Table3_EU_LC,https://data.jrc.ec.europa.eu/dataset/919df040-0252-4e4e-ad82-c054896e1641,10.2905/JRC.4800KC0
BE,Belgium,2005,0.361474908325724,0.361474908325724,life-cycle GHG,JRC CoM Emission factors for national electricity 2024,Table3_EU_LC,https://data.jrc.ec.europa.eu/dataset/919df040-0252-4e4e-ad82-c054896e1641,10.2905/JRC.4800KC0
BG,Bulgaria,2005,0.773549968720704,0.773549968720704,life-cycle GHG,JRC CoM Emission factors for national electricity 2024,Table3_EU_LC,https://data.jrc.ec.europa.eu/dataset/919df040-0252-4e4e-ad82-c054896e1641,10.2905/JRC.4800KC0
CY,Cyprus,2005,1.08944138896639,1.08944138896639,life-cycle GHG,JRC CoM Emission factors for national electricity 2024,Table3_EU_LC,https://data.jrc.ec.europa.eu/dataset/919df040-0252-4e4e-ad82-c054896e1641,10.2905/JRC.4800KC0
CZ,Czechia,2005,0.927954066193734,0.927954066193734,life-cycle GHG,JRC CoM Emission factors for national electricity 2024,Table3_EU_LC,https://data.jrc.ec.europa.eu/dataset/919df040-0252-4e4e-ad82-c054896e1641,10.2905/JRC.4800KC0
DE,Germany,2005,0.627371697745259,0.627371697745259,life-cycle GHG,JRC CoM Emission factors for national electricity 2024,Table3_EU_LC,https://data.jrc.ec.europa.eu/dataset/919df040-0252-4e4e-ad82-c054896e1641,10.2905/JRC.4800KC0
DK,Denmark,2005,0.326582718699722,0.326582718699722,life-cycle GHG,JRC CoM Emission factors for national electricity 2024,Table3_EU_LC,https://data.jrc.ec.europa.eu/dataset/919df040-0252-4e4e-ad82-c054896e1641,10.2905/JRC.4800KC0
EE,Estonia,2005,1.96787445794063,1.96787445794063,life-cycle GHG,JRC CoM Emission factors for national electricity 2024,Table3_EU_LC,https://data.jrc.ec.europa.eu/dataset/919df040-0252-4e4e-ad82-c054896e1641,10.2905/JRC.4800KC0
EL,Greece,2005,1.03173149060786,1.03173149060786,life-cycle GHG,JRC CoM Emission factors for national electricity 2024,Table3_EU_LC,https://data.jrc.ec.europa.eu/dataset/919df040-0252-4e4e-ad82-c054896e1641,10.2905/JRC.4800KC0
ES,Spain,2005,0.562521497290801,0.562521497290801,life-cycle GHG,JRC CoM Emission factors for national electricity 2024,Table3_EU_LC,https://data.jrc.ec.europa.eu/dataset/919df040-0252-4e4e-ad82-c054896e1641,10.2905/JRC.4800KC0
FI,Finland,2005,0.168541254862461,0.168541254862461,life-cycle GHG,JRC CoM Emission factors for national electricity 2024,Table3_EU_LC,https://data.jrc.ec.europa.eu/dataset/919df040-0252-4e4e-ad82-c054896e1641,10.2905/JRC.4800KC0
FR,France,2005,0.120276046585431,0.120276046585431,life-cycle GHG,JRC CoM Emission factors for national electricity 2024,Table3_EU_LC,https://data.jrc.ec.europa.eu/dataset/919df040-0252-4e4e-ad82-c054896e1641,10.2905/JRC.4800KC0
HR,Croatia,2005,0.232827839374837,0.232827839374837,life-cycle GHG,JRC CoM Emission factors for national electricity 2024,Table3_EU_LC,https://data.jrc.ec.europa.eu/dataset/919df040-0252-4e4e-ad82-c054896e1641,10.2905/JRC.4800KC0
HU,Hungary,2005,0.56331770066842,0.56331770066842,life-cycle GHG,JRC CoM Emission factors for national electricity 2024,Table3_EU_LC,https://data.jrc.ec.europa.eu/dataset/919df040-0252-4e4e-ad82-c054896e1641,10.2905/JRC.4800KC0
IE,Ireland,2005,0.795628539078297,0.795628539078297,life-cycle GHG,JRC CoM Emission factors for national electricity 2024,Table3_EU_LC,https://data.jrc.ec.europa.eu/dataset/919df040-0252-4e4e-ad82-c054896e1641,10.2905/JRC.4800KC0
IT,Italy,2005,0.61864243163089,0.61864243163089,life-cycle GHG,JRC CoM Emission factors for national electricity 2024,Table3_EU_LC,https://data.jrc.ec.europa.eu/dataset/919df040-0252-4e4e-ad82-c054896e1641,10.2905/JRC.4800KC0
LT,Lithuania,2005,0.204166314044982,0.204166314044982,life-cycle GHG,JRC CoM Emission factors for national electricity 2024,Table3_EU_LC,https://data.jrc.ec.europa.eu/dataset/919df040-0252-4e4e-ad82-c054896e1641,10.2905/JRC.4800KC0
LU,Luxembourg,2005,0.580552908007754,0.580552908007754,life-cycle GHG,JRC CoM Emission factors for national electricity 2024,Table3_EU_LC,https://data.jrc.ec.europa.eu/dataset/919df040-0252-4e4e-ad82-c054896e1641,10.2905/JRC.4800KC0
LV,Latvia,2005,0.505535420404098,0.505535420404098,life-cycle GHG,JRC CoM Emission factors for national electricity 2024,Table3_EU_LC,https://data.jrc.ec.europa.eu/dataset/919df040-0252-4e4e-ad82-c054896e1641,10.2905/JRC.4800KC0
MT,Malta,2005,1.30696432938643,1.30696432938643,life-cycle GHG,JRC CoM Emission factors for national electricity 2024,Table3_EU_LC,https://data.jrc.ec.europa.eu/dataset/919df040-0252-4e4e-ad82-c054896e1641,10.2905/JRC.4800KC0
NL,Netherlands,2005,0.638210656625643,0.638210656625643,life-cycle GHG,JRC CoM Emission factors for national electricity 2024,Table3_EU_LC,https://data.jrc.ec.europa.eu/dataset/919df040-0252-4e4e-ad82-c054896e1641,10.2905/JRC.4800KC0
PL,Poland,2005,1.25758870395336,1.25758870395336,life-cycle GHG,JRC CoM Emission factors for national electricity 2024,Table3_EU_LC,https://data.jrc.ec.europa.eu/dataset/919df040-0252-4e4e-ad82-c054896e1641,10.2905/JRC.4800KC0
PT,Portugal,2005,0.692170417842438,0.692170417842438,life-cycle GHG,JRC CoM Emission factors for national electricity 2024,Table3_EU_LC,https://data.jrc.ec.europa.eu/dataset/919df040-0252-4e4e-ad82-c054896e1641,10.2905/JRC.4800KC0
RO,Romania,2005,0.699712018578577,0.699712018578577,life-cycle GHG,JRC CoM Emission factors for national electricity 2024,Table3_EU_LC,https://data.jrc.ec.europa.eu/dataset/919df040-0252-4e4e-ad82-c054896e1641,10.2905/JRC.4800KC0
SE,Sweden,2005,0.0398337439129101,0.0398337439129101,life-cycle GHG,JRC CoM Emission factors for national electricity 2024,Table3_EU_LC,https://data.jrc.ec.europa.eu/dataset/919df040-0252-4e4e-ad82-c054896e1641,10.2905/JRC.4800KC0
SI,Slovenia,2005,0.426198386652298,0.426198386652298,life-cycle GHG,JRC CoM Emission factors for national electricity 2024,Table3_EU_LC,https://data.jrc.ec.europa.eu/dataset/919df040-0252-4e4e-ad82-c054896e1641,10.2905/JRC.4800KC0
SK,Slovakia,2005,0.487694030495044,0.487694030495044,life-cycle GHG,JRC CoM Emission factors for national electricity 2024,Table3_EU_LC,https://data.jrc.ec.europa.eu/dataset/919df040-0252-4e4e-ad82-c054896e1641,10.2905/JRC.4800KC0
AT,Austria,2006,0.422773150499785,0.422773150499785,life-cycle GHG,JRC CoM Emission factors for national electricity 2024,Table3_EU_LC,https://data.jrc.ec.europa.eu/dataset/919df040-0252-4e4e-ad82-c054896e1641,10.2905/JRC.4800KC0
BE,Belgium,2006,0.350014057785292,0.350014057785292,life-cycle GHG,JRC CoM Emission factors for national electricity 2024,Table3_EU_LC,https://data.jrc.ec.europa.eu/dataset/919df040-0252-4e4e-ad82-c054896e1641,10.2905/JRC.4800KC0
BG,Bulgaria,2006,0.752537647978718,0.752537647978718,life-cycle GHG,JRC CoM Emission factors for national electricity 2024,Table3_EU_LC,https://data.jrc.ec.europa.eu/dataset/919df040-0252-4e4e-ad82-c054896e1641,10.2905/JRC.4800KC0
CY,Cyprus,2006,1.05729925258285,1.05729925258285,life-cycle GHG,JRC CoM Emission factors for national electricity 2024,Table3_EU_LC,https://data.jrc.ec.europa.eu/dataset/919df040-0252-4e4e-ad82-c054896e1641,10.2905/JRC.4800KC0
CZ,Czechia,2006,0.920343397209159,0.920343397209159,life-cycle GHG,JRC CoM Emission factors for national electricity 2024,Table3_EU_LC,https://data.jrc.ec.europa.eu/dataset/919df040-0252-4e4e-ad82-c054896e1641,10.2905/JRC.4800KC0
DE,Germany,2006,0.626426258480671,0.626426258480671,life-cycle GHG,JRC CoM Emission factors for national electricity 2024,Table3_EU_LC,https://data.jrc.ec.europa.eu/dataset/919df040-0252-4e4e-ad82-c054896e1641,10.2905/JRC.4800KC0
DK,Denmark,2006,0.5583339444704,0.5583339444704,life-cycle GHG,JRC CoM Emission factors for national electricity 2024,Table3_EU_LC,https://data.jrc.ec.europa.eu/dataset/919df040-0252-4e4e-ad82-c054896e1641,10.2905/JRC.4800KC0
EE,Estonia,2006,1.88544829710457,1.88544829710457,life-cycle GHG,JRC CoM Emission factors for national electricity 2024,Table3_EU_LC,https://data.jrc.ec.europa.eu/dataset/919df040-0252-4e4e-ad82-c054896e1641,10.2905/JRC.4800KC0
EL,Greece,2006,0.966161144341766,0.966161144341766,life-cycle GHG,JRC CoM Emission factors for national electricity 2024,Table3_EU_LC,https://data.jrc.ec.europa.eu/dataset/919df040-0252-4e4e-ad82-c054896e1641,10.2905/JRC.4800KC0
ES,Spain,2006,0.538409809317863,0.538409809317863,life-cycle GHG,JRC CoM Emission factors for national electricity 2024,Table3_EU_LC,https://data.jrc.ec.europa.eu/dataset/919df040-0252-4e4e-ad82-c054896e1641,10.2905/JRC.4800KC0
FI,Finland,2006,0.287331706932594,0.287331706932594,life-cycle GHG,JRC CoM Emission factors for national electricity 2024,Table3_EU_LC,https://data.jrc.ec.europa.eu/dataset/919df040-0252-4e4e-ad82-c054896e1641,10.2905/JRC.4800KC0
FR,France,2006,0.110741386917132,0.110741386917132,life-cycle GHG,JRC CoM Emission factors for national electricity 2024,Table3_EU_LC,https://data.jrc.ec.europa.eu/dataset/919df040-0252-4e4e-ad82-c054896e1641,10.2905/JRC.4800KC0
HR,Croatia,2006,0.252636948506395,0.252636948506395,life-cycle GHG,JRC CoM Emission factors for national electricity 2024,Table3_EU_LC,https://data.jrc.ec.europa.eu/dataset/919df040-0252-4e4e-ad82-c054896e1641,10.2905/JRC.4800KC0
HU,Hungary,2006,0.573296632755741,0.573296632755741,life-cycle GHG,JRC CoM Emission factors for national electricity 2024,Table3_EU_LC,https://data.jrc.ec.europa.eu/dataset/919df040-0252-4e4e-ad82-c054896e1641,10.2905/JRC.4800KC0
IE,Ireland,2006,0.729518406573219,0.729518406573219,life-cycle GHG,JRC CoM Emission factors for national electricity 2024,Table3_EU_LC,https://data.jrc.ec.europa.eu/dataset/919df040-0252-4e4e-ad82-c054896e1641,10.2905/JRC.4800KC0
IT,Italy,2006,0.61673926501209,0.61673926501209,life-cycle GHG,JRC CoM Emission factors for national electricity 2024,Table3_EU_LC,https://data.jrc.ec.europa.eu/dataset/919df040-0252-4e4e-ad82-c054896e1641,10.2905/JRC.4800KC0
LT,Lithuania,2006,0.199309319884655,0.199309319884655,life-cycle GHG,JRC CoM Emission factors for national electricity 2024,Table3_EU_LC,https://data.jrc.ec.europa.eu/dataset/919df040-0252-4e4e-ad82-c054896e1641,10.2905/JRC.4800KC0
LU,Luxembourg,2006,0.56677473937853,0.56677473937853,life-cycle GHG,JRC CoM Emission factors for national electricity 2024,Table3_EU_LC,https://data.jrc.ec.europa.eu/dataset/919df040-0252-4e4e-ad82-c054896e1641,10.2905/JRC.4800KC0
LV,Latvia,2006,0.324324149080523,0.324324149080523,life-cycle GHG,JRC CoM Emission factors for national electricity 2024,Table3_EU_LC,https://data.jrc.ec.europa.eu/dataset/919df040-0252-4e4e-ad82-c054896e1641,10.2905/JRC.4800KC0
MT,Malta,2006,1.32418915758229,1.32418915758229,life-cycle GHG,JRC CoM Emission factors for national electricity 2024,Table3_EU_LC,https://data.jrc.ec.europa.eu/dataset/919df040-0252-4e4e-ad82-c054896e1641,10.2905/JRC.4800KC0
NL,Netherlands,2006,0.626989319073605,0.626989319073605,life-cycle GHG,JRC CoM Emission factors for national electricity 2024,Table3_EU_LC,https://data.jrc.ec.europa.eu/dataset/919df040-0252-4e4e-ad82-c054896e1641,10.2905/JRC.4800KC0
PL,Poland,2006,1.25572064397473,1.25572064397473,life-cycle GHG,JRC CoM Emission factors for national electricity 2024,Table3_EU_LC,https://data.jrc.ec.europa.eu/dataset/919df040-0252-4e4e-ad82-c054896e1641,10.2905/JRC.4800KC0
PT,Portugal,2006,0.580502617034668,0.580502617034668,life-cycle GHG,JRC CoM Emission factors for national electricity 2024,Table3_EU_LC,https://data.jrc.ec.europa.eu/dataset/919df040-0252-4e4e-ad82-c054896e1641,10.2905/JRC.4800KC0
RO,Romania,2006,0.7915181212175,0.7915181212175,life-cycle GHG,JRC CoM Emission factors for national electricity 2024,Table3_EU_LC,https://data.jrc.ec.europa.eu/dataset/919df040-0252-4e4e-ad82-c054896e1641,10.2905/JRC.4800KC0
SE,Sweden,2006,0.0729305106371409,0.0729305106371409,life-cycle GHG,JRC CoM Emission factors for national electricity 2024,Table3_EU_LC,https://data.jrc.ec.europa.eu/dataset/919df040-0252-4e4e-ad82-c054896e1641,10.2905/JRC.4800KC0
SI,Slovenia,2006,0.439113108532949,0.439113108532949,life-cycle GHG,JRC CoM Emission factors for national electricity 2024,Table3_EU_LC,https://data.jrc.ec.europa.eu/dataset/919df040-0252-4e4e-ad82-c054896e1641,10.2905/JRC.4800KC0
SK,Slovakia,2006,0.48736877004526,0.48736877004526,life-cycle GHG,JRC CoM Emission factors for national electricity 2024,Table3_EU_LC,https://data.jrc.ec.europa.eu/dataset/919df040-0252-4e4e-ad82-c054896e1641,10.2905/JRC.4800KC0
AT,Austria,2007,0.420625305409592,0.420625305409592,life-cycle GHG,JRC CoM Emission factors for national electricity 2024,Table3_EU_LC,https://data.jrc.ec.europa.eu/dataset/919df040-0252-4e4e-ad82-c054896e1641,10.2905/JRC.4800KC0
BE,Belgium,2007,0.343846765906188,0.343846765906188,life-cycle GHG,JRC CoM Emission factors for national electricity 2024,Table3_EU_LC,https://data.jrc.ec.europa.eu/dataset/919df040-0252-4e4e-ad82-c054896e1641,10.2905/JRC.4800KC0
BG,Bulgaria,2007,0.914444786862573,0.914444786862573,life-cycle GHG,JRC CoM Emission factors for national electricity 2024,Table3_EU_LC,https://data.jrc.ec.europa.eu/dataset/919df040-0252-4e4e-ad82-c054896e1641,10.2905/JRC.4800KC0
CY,Cyprus,2007,1.05709385990415,1.05709385990415,life-cycle GHG,JRC CoM Emission factors for national electricity 2024,Table3_EU_LC,https://data.jrc.ec.europa.eu/dataset/919df040-0252-4e4e-ad82-c054896e1641,10.2905/JRC.4800KC0
CZ,Czechia,2007,0.92459542831158,0.92459542831158,life-cycle GHG,JRC CoM Emission factors for national electricity 2024,Table3_EU_LC,https://data.jrc.ec.europa.eu/dataset/919df040-0252-4e4e-ad82-c054896e1641,10.2905/JRC.4800KC0
DE,Germany,2007,0.652556828005003,0.652556828005003,life-cycle GHG,JRC CoM Emission factors for national electricity 2024,Table3_EU_LC,https://data.jrc.ec.europa.eu/dataset/919df040-0252-4e4e-ad82-c054896e1641,10.2905/JRC.4800KC0
DK,Denmark,2007,0.430632802051886,0.430632802051886,life-cycle GHG,JRC CoM Emission factors for national electricity 2024,Table3_EU_LC,https://data.jrc.ec.europa.eu/dataset/919df040-0252-4e4e-ad82-c054896e1641,10.2905/JRC.4800KC0
EE,Estonia,2007,2.03165397596064,2.03165397596064,life-cycle GHG,JRC CoM Emission factors for national electricity 2024,Table3_EU_LC,https://data.jrc.ec.europa.eu/dataset/919df040-0252-4e4e-ad82-c054896e1641,10.2905/JRC.4800KC0
EL,Greece,2007,0.997109616519307,0.997109616519307,life-cycle GHG,JRC CoM Emission factors for national electricity 2024,Table3_EU_LC,https://data.jrc.ec.europa.eu/dataset/919df040-0252-4e4e-ad82-c054896e1641,10.2905/JRC.4800KC0
ES,Spain,2007,0.541146083511609,0.541146083511609,life-cycle GHG,JRC CoM Emission factors for national electricity 2024,Table3_EU_LC,https://data.jrc.ec.europa.eu/dataset/919df040-0252-4e4e-ad82-c054896e1641,10.2905/JRC.4800KC0
FI,Finland,2007,0.284938251979172,0.284938251979172,life-cycle GHG,JRC CoM Emission factors for national electricity 2024,Table3_EU_LC,https://data.jrc.ec.europa.eu/dataset/919df040-0252-4e4e-ad82-c054896e1641,10.2905/JRC.4800KC0
FR,France,2007,0.118121910536731,0.118121910536731,life-cycle GHG,JRC CoM Emission factors for national electricity 2024,Table3_EU_LC,https://data.jrc.ec.europa.eu/dataset/919df040-0252-4e4e-ad82-c054896e1641,10.2905/JRC.4800KC0
HR,Croatia,2007,0.347578154959896,0.347578154959896,life-cycle GHG,JRC CoM Emission factors for national electricity 2024,Table3_EU_LC,https://data.jrc.ec.europa.eu/dataset/919df040-0252-4e4e-ad82-c054896e1641,10.2905/JRC.4800KC0
HU,Hungary,2007,0.553454707729365,0.553454707729365,life-cycle GHG,JRC CoM Emission factors for national electricity 2024,Table3_EU_LC,https://data.jrc.ec.europa.eu/dataset/919df040-0252-4e4e-ad82-c054896e1641,10.2905/JRC.4800KC0
IE,Ireland,2007,0.704228022342079,0.704228022342079,life-cycle GHG,JRC CoM Emission factors for national electricity 2024,Table3_EU_LC,https://data.jrc.ec.europa.eu/dataset/919df040-0252-4e4e-ad82-c054896e1641,10.2905/JRC.4800KC0
IT,Italy,2007,0.601890008086454,0.601890008086454,life-cycle GHG,JRC CoM Emission factors for national electricity 2024,Table3_EU_LC,https://data.jrc.ec.europa.eu/dataset/919df040-0252-4e4e-ad82-c054896e1641,10.2905/JRC.4800KC0
LT,Lithuania,2007,0.169428315067885,0.169428315067885,life-cycle GHG,JRC CoM Emission factors for national electricity 2024,Table3_EU_LC,https://data.jrc.ec.europa.eu/dataset/919df040-0252-4e4e-ad82-c054896e1641,10.2905/JRC.4800KC0
LU,Luxembourg,2007,0.582026817736719,0.582026817736719,life-cycle GHG,JRC CoM Emission factors for national electricity 2024,Table3_EU_LC,https://data.jrc.ec.europa.eu/dataset/919df040-0252-4e4e-ad82-c054896e1641,10.2905/JRC.4800KC0
LV,Latvia,2007,0.490491935462485,0.490491935462485,life-cycle GHG,JRC CoM Emission factors for national electricity 2024,Table3_EU_LC,https://data.jrc.ec.europa.eu/dataset/919df040-0252-4e4e-ad82-c054896e1641,10.2905/JRC.4800KC0
MT,Malta,2007,1.34752100918422,1.34752100918422,life-cycle GHG,JRC CoM Emission factors for national electricity 2024,Table3_EU_LC,https://data.jrc.ec.europa.eu/dataset/919df040-0252-4e4e-ad82-c054896e1641,10.2905/JRC.4800KC0
NL,Netherlands,2007,0.628008840620675,0.628008840620675,life-cycle GHG,JRC CoM Emission factors for national electricity 2024,Table3_EU_LC,https://data.jrc.ec.europa.eu/dataset/919df040-0252-4e4e-ad82-c054896e1641,10.2905/JRC.4800KC0
PL,Poland,2007,1.22636651598559,1.22636651598559,life-cycle GHG,JRC CoM Emission factors for national electricity 2024,Table3_EU_LC,https://data.jrc.ec.europa.eu/dataset/919df040-0252-4e4e-ad82-c054896e1641,10.2905/JRC.4800KC0
PT,Portugal,2007,0.538149411718927,0.538149411718927,life-cycle GHG,JRC CoM Emission factors for national electricity 2024,Table3_EU_LC,https://data.jrc.ec.europa.eu/dataset/919df040-0252-4e4e-ad82-c054896e1641,10.2905/JRC.4800KC0
RO,Romania,2007,0.818420451570438,0.818420451570438,life-cycle GHG,JRC CoM Emission factors for national electricity 2024,Table3_EU_LC,https://data.jrc.ec.europa.eu/dataset/919df040-0252-4e4e-ad82-c054896e1641,10.2905/JRC.4800KC0
SE,Sweden,2007,0.0409100614260862,0.0409100614260862,life-cycle GHG,JRC CoM Emission factors for national electricity 2024,Table3_EU_LC,https://data.jrc.ec.europa.eu/dataset/919df040-0252-4e4e-ad82-c054896e1641,10.2905/JRC.4800KC0
SI,Slovenia,2007,0.479985481469548,0.479985481469548,life-cycle GHG,JRC CoM Emission factors for national electricity 2024,Table3_EU_LC,https://data.jrc.ec.europa.eu/dataset/919df040-0252-4e4e-ad82-c054896e1641,10.2905/JRC.4800KC0
SK,Slovakia,2007,0.563691266892606,0.563691266892606,life-cycle GHG,JRC CoM Emission factors for national electricity 2024,Table3_EU_LC,https://data.jrc.ec.europa.eu/dataset/919df040-0252-4e4e-ad82-c054896e1641,10.2905/JRC.4800KC0
AT,Austria,2008,0.378477075976598,0.378477075976598,life-cycle GHG,JRC CoM Emission factors for national electricity 2024,Table3_EU_LC,https://data.jrc.ec.europa.eu/dataset/919df040-0252-4e4e-ad82-c054896e1641,10.2905/JRC.4800KC0
BE,Belgium,2008,0.344282733969093,0.344282733969093,life-cycle GHG,JRC CoM Emission factors for national electricity 2024,Table3_EU_LC,https://data.jrc.ec.europa.eu/dataset/919df040-0252-4e4e-ad82-c054896e1641,10.2905/JRC.4800KC0
BG,Bulgaria,2008,0.832941645902795,0.832941645902795,life-cycle GHG,JRC CoM Emission factors for national electricity 2024,Table3_EU_LC,https://data.jrc.ec.europa.eu/dataset/919df040-0252-4e4e-ad82-c054896e1641,10.2905/JRC.4800KC0
CY,Cyprus,2008,1.04630618996602,1.04630618996602,life-cycle GHG,JRC CoM Emission factors for national electricity 2024,Table3_EU_LC,https://data.jrc.ec.europa.eu/dataset/919df040-0252-4e4e-ad82-c054896e1641,10.2905/JRC.4800KC0
CZ,Czechia,2008,0.884348013351464,0.884348013351464,life-cycle GHG,JRC CoM Emission factors for national electricity 2024,Table3_EU_LC,https://data.jrc.ec.europa.eu/dataset/919df040-0252-4e4e-ad82-c054896e1641,10.2905/JRC.4800KC0
DE,Germany,2008,0.615108756842569,0.615108756842569,life-cycle GHG,JRC CoM Emission factors for national electricity 2024,Table3_EU_LC,https://data.jrc.ec.europa.eu/dataset/919df040-0252-4e4e-ad82-c054896e1641,10.2905/JRC.4800KC0
DK,Denmark,2008,0.371471562839222,0.371471562839222,life-cycle GHG,JRC CoM Emission factors for national electricity 2024,Table3_EU_LC,https://data.jrc.ec.europa.eu/dataset/919df040-0252-4e4e-ad82-c054896e1641,10.2905/JRC.4800KC0
EE,Estonia,2008,1.7172629301399,1.7172629301399,life-cycle GHG,JRC CoM Emission factors for national electricity 2024,Table3_EU_LC,https://data.jrc.ec.europa.eu/dataset/919df040-0252-4e4e-ad82-c054896e1641,10.2905/JRC.4800KC0
EL,Greece,2008,0.965016332377131,0.965016332377131,life-cycle GHG,JRC CoM Emission factors for national electricity 2024,Table3_EU_LC,https://data.jrc.ec.europa.eu/dataset/919df040-0252-4e4e-ad82-c054896e1641,10.2905/JRC.4800KC0
ES,Spain,2008,0.47228878876136,0.47228878876136,life-cycle GHG,JRC CoM Emission factors for national electricity 2024,Table3_EU_LC,https://data.jrc.ec.europa.eu/dataset/919df040-0252-4e4e-ad82-c054896e1641,10.2905/JRC.4800KC0
FI,Finland,2008,0.226276369184305,0.226276369184305,life-cycle GHG,JRC CoM Emission factors for national electricity 2024,Table3_EU_LC,https://data.jrc.ec.europa.eu/dataset/919df040-0252-4e4e-ad82-c054896e1641,10.2905/JRC.4800KC0
FR,France,2008,0.105835029431785,0.105835029431785,life-cycle GHG,JRC CoM Emission factors for national electricity 2024,Table3_EU_LC,https://data.jrc.ec.europa.eu/dataset/919df040-0252-4e4e-ad82-c054896e1641,10.2905/JRC.4800KC0
HR,Croatia,2008,0.176373623910959,0.176373623910959,life-cycle GHG,JRC CoM Emission factors for national electricity 2024,Table3_EU_LC,https://data.jrc.ec.europa.eu/dataset/919df040-0252-4e4e-ad82-c054896e1641,10.2905/JRC.4800KC0
HU,Hungary,2008,0.544890821685062,0.544890821685062,life-cycle GHG,JRC CoM Emission factors for national electricity 2024,Table3_EU_LC,https://data.jrc.ec.europa.eu/dataset/919df040-0252-4e4e-ad82-c054896e1641,10.2905/JRC.4800KC0
IE,Ireland,2008,0.65512067767585,0.65512067767585,life-cycle GHG,JRC CoM Emission factors for national electricity 2024,Table3_EU_LC,https://data.jrc.ec.europa.eu/dataset/919df040-0252-4e4e-ad82-c054896e1641,10.2905/JRC.4800KC0
IT,Italy,2008,0.583014977497516,0.583014977497516,life-cycle GHG,JRC CoM Emission factors for national electricity 2024,Table3_EU_LC,https://data.jrc.ec.europa.eu/dataset/919df040-0252-4e4e-ad82-c054896e1641,10.2905/JRC.4800KC0
LT,Lithuania,2008,0.16925625848419,0.16925625848419,life-cycle GHG,JRC CoM Emission factors for national electricity 2024,Table3_EU_LC,https://data.jrc.ec.europa.eu/dataset/919df040-0252-4e4e-ad82-c054896e1641,10.2905/JRC.4800KC0
LU,Luxembourg,2008,0.557168754018512,0.557168754018512,life-cycle GHG,JRC CoM Emission factors for national electricity 2024,Table3_EU_LC,https://data.jrc.ec.europa.eu/dataset/919df040-0252-4e4e-ad82-c054896e1641,10.2905/JRC.4800KC0
LV,Latvia,2008,0.507589254541191,0.507589254541191,life-cycle GHG,JRC CoM Emission factors for national electricity 2024,Table3_EU_LC,https://data.jrc.ec.europa.eu/dataset/919df040-0252-4e4e-ad82-c054896e1641,10.2905/JRC.4800KC0
MT,Malta,2008,1.32338753642741,1.32338753642741,life-cycle GHG,JRC CoM Emission factors for national electricity 2024,Table3_EU_LC,https://data.jrc.ec.europa.eu/dataset/919df040-0252-4e4e-ad82-c054896e1641,10.2905/JRC.4800KC0
NL,Netherlands,2008,0.597180563957392,0.597180563957392,life-cycle GHG,JRC CoM Emission factors for national electricity 2024,Table3_EU_LC,https://data.jrc.ec.europa.eu/dataset/919df040-0252-4e4e-ad82-c054896e1641,10.2905/JRC.4800KC0
PL,Poland,2008,1.18271657687024,1.18271657687024,life-cycle GHG,JRC CoM Emission factors for national electricity 2024,Table3_EU_LC,https://data.jrc.ec.europa.eu/dataset/919df040-0252-4e4e-ad82-c054896e1641,10.2905/JRC.4800KC0
PT,Portugal,2008,0.538720953013661,0.538720953013661,life-cycle GHG,JRC CoM Emission factors for national electricity 2024,Table3_EU_LC,https://data.jrc.ec.europa.eu/dataset/919df040-0252-4e4e-ad82-c054896e1641,10.2905/JRC.4800KC0
RO,Romania,2008,0.774949753862397,0.774949753862397,life-cycle GHG,JRC CoM Emission factors for national electricity 2024,Table3_EU_LC,https://data.jrc.ec.europa.eu/dataset/919df040-0252-4e4e-ad82-c054896e1641,10.2905/JRC.4800KC0
SE,Sweden,2008,0.0356625628771386,0.0356625628771386,life-cycle GHG,JRC CoM Emission factors for national electricity 2024,Table3_EU_LC,https://data.jrc.ec.europa.eu/dataset/919df040-0252-4e4e-ad82-c054896e1641,10.2905/JRC.4800KC0
SI,Slovenia,2008,0.427905478335878,0.427905478335878,life-cycle GHG,JRC CoM Emission factors for national electricity 2024,Table3_EU_LC,https://data.jrc.ec.europa.eu/dataset/919df040-0252-4e4e-ad82-c054896e1641,10.2905/JRC.4800KC0
SK,Slovakia,2008,0.463491778498384,0.463491778498384,life-cycle GHG,JRC CoM Emission factors for national electricity 2024,Table3_EU_LC,https://data.jrc.ec.europa.eu/dataset/919df040-0252-4e4e-ad82-c054896e1641,10.2905/JRC.4800KC0
AT,Austria,2009,0.359593486153066,0.359593486153066,life-cycle GHG,JRC CoM Emission factors for national electricity 2024,Table3_EU_LC,https://data.jrc.ec.europa.eu/dataset/919df040-0252-4e4e-ad82-c054896e1641,10.2905/JRC.4800KC0
BE,Belgium,2009,0.31773103425019,0.31773103425019,life-cycle GHG,JRC CoM Emission factors for national electricity 2024,Table3_EU_LC,https://data.jrc.ec.europa.eu/dataset/919df040-0252-4e4e-ad82-c054896e1641,10.2905/JRC.4800KC0
BG,Bulgaria,2009,0.798753824788141,0.798753824788141,life-cycle GHG,JRC CoM Emission factors for national electricity 2024,Table3_EU_LC,https://data.jrc.ec.europa.eu/dataset/919df040-0252-4e4e-ad82-c054896e1641,10.2905/JRC.4800KC0
CY,Cyprus,2009,1.03684329730969,1.03684329730969,life-cycle GHG,JRC CoM Emission factors for national electricity 2024,Table3_EU_LC,https://data.jrc.ec.europa.eu/dataset/919df040-0252-4e4e-ad82-c054896e1641,10.2905/JRC.4800KC0
CZ,Czechia,2009,0.845860208704737,0.845860208704737,life-cycle GHG,JRC CoM Emission factors for national electricity 2024,Table3_EU_LC,https://data.jrc.ec.europa.eu/dataset/919df040-0252-4e4e-ad82-c054896e1641,10.2905/JRC.4800KC0
DE,Germany,2009,0.603659711882881,0.603659711882881,life-cycle GHG,JRC CoM Emission factors for national electricity 2024,Table3_EU_LC,https://data.jrc.ec.europa.eu/dataset/919df040-0252-4e4e-ad82-c054896e1641,10.2905/JRC.4800KC0
DK,Denmark,2009,0.431640716540645,0.431640716540645,life-cycle GHG,JRC CoM Emission factors for national electricity 2024,Table3_EU_LC,https://data.jrc.ec.europa.eu/dataset/919df040-0252-4e4e-ad82-c054896e1641,10.2905/JRC.4800KC0
EE,Estonia,2009,1.27042620161302,1.27042620161302,life-cycle GHG,JRC CoM Emission factors for national electricity 2024,Table3_EU_LC,https://data.jrc.ec.europa.eu/dataset/919df040-0252-4e4e-ad82-c054896e1641,10.2905/JRC.4800KC0
EL,Greece,2009,0.933725985037993,0.933725985037993,life-cycle GHG,JRC CoM Emission factors for national electricity 2024,Table3_EU_LC,https://data.jrc.ec.europa.eu/dataset/919df040-0252-4e4e-ad82-c054896e1641,10.2905/JRC.4800KC0
ES,Spain,2009,0.435165053604453,0.435165053604453,life-cycle GHG,JRC CoM Emission factors for national electricity 2024,Table3_EU_LC,https://data.jrc.ec.europa.eu/dataset/919df040-0252-4e4e-ad82-c054896e1641,10.2905/JRC.4800KC0
FI,Finland,2009,0.231631565378885,0.231631565378885,life-cycle GHG,JRC CoM Emission factors for national electricity 2024,Table3_EU_LC,https://data.jrc.ec.europa.eu/dataset/919df040-0252-4e4e-ad82-c054896e1641,10.2905/JRC.4800KC0
FR,France,2009,0.12250486439737,0.12250486439737,life-cycle GHG,JRC CoM Emission factors for national electricity 2024,Table3_EU_LC,https://data.jrc.ec.europa.eu/dataset/919df040-0252-4e4e-ad82-c054896e1641,10.2905/JRC.4800KC0
HR,Croatia,2009,0.144055822397417,0.144055822397417,life-cycle GHG,JRC CoM Emission factors for national electricity 2024,Table3_EU_LC,https://data.jrc.ec.europa.eu/dataset/919df040-0252-4e4e-ad82-c054896e1641,10.2905/JRC.4800KC0
HU,Hungary,2009,0.492260908991006,0.492260908991006,life-cycle GHG,JRC CoM Emission factors for national electricity 2024,Table3_EU_LC,https://data.jrc.ec.europa.eu/dataset/919df040-0252-4e4e-ad82-c054896e1641,10.2905/JRC.4800KC0
IE,Ireland,2009,0.628284933803602,0.628284933803602,life-cycle GHG,JRC CoM Emission factors for national electricity 2024,Table3_EU_LC,https://data.jrc.ec.europa.eu/dataset/919df040-0252-4e4e-ad82-c054896e1641,10.2905/JRC.4800KC0
IT,Italy,2009,0.536312435912779,0.536312435912779,life-cycle GHG,JRC CoM Emission factors for national electricity 2024,Table3_EU_LC,https://data.jrc.ec.europa.eu/dataset/919df040-0252-4e4e-ad82-c054896e1641,10.2905/JRC.4800KC0
LT,Lithuania,2009,0.182321109503796,0.182321109503796,life-cycle GHG,JRC CoM Emission factors for national electricity 2024,Table3_EU_LC,https://data.jrc.ec.europa.eu/dataset/919df040-0252-4e4e-ad82-c054896e1641,10.2905/JRC.4800KC0
LU,Luxembourg,2009,0.558418101552476,0.558418101552476,life-cycle GHG,JRC CoM Emission factors for national electricity 2024,Table3_EU_LC,https://data.jrc.ec.europa.eu/dataset/919df040-0252-4e4e-ad82-c054896e1641,10.2905/JRC.4800KC0
LV,Latvia,2009,0.40645541425295,0.40645541425295,life-cycle GHG,JRC CoM Emission factors for national electricity 2024,Table3_EU_LC,https://data.jrc.ec.europa.eu/dataset/919df040-0252-4e4e-ad82-c054896e1641,10.2905/JRC.4800KC0
MT,Malta,2009,1.34889972407732,1.34889972407732,life-cycle GHG,JRC CoM Emission factors for national electricity 2024,Table3_EU_LC,https://data.jrc.ec.europa.eu/dataset/919df040-0252-4e4e-ad82-c054896e1641,10.2905/JRC.4800KC0
NL,Netherlands,2009,0.566491004369988,0.566491004369988,life-cycle GHG,JRC CoM Emission factors for national electricity 2024,Table3_EU_LC,https://data.jrc.ec.europa.eu/dataset/919df040-0252-4e4e-ad82-c054896e1641,10.2905/JRC.4800KC0
PL,Poland,2009,1.17624716708385,1.17624716708385,life-cycle GHG,JRC CoM Emission factors for national electricity 2024,Table3_EU_LC,https://data.jrc.ec.europa.eu/dataset/919df040-0252-4e4e-ad82-c054896e1641,10.2905/JRC.4800KC0
PT,Portugal,2009,0.520284452578851,0.520284452578851,life-cycle GHG,JRC CoM Emission factors for national electricity 2024,Table3_EU_LC,https://data.jrc.ec.europa.eu/dataset/919df040-0252-4e4e-ad82-c054896e1641,10.2905/JRC.4800KC0
RO,Romania,2009,0.722757967091514,0.722757967091514,life-cycle GHG,JRC CoM Emission factors for national electricity 2024,Table3_EU_LC,https://data.jrc.ec.europa.eu/dataset/919df040-0252-4e4e-ad82-c054896e1641,10.2905/JRC.4800KC0
SE,Sweden,2009,0.0474680587512115,0.0474680587512115,life-cycle GHG,JRC CoM Emission factors for national electricity 2024,Table3_EU_LC,https://data.jrc.ec.europa.eu/dataset/919df040-0252-4e4e-ad82-c054896e1641,10.2905/JRC.4800KC0
SI,Slovenia,2009,0.369955722863753,0.369955722863753,life-cycle GHG,JRC CoM Emission factors for national electricity 2024,Table3_EU_LC,https://data.jrc.ec.europa.eu/dataset/919df040-0252-4e4e-ad82-c054896e1641,10.2905/JRC.4800KC0
SK,Slovakia,2009,0.459404477401107,0.459404477401107,life-cycle GHG,JRC CoM Emission factors for national electricity 2024,Table3_EU_LC,https://data.jrc.ec.europa.eu/dataset/919df040-0252-4e4e-ad82-c054896e1641,10.2905/JRC.4800KC0
AT,Austria,2010,0.3805005432489,0.3805005432489,life-cycle GHG,JRC CoM Emission factors for national electricity 2024,Table3_EU_LC,https://data.jrc.ec.europa.eu/dataset/919df040-0252-4e4e-ad82-c054896e1641,10.2905/JRC.4800KC0
BE,Belgium,2010,0.313630857522349,0.313630857522349,life-cycle GHG,JRC CoM Emission factors for national electricity 2024,Table3_EU_LC,https://data.jrc.ec.europa.eu/dataset/919df040-0252-4e4e-ad82-c054896e1641,10.2905/JRC.4800KC0
BG,Bulgaria,2010,0.800622145111592,0.800622145111592,life-cycle GHG,JRC CoM Emission factors for national electricity 2024,Table3_EU_LC,https://data.jrc.ec.europa.eu/dataset/919df040-0252-4e4e-ad82-c054896e1641,10.2905/JRC.4800KC0
CY,Cyprus,2010,0.973321016531298,0.973321016531298,life-cycle GHG,JRC CoM Emission factors for national electricity 2024,Table3_EU_LC,https://data.jrc.ec.europa.eu/dataset/919df040-0252-4e4e-ad82-c054896e1641,10.2905/JRC.4800KC0
CZ,Czechia,2010,0.837234108494308,0.837234108494308,life-cycle GHG,JRC CoM Emission factors for national electricity 2024,Table3_EU_LC,https://data.jrc.ec.europa.eu/dataset/919df040-0252-4e4e-ad82-c054896e1641,10.2905/JRC.4800KC0
DE,Germany,2010,0.589685252063135,0.589685252063135,life-cycle GHG,JRC CoM Emission factors for national electricity 2024,Table3_EU_LC,https://data.jrc.ec.europa.eu/dataset/919df040-0252-4e4e-ad82-c054896e1641,10.2905/JRC.4800KC0
DK,Denmark,2010,0.445759283165861,0.445759283165861,life-cycle GHG,JRC CoM Emission factors for national electricity 2024,Table3_EU_LC,https://data.jrc.ec.europa.eu/dataset/919df040-0252-4e4e-ad82-c054896e1641,10.2905/JRC.4800KC0
EE,Estonia,2010,1.74731300936822,1.74731300936822,life-cycle GHG,JRC CoM Emission factors for national electricity 2024,Table3_EU_LC,https://data.jrc.ec.europa.eu/dataset/919df040-0252-4e4e-ad82-c054896e1641,10.2905/JRC.4800KC0
EL,Greece,2010,0.902772981252791,0.902772981252791,life-cycle GHG,JRC CoM Emission factors for national electricity 2024,Table3_EU_LC,https://data.jrc.ec.europa.eu/dataset/919df040-0252-4e4e-ad82-c054896e1641,10.2905/JRC.4800KC0
ES,Spain,2010,0.353389595768734,0.353389595768734,life-cycle GHG,JRC CoM Emission factors for national electricity 2024,Table3_EU_LC,https://data.jrc.ec.europa.eu/dataset/919df040-0252-4e4e-ad82-c054896e1641,10.2905/JRC.4800KC0
FI,Finland,2010,0.27485704176687,0.27485704176687,life-cycle GHG,JRC CoM Emission factors for national electricity 2024,Table3_EU_LC,https://data.jrc.ec.europa.eu/dataset/919df040-0252-4e4e-ad82-c054896e1641,10.2905/JRC.4800KC0
FR,France,2010,0.119065102115952,0.119065102115952,life-cycle GHG,JRC CoM Emission factors for national electricity 2024,Table3_EU_LC,https://data.jrc.ec.europa.eu/dataset/919df040-0252-4e4e-ad82-c054896e1641,10.2905/JRC.4800KC0
HR,Croatia,2010,0.111140470921739,0.111140470921739,life-cycle GHG,JRC CoM Emission factors for national electricity 2024,Table3_EU_LC,https://data.jrc.ec.europa.eu/dataset/919df040-0252-4e4e-ad82-c054896e1641,10.2905/JRC.4800KC0
HU,Hungary,2010,0.498257527634297,0.498257527634297,life-cycle GHG,JRC CoM Emission factors for national electricity 2024,Table3_EU_LC,https://data.jrc.ec.europa.eu/dataset/919df040-0252-4e4e-ad82-c054896e1641,10.2905/JRC.4800KC0
IE,Ireland,2010,0.64141151238896,0.64141151238896,life-cycle GHG,JRC CoM Emission factors for national electricity 2024,Table3_EU_LC,https://data.jrc.ec.europa.eu/dataset/919df040-0252-4e4e-ad82-c054896e1641,10.2905/JRC.4800KC0
IT,Italy,2010,0.533213534024273,0.533213534024273,life-cycle GHG,JRC CoM Emission factors for national electricity 2024,Table3_EU_LC,https://data.jrc.ec.europa.eu/dataset/919df040-0252-4e4e-ad82-c054896e1641,10.2905/JRC.4800KC0
LT,Lithuania,2010,0.215407559004785,0.215407559004785,life-cycle GHG,JRC CoM Emission factors for national electricity 2024,Table3_EU_LC,https://data.jrc.ec.europa.eu/dataset/919df040-0252-4e4e-ad82-c054896e1641,10.2905/JRC.4800KC0
LU,Luxembourg,2010,0.600373607168797,0.600373607168797,life-cycle GHG,JRC CoM Emission factors for national electricity 2024,Table3_EU_LC,https://data.jrc.ec.europa.eu/dataset/919df040-0252-4e4e-ad82-c054896e1641,10.2905/JRC.4800KC0
LV,Latvia,2010,0.699346433659125,0.699346433659125,life-cycle GHG,JRC CoM Emission factors for national electricity 2024,Table3_EU_LC,https://data.jrc.ec.europa.eu/dataset/919df040-0252-4e4e-ad82-c054896e1641,10.2905/JRC.4800KC0
MT,Malta,2010,1.26157025986842,1.26157025986842,life-cycle GHG,JRC CoM Emission factors for national electricity 2024,Table3_EU_LC,https://data.jrc.ec.europa.eu/dataset/919df040-0252-4e4e-ad82-c054896e1641,10.2905/JRC.4800KC0
NL,Netherlands,2010,0.56426131788064,0.56426131788064,life-cycle GHG,JRC CoM Emission factors for national electricity 2024,Table3_EU_LC,https://data.jrc.ec.europa.eu/dataset/919df040-0252-4e4e-ad82-c054896e1641,10.2905/JRC.4800KC0
PL,Poland,2010,1.15566794177585,1.15566794177585,life-cycle GHG,JRC CoM Emission factors for national electricity 2024,Table3_EU_LC,https://data.jrc.ec.europa.eu/dataset/919df040-0252-4e4e-ad82-c054896e1641,10.2905/JRC.4800KC0
PT,Portugal,2010,0.367328758995719,0.367328758995719,life-cycle GHG,JRC CoM Emission factors for national electricity 2024,Table3_EU_LC,https://data.jrc.ec.europa.eu/dataset/919df040-0252-4e4e-ad82-c054896e1641,10.2905/JRC.4800KC0
RO,Romania,2010,0.60093481146066,0.60093481146066,life-cycle GHG,JRC CoM Emission factors for national electricity 2024,Table3_EU_LC,https://data.jrc.ec.europa.eu/dataset/919df040-0252-4e4e-ad82-c054896e1641,10.2905/JRC.4800KC0
SE,Sweden,2010,0.067899266703236,0.067899266703236,life-cycle GHG,JRC CoM Emission factors for national electricity 2024,Table3_EU_LC,https://data.jrc.ec.europa.eu/dataset/919df040-0252-4e4e-ad82-c054896e1641,10.2905/JRC.4800KC0
SI,Slovenia,2010,0.354514863869238,0.354514863869238,life-cycle GHG,JRC CoM Emission factors for national electricity 2024,Table3_EU_LC,https://data.jrc.ec.europa.eu/dataset/919df040-0252-4e4e-ad82-c054896e1641,10.2905/JRC.4800KC0
SK,Slovakia,2010,0.397994905974945,0.397994905974945,life-cycle GHG,JRC CoM Emission factors for national electricity 2024,Table3_EU_LC,https://data.jrc.ec.europa.eu/dataset/919df040-0252-4e4e-ad82-c054896e1641,10.2905/JRC.4800KC0
AT,Austria,2011,0.423253112146103,0.423253112146103,life-cycle GHG,JRC CoM Emission factors for national electricity 2024,Table3_EU_LC,https://data.jrc.ec.europa.eu/dataset/919df040-0252-4e4e-ad82-c054896e1641,10.2905/JRC.4800KC0
BE,Belgium,2011,0.270779247822813,0.270779247822813,life-cycle GHG,JRC CoM Emission factors for national electricity 2024,Table3_EU_LC,https://data.jrc.ec.europa.eu/dataset/919df040-0252-4e4e-ad82-c054896e1641,10.2905/JRC.4800KC0
BG,Bulgaria,2011,0.869409797487394,0.869409797487394,life-cycle GHG,JRC CoM Emission factors for national electricity 2024,Table3_EU_LC,https://data.jrc.ec.europa.eu/dataset/919df040-0252-4e4e-ad82-c054896e1641,10.2905/JRC.4800KC0
CY,Cyprus,2011,0.969595984922219,0.969595984922219,life-cycle GHG,JRC CoM Emission factors for national electricity 2024,Table3_EU_LC,https://data.jrc.ec.europa.eu/dataset/919df040-0252-4e4e-ad82-c054896e1641,10.2905/JRC.4800KC0
CZ,Czechia,2011,0.835092363476029,0.835092363476029,life-cycle GHG,JRC CoM Emission factors for national electricity 2024,Table3_EU_LC,https://data.jrc.ec.europa.eu/dataset/919df040-0252-4e4e-ad82-c054896e1641,10.2905/JRC.4800KC0
DE,Germany,2011,0.592078243510642,0.592078243510642,life-cycle GHG,JRC CoM Emission factors for national electricity 2024,Table3_EU_LC,https://data.jrc.ec.europa.eu/dataset/919df040-0252-4e4e-ad82-c054896e1641,10.2905/JRC.4800KC0
DK,Denmark,2011,0.328642801298449,0.328642801298449,life-cycle GHG,JRC CoM Emission factors for national electricity 2024,Table3_EU_LC,https://data.jrc.ec.europa.eu/dataset/919df040-0252-4e4e-ad82-c054896e1641,10.2905/JRC.4800KC0
EE,Estonia,2011,1.6480445997974,1.6480445997974,life-cycle GHG,JRC CoM Emission factors for national electricity 2024,Table3_EU_LC,https://data.jrc.ec.europa.eu/dataset/919df040-0252-4e4e-ad82-c054896e1641,10.2905/JRC.4800KC0
EL,Greece,2011,0.92352684383016,0.92352684383016,life-cycle GHG,JRC CoM Emission factors for national electricity 2024,Table3_EU_LC,https://data.jrc.ec.europa.eu/dataset/919df040-0252-4e4e-ad82-c054896e1641,10.2905/JRC.4800KC0
ES,Spain,2011,0.416990390550014,0.416990390550014,life-cycle GHG,JRC CoM Emission factors for national electricity 2024,Table3_EU_LC,https://data.jrc.ec.europa.eu/dataset/919df040-0252-4e4e-ad82-c054896e1641,10.2905/JRC.4800KC0
FI,Finland,2011,0.223587589001171,0.223587589001171,life-cycle GHG,JRC CoM Emission factors for national electricity 2024,Table3_EU_LC,https://data.jrc.ec.europa.eu/dataset/919df040-0252-4e4e-ad82-c054896e1641,10.2905/JRC.4800KC0
FR,France,2011,0.103264636733388,0.103264636733388,life-cycle GHG,JRC CoM Emission factors for national electricity 2024,Table3_EU_LC,https://data.jrc.ec.europa.eu/dataset/919df040-0252-4e4e-ad82-c054896e1641,10.2905/JRC.4800KC0
HR,Croatia,2011,0.111802026494062,0.111802026494062,life-cycle GHG,JRC CoM Emission factors for national electricity 2024,Table3_EU_LC,https://data.jrc.ec.europa.eu/dataset/919df040-0252-4e4e-ad82-c054896e1641,10.2905/JRC.4800KC0
HU,Hungary,2011,0.473991179494655,0.473991179494655,life-cycle GHG,JRC CoM Emission factors for national electricity 2024,Table3_EU_LC,https://data.jrc.ec.europa.eu/dataset/919df040-0252-4e4e-ad82-c054896e1641,10.2905/JRC.4800KC0
IE,Ireland,2011,0.586140473346855,0.586140473346855,life-cycle GHG,JRC CoM Emission factors for national electricity 2024,Table3_EU_LC,https://data.jrc.ec.europa.eu/dataset/919df040-0252-4e4e-ad82-c054896e1641,10.2905/JRC.4800KC0
IT,Italy,2011,0.520549614522405,0.520549614522405,life-cycle GHG,JRC CoM Emission factors for national electricity 2024,Table3_EU_LC,https://data.jrc.ec.europa.eu/dataset/919df040-0252-4e4e-ad82-c054896e1641,10.2905/JRC.4800KC0
LT,Lithuania,2011,0.178838558300223,0.178838558300223,life-cycle GHG,JRC CoM Emission factors for national electricity 2024,Table3_EU_LC,https://data.jrc.ec.europa.eu/dataset/919df040-0252-4e4e-ad82-c054896e1641,10.2905/JRC.4800KC0
LU,Luxembourg,2011,0.577300791468991,0.577300791468991,life-cycle GHG,JRC CoM Emission factors for national electricity 2024,Table3_EU_LC,https://data.jrc.ec.europa.eu/dataset/919df040-0252-4e4e-ad82-c054896e1641,10.2905/JRC.4800KC0
LV,Latvia,2011,0.703830933575729,0.703830933575729,life-cycle GHG,JRC CoM Emission factors for national electricity 2024,Table3_EU_LC,https://data.jrc.ec.europa.eu/dataset/919df040-0252-4e4e-ad82-c054896e1641,10.2905/JRC.4800KC0
MT,Malta,2011,1.26184100678813,1.26184100678813,life-cycle GHG,JRC CoM Emission factors for national electricity 2024,Table3_EU_LC,https://data.jrc.ec.europa.eu/dataset/919df040-0252-4e4e-ad82-c054896e1641,10.2905/JRC.4800KC0
NL,Netherlands,2011,0.539748025756481,0.539748025756481,life-cycle GHG,JRC CoM Emission factors for national electricity 2024,Table3_EU_LC,https://data.jrc.ec.europa.eu/dataset/919df040-0252-4e4e-ad82-c054896e1641,10.2905/JRC.4800KC0
PL,Poland,2011,1.13307878303345,1.13307878303345,life-cycle GHG,JRC CoM Emission factors for national electricity 2024,Table3_EU_LC,https://data.jrc.ec.europa.eu/dataset/919df040-0252-4e4e-ad82-c054896e1641,10.2905/JRC.4800KC0
PT,Portugal,2011,0.431958581489175,0.431958581489175,life-cycle GHG,JRC CoM Emission factors for national electricity 2024,Table3_EU_LC,https://data.jrc.ec.europa.eu/dataset/919df040-0252-4e4e-ad82-c054896e1641,10.2905/JRC.4800KC0
RO,Romania,2011,0.731134958686533,0.731134958686533,life-cycle GHG,JRC CoM Emission factors for national electricity 2024,Table3_EU_LC,https://data.jrc.ec.europa.eu/dataset/919df040-0252-4e4e-ad82-c054896e1641,10.2905/JRC.4800KC0
SE,Sweden,2011,0.0413654411574748,0.0413654411574748,life-cycle GHG,JRC CoM Emission factors for national electricity 2024,Table3_EU_LC,https://data.jrc.ec.europa.eu/dataset/919df040-0252-4e4e-ad82-c054896e1641,10.2905/JRC.4800KC0
SI,Slovenia,2011,0.408193415369945,0.408193415369945,life-cycle GHG,JRC CoM Emission factors for national electricity 2024,Table3_EU_LC,https://data.jrc.ec.europa.eu/dataset/919df040-0252-4e4e-ad82-c054896e1641,10.2905/JRC.4800KC0
SK,Slovakia,2011,0.472120761673558,0.472120761673558,life-cycle GHG,JRC CoM Emission factors for national electricity 2024,Table3_EU_LC,https://data.jrc.ec.europa.eu/dataset/919df040-0252-4e4e-ad82-c054896e1641,10.2905/JRC.4800KC0
AT,Austria,2012,0.366081102054449,0.366081102054449,life-cycle GHG,JRC CoM Emission factors for national electricity 2024,Table3_EU_LC,https://data.jrc.ec.europa.eu/dataset/919df040-0252-4e4e-ad82-c054896e1641,10.2905/JRC.4800KC0
BE,Belgium,2012,0.292067994118333,0.292067994118333,life-cycle GHG,JRC CoM Emission factors for national electricity 2024,Table3_EU_LC,https://data.jrc.ec.europa.eu/dataset/919df040-0252-4e4e-ad82-c054896e1641,10.2905/JRC.4800KC0
BG,Bulgaria,2012,0.779630233502461,0.779630233502461,life-cycle GHG,JRC CoM Emission factors for national electricity 2024,Table3_EU_LC,https://data.jrc.ec.europa.eu/dataset/919df040-0252-4e4e-ad82-c054896e1641,10.2905/JRC.4800KC0
CY,Cyprus,2012,0.992389399751204,0.992389399751204,life-cycle GHG,JRC CoM Emission factors for national electricity 2024,Table3_EU_LC,https://data.jrc.ec.europa.eu/dataset/919df040-0252-4e4e-ad82-c054896e1641,10.2905/JRC.4800KC0
CZ,Czechia,2012,0.792978581679801,0.792978581679801,life-cycle GHG,JRC CoM Emission factors for national electricity 2024,Table3_EU_LC,https://data.jrc.ec.europa.eu/dataset/919df040-0252-4e4e-ad82-c054896e1641,10.2905/JRC.4800KC0
DE,Germany,2012,0.605799355986023,0.605799355986023,life-cycle GHG,JRC CoM Emission factors for national electricity 2024,Table3_EU_LC,https://data.jrc.ec.europa.eu/dataset/919df040-0252-4e4e-ad82-c054896e1641,10.2905/JRC.4800KC0
DK,Denmark,2012,0.216756795789624,0.216756795789624,life-cycle GHG,JRC CoM Emission factors for national electricity 2024,Table3_EU_LC,https://data.jrc.ec.europa.eu/dataset/919df040-0252-4e4e-ad82-c054896e1641,10.2905/JRC.4800KC0
EE,Estonia,2012,1.37612671193281,1.37612671193281,life-cycle GHG,JRC CoM Emission factors for national electricity 2024,Table3_EU_LC,https://data.jrc.ec.europa.eu/dataset/919df040-0252-4e4e-ad82-c054896e1641,10.2905/JRC.4800KC0
EL,Greece,2012,0.911731877721184,0.911731877721184,life-cycle GHG,JRC CoM Emission factors for national electricity 2024,Table3_EU_LC,https://data.jrc.ec.europa.eu/dataset/919df040-0252-4e4e-ad82-c054896e1641,10.2905/JRC.4800KC0
ES,Spain,2012,0.440171986507907,0.440171986507907,life-cycle GHG,JRC CoM Emission factors for national electricity 2024,Table3_EU_LC,https://data.jrc.ec.europa.eu/dataset/919df040-0252-4e4e-ad82-c054896e1641,10.2905/JRC.4800KC0
FI,Finland,2012,0.14476327558762,0.14476327558762,life-cycle GHG,JRC CoM Emission factors for national electricity 2024,Table3_EU_LC,https://data.jrc.ec.europa.eu/dataset/919df040-0252-4e4e-ad82-c054896e1641,10.2905/JRC.4800KC0
FR,France,2012,0.110923309747979,0.110923309747979,life-cycle GHG,JRC CoM Emission factors for national electricity 2024,Table3_EU_LC,https://data.jrc.ec.europa.eu/dataset/919df040-0252-4e4e-ad82-c054896e1641,10.2905/JRC.4800KC0
HR,Croatia,2012,0.121212916954226,0.121212916954226,life-cycle GHG,JRC CoM Emission factors for national electricity 2024,Table3_EU_LC,https://data.jrc.ec.europa.eu/dataset/919df040-0252-4e4e-ad82-c054896e1641,10.2905/JRC.4800KC0
HU,Hungary,2012,0.438751807185564,0.438751807185564,life-cycle GHG,JRC CoM Emission factors for national electricity 2024,Table3_EU_LC,https://data.jrc.ec.europa.eu/dataset/919df040-0252-4e4e-ad82-c054896e1641,10.2905/JRC.4800KC0
IE,Ireland,2012,0.621200928664182,0.621200928664182,life-cycle GHG,JRC CoM Emission factors for national electricity 2024,Table3_EU_LC,https://data.jrc.ec.europa.eu/dataset/919df040-0252-4e4e-ad82-c054896e1641,10.2905/JRC.4800KC0
IT,Italy,2012,0.511170144926593,0.511170144926593,life-cycle GHG,JRC CoM Emission factors for national electricity 2024,Table3_EU_LC,https://data.jrc.ec.europa.eu/dataset/919df040-0252-4e4e-ad82-c054896e1641,10.2905/JRC.4800KC0
LT,Lithuania,2012,0.170220107136822,0.170220107136822,life-cycle GHG,JRC CoM Emission factors for national electricity 2024,Table3_EU_LC,https://data.jrc.ec.europa.eu/dataset/919df040-0252-4e4e-ad82-c054896e1641,10.2905/JRC.4800KC0
LU,Luxembourg,2012,0.601204939119779,0.601204939119779,life-cycle GHG,JRC CoM Emission factors for national electricity 2024,Table3_EU_LC,https://data.jrc.ec.europa.eu/dataset/919df040-0252-4e4e-ad82-c054896e1641,10.2905/JRC.4800KC0
LV,Latvia,2012,0.710664885305184,0.710664885305184,life-cycle GHG,JRC CoM Emission factors for national electricity 2024,Table3_EU_LC,https://data.jrc.ec.europa.eu/dataset/919df040-0252-4e4e-ad82-c054896e1641,10.2905/JRC.4800KC0
MT,Malta,2012,1.28051674192074,1.28051674192074,life-cycle GHG,JRC CoM Emission factors for national electricity 2024,Table3_EU_LC,https://data.jrc.ec.europa.eu/dataset/919df040-0252-4e4e-ad82-c054896e1641,10.2905/JRC.4800KC0
NL,Netherlands,2012,0.569235304375633,0.569235304375633,life-cycle GHG,JRC CoM Emission factors for national electricity 2024,Table3_EU_LC,https://data.jrc.ec.europa.eu/dataset/919df040-0252-4e4e-ad82-c054896e1641,10.2905/JRC.4800KC0
PL,Poland,2012,1.08161126150414,1.08161126150414,life-cycle GHG,JRC CoM Emission factors for national electricity 2024,Table3_EU_LC,https://data.jrc.ec.europa.eu/dataset/919df040-0252-4e4e-ad82-c054896e1641,10.2905/JRC.4800KC0
PT,Portugal,2012,0.509798879331047,0.509798879331047,life-cycle GHG,JRC CoM Emission factors for national electricity 2024,Table3_EU_LC,https://data.jrc.ec.europa.eu/dataset/919df040-0252-4e4e-ad82-c054896e1641,10.2905/JRC.4800KC0
RO,Romania,2012,0.711454014598799,0.711454014598799,life-cycle GHG,JRC CoM Emission factors for national electricity 2024,Table3_EU_LC,https://data.jrc.ec.europa.eu/dataset/919df040-0252-4e4e-ad82-c054896e1641,10.2905/JRC.4800KC0
SE,Sweden,2012,0.0249713337394184,0.0249713337394184,life-cycle GHG,JRC CoM Emission factors for national electricity 2024,Table3_EU_LC,https://data.jrc.ec.europa.eu/dataset/919df040-0252-4e4e-ad82-c054896e1641,10.2905/JRC.4800KC0
SI,Slovenia,2012,0.356104865343511,0.356104865343511,life-cycle GHG,JRC CoM Emission factors for national electricity 2024,Table3_EU_LC,https://data.jrc.ec.europa.eu/dataset/919df040-0252-4e4e-ad82-c054896e1641,10.2905/JRC.4800KC0
SK,Slovakia,2012,0.503006640901062,0.503006640901062,life-cycle GHG,JRC CoM Emission factors for national electricity 2024,Table3_EU_LC,https://data.jrc.ec.europa.eu/dataset/919df040-0252-4e4e-ad82-c054896e1641,10.2905/JRC.4800KC0
AT,Austria,2013,0.358243342472079,0.358243342472079,life-cycle GHG,JRC CoM Emission factors for national electricity 2024,Table3_EU_LC,https://data.jrc.ec.europa.eu/dataset/919df040-0252-4e4e-ad82-c054896e1641,10.2905/JRC.4800KC0
BE,Belgium,2013,0.266779748828743,0.266779748828743,life-cycle GHG,JRC CoM Emission factors for national electricity 2024,Table3_EU_LC,https://data.jrc.ec.europa.eu/dataset/919df040-0252-4e4e-ad82-c054896e1641,10.2905/JRC.4800KC0
BG,Bulgaria,2013,0.698336359757824,0.698336359757824,life-cycle GHG,JRC CoM Emission factors for national electricity 2024,Table3_EU_LC,https://data.jrc.ec.europa.eu/dataset/919df040-0252-4e4e-ad82-c054896e1641,10.2905/JRC.4800KC0
CY,Cyprus,2013,0.895084595352017,0.895084595352017,life-cycle GHG,JRC CoM Emission factors for national electricity 2024,Table3_EU_LC,https://data.jrc.ec.europa.eu/dataset/919df040-0252-4e4e-ad82-c054896e1641,10.2905/JRC.4800KC0
CZ,Czechia,2013,0.759182344983848,0.759182344983848,life-cycle GHG,JRC CoM Emission factors for national electricity 2024,Table3_EU_LC,https://data.jrc.ec.europa.eu/dataset/919df040-0252-4e4e-ad82-c054896e1641,10.2905/JRC.4800KC0
DE,Germany,2013,0.610611822749524,0.610611822749524,life-cycle GHG,JRC CoM Emission factors for national electricity 2024,Table3_EU_LC,https://data.jrc.ec.europa.eu/dataset/919df040-0252-4e4e-ad82-c054896e1641,10.2905/JRC.4800KC0
DK,Denmark,2013,0.355187729723111,0.355187729723111,life-cycle GHG,JRC CoM Emission factors for national electricity 2024,Table3_EU_LC,https://data.jrc.ec.europa.eu/dataset/919df040-0252-4e4e-ad82-c054896e1641,10.2905/JRC.4800KC0
EE,Estonia,2013,1.47562137544292,1.47562137544292,life-cycle GHG,JRC CoM Emission factors for national electricity 2024,Table3_EU_LC,https://data.jrc.ec.europa.eu/dataset/919df040-0252-4e4e-ad82-c054896e1641,10.2905/JRC.4800KC0
EL,Greece,2013,0.829482006505634,0.829482006505634,life-cycle GHG,JRC CoM Emission factors for national electricity 2024,Table3_EU_LC,https://data.jrc.ec.europa.eu/dataset/919df040-0252-4e4e-ad82-c054896e1641,10.2905/JRC.4800KC0
ES,Spain,2013,0.364153111247311,0.364153111247311,life-cycle GHG,JRC CoM Emission factors for national electricity 2024,Table3_EU_LC,https://data.jrc.ec.europa.eu/dataset/919df040-0252-4e4e-ad82-c054896e1641,10.2905/JRC.4800KC0
FI,Finland,2013,0.185873019588817,0.185873019588817,life-cycle GHG,JRC CoM Emission factors for national electricity 2024,Table3_EU_LC,https://data.jrc.ec.europa.eu/dataset/919df040-0252-4e4e-ad82-c054896e1641,10.2905/JRC.4800KC0
FR,France,2013,0.103572353481228,0.103572353481228,life-cycle GHG,JRC CoM Emission factors for national electricity 2024,Table3_EU_LC,https://data.jrc.ec.europa.eu/dataset/919df040-0252-4e4e-ad82-c054896e1641,10.2905/JRC.4800KC0
HR,Croatia,2013,0.117538674983718,0.117538674983718,life-cycle GHG,JRC CoM Emission factors for national electricity 2024,Table3_EU_LC,https://data.jrc.ec.europa.eu/dataset/919df040-0252-4e4e-ad82-c054896e1641,10.2905/JRC.4800KC0
HU,Hungary,2013,0.430183865978052,0.430183865978052,life-cycle GHG,JRC CoM Emission factors for national electricity 2024,Table3_EU_LC,https://data.jrc.ec.europa.eu/dataset/919df040-0252-4e4e-ad82-c054896e1641,10.2905/JRC.4800KC0
IE,Ireland,2013,0.595459903891515,0.595459903891515,life-cycle GHG,JRC CoM Emission factors for national electricity 2024,Table3_EU_LC,https://data.jrc.ec.europa.eu/dataset/919df040-0252-4e4e-ad82-c054896e1641,10.2905/JRC.4800KC0
IT,Italy,2013,0.452674022007273,0.452674022007273,life-cycle GHG,JRC CoM Emission factors for national electricity 2024,Table3_EU_LC,https://data.jrc.ec.europa.eu/dataset/919df040-0252-4e4e-ad82-c054896e1641,10.2905/JRC.4800KC0
LT,Lithuania,2013,0.164865362225665,0.164865362225665,life-cycle GHG,JRC CoM Emission factors for national electricity 2024,Table3_EU_LC,https://data.jrc.ec.europa.eu/dataset/919df040-0252-4e4e-ad82-c054896e1641,10.2905/JRC.4800KC0
LU,Luxembourg,2013,0.572388778370233,0.572388778370233,life-cycle GHG,JRC CoM Emission factors for national electricity 2024,Table3_EU_LC,https://data.jrc.ec.europa.eu/dataset/919df040-0252-4e4e-ad82-c054896e1641,10.2905/JRC.4800KC0
LV,Latvia,2013,0.805143725570927,0.805143725570927,life-cycle GHG,JRC CoM Emission factors for national electricity 2024,Table3_EU_LC,https://data.jrc.ec.europa.eu/dataset/919df040-0252-4e4e-ad82-c054896e1641,10.2905/JRC.4800KC0
MT,Malta,2013,1.0474117814245,1.0474117814245,life-cycle GHG,JRC CoM Emission factors for national electricity 2024,Table3_EU_LC,https://data.jrc.ec.europa.eu/dataset/919df040-0252-4e4e-ad82-c054896e1641,10.2905/JRC.4800KC0
NL,Netherlands,2013,0.572999472164765,0.572999472164765,life-cycle GHG,JRC CoM Emission factors for national electricity 2024,Table3_EU_LC,https://data.jrc.ec.europa.eu/dataset/919df040-0252-4e4e-ad82-c054896e1641,10.2905/JRC.4800KC0
PL,Poland,2013,1.08331519887902,1.08331519887902,life-cycle GHG,JRC CoM Emission factors for national electricity 2024,Table3_EU_LC,https://data.jrc.ec.europa.eu/dataset/919df040-0252-4e4e-ad82-c054896e1641,10.2905/JRC.4800KC0
PT,Portugal,2013,0.406528017711384,0.406528017711384,life-cycle GHG,JRC CoM Emission factors for national electricity 2024,Table3_EU_LC,https://data.jrc.ec.europa.eu/dataset/919df040-0252-4e4e-ad82-c054896e1641,10.2905/JRC.4800KC0
RO,Romania,2013,0.539441940691463,0.539441940691463,life-cycle GHG,JRC CoM Emission factors for national electricity 2024,Table3_EU_LC,https://data.jrc.ec.europa.eu/dataset/919df040-0252-4e4e-ad82-c054896e1641,10.2905/JRC.4800KC0
SE,Sweden,2013,0.0409381162687187,0.0409381162687187,life-cycle GHG,JRC CoM Emission factors for national electricity 2024,Table3_EU_LC,https://data.jrc.ec.europa.eu/dataset/919df040-0252-4e4e-ad82-c054896e1641,10.2905/JRC.4800KC0
SI,Slovenia,2013,0.337073167614305,0.337073167614305,life-cycle GHG,JRC CoM Emission factors for national electricity 2024,Table3_EU_LC,https://data.jrc.ec.europa.eu/dataset/919df040-0252-4e4e-ad82-c054896e1641,10.2905/JRC.4800KC0
SK,Slovakia,2013,0.40816519985439,0.40816519985439,life-cycle GHG,JRC CoM Emission factors for national electricity 2024,Table3_EU_LC,https://data.jrc.ec.europa.eu/dataset/919df040-0252-4e4e-ad82-c054896e1641,10.2905/JRC.4800KC0
AT,Austria,2014,0.353403188715575,0.353403188715575,life-cycle GHG,JRC CoM Emission factors for national electricity 2024,Table3_EU_LC,https://data.jrc.ec.europa.eu/dataset/919df040-0252-4e4e-ad82-c054896e1641,10.2905/JRC.4800KC0
BE,Belgium,2014,0.279832490993641,0.279832490993641,life-cycle GHG,JRC CoM Emission factors for national electricity 2024,Table3_EU_LC,https://data.jrc.ec.europa.eu/dataset/919df040-0252-4e4e-ad82-c054896e1641,10.2905/JRC.4800KC0
BG,Bulgaria,2014,0.678918027252374,0.678918027252374,life-cycle GHG,JRC CoM Emission factors for national electricity 2024,Table3_EU_LC,https://data.jrc.ec.europa.eu/dataset/919df040-0252-4e4e-ad82-c054896e1641,10.2905/JRC.4800KC0
CY,Cyprus,2014,0.908741264256093,0.908741264256093,life-cycle GHG,JRC CoM Emission factors for national electricity 2024,Table3_EU_LC,https://data.jrc.ec.europa.eu/dataset/919df040-0252-4e4e-ad82-c054896e1641,10.2905/JRC.4800KC0
CZ,Czechia,2014,0.754351936168159,0.754351936168159,life-cycle GHG,JRC CoM Emission factors for national electricity 2024,Table3_EU_LC,https://data.jrc.ec.europa.eu/dataset/919df040-0252-4e4e-ad82-c054896e1641,10.2905/JRC.4800KC0
DE,Germany,2014,0.588341995180052,0.588341995180052,life-cycle GHG,JRC CoM Emission factors for national electricity 2024,Table3_EU_LC,https://data.jrc.ec.europa.eu/dataset/919df040-0252-4e4e-ad82-c054896e1641,10.2905/JRC.4800KC0
DK,Denmark,2014,0.26722553726119,0.26722553726119,life-cycle GHG,JRC CoM Emission factors for national electricity 2024,Table3_EU_LC,https://data.jrc.ec.europa.eu/dataset/919df040-0252-4e4e-ad82-c054896e1641,10.2905/JRC.4800KC0
EE,Estonia,2014,1.25218987800468,1.25218987800468,life-cycle GHG,JRC CoM Emission factors for national electricity 2024,Table3_EU_LC,https://data.jrc.ec.europa.eu/dataset/919df040-0252-4e4e-ad82-c054896e1641,10.2905/JRC.4800KC0
EL,Greece,2014,0.863462862607034,0.863462862607034,life-cycle GHG,JRC CoM Emission factors for national electricity 2024,Table3_EU_LC,https://data.jrc.ec.europa.eu/dataset/919df040-0252-4e4e-ad82-c054896e1641,10.2905/JRC.4800KC0
ES,Spain,2014,0.378294171756513,0.378294171756513,life-cycle GHG,JRC CoM Emission factors for national electricity 2024,Table3_EU_LC,https://data.jrc.ec.europa.eu/dataset/919df040-0252-4e4e-ad82-c054896e1641,10.2905/JRC.4800KC0
FI,Finland,2014,0.143876139395766,0.143876139395766,life-cycle GHG,JRC CoM Emission factors for national electricity 2024,Table3_EU_LC,https://data.jrc.ec.europa.eu/dataset/919df040-0252-4e4e-ad82-c054896e1641,10.2905/JRC.4800KC0
FR,France,2014,0.0777384109269079,0.0777384109269079,life-cycle GHG,JRC CoM Emission factors for national electricity 2024,Table3_EU_LC,https://data.jrc.ec.europa.eu/dataset/919df040-0252-4e4e-ad82-c054896e1641,10.2905/JRC.4800KC0
HR,Croatia,2014,0.396158571761164,0.396158571761164,life-cycle GHG,JRC CoM Emission factors for national electricity 2024,Table3_EU_LC,https://data.jrc.ec.europa.eu/dataset/919df040-0252-4e4e-ad82-c054896e1641,10.2905/JRC.4800KC0
HU,Hungary,2014,0.398253690712753,0.398253690712753,life-cycle GHG,JRC CoM Emission factors for national electricity 2024,Table3_EU_LC,https://data.jrc.ec.europa.eu/dataset/919df040-0252-4e4e-ad82-c054896e1641,10.2905/JRC.4800KC0
IE,Ireland,2014,0.580270745834806,0.580270745834806,life-cycle GHG,JRC CoM Emission factors for national electricity 2024,Table3_EU_LC,https://data.jrc.ec.europa.eu/dataset/919df040-0252-4e4e-ad82-c054896e1641,10.2905/JRC.4800KC0
IT,Italy,2014,0.425518358208683,0.425518358208683,life-cycle GHG,JRC CoM Emission factors for national electricity 2024,Table3_EU_LC,https://data.jrc.ec.europa.eu/dataset/919df040-0252-4e4e-ad82-c054896e1641,10.2905/JRC.4800KC0
LT,Lithuania,2014,0.130303261739913,0.130303261739913,life-cycle GHG,JRC CoM Emission factors for national electricity 2024,Table3_EU_LC,https://data.jrc.ec.europa.eu/dataset/919df040-0252-4e4e-ad82-c054896e1641,10.2905/JRC.4800KC0
LU,Luxembourg,2014,0.541518153488587,0.541518153488587,life-cycle GHG,JRC CoM Emission factors for national electricity 2024,Table3_EU_LC,https://data.jrc.ec.europa.eu/dataset/919df040-0252-4e4e-ad82-c054896e1641,10.2905/JRC.4800KC0
LV,Latvia,2014,0.839240112984235,0.839240112984235,life-cycle GHG,JRC CoM Emission factors for national electricity 2024,Table3_EU_LC,https://data.jrc.ec.europa.eu/dataset/919df040-0252-4e4e-ad82-c054896e1641,10.2905/JRC.4800KC0
MT,Malta,2014,0.996327033804377,0.996327033804377,life-cycle GHG,JRC CoM Emission factors for national electricity 2024,Table3_EU_LC,https://data.jrc.ec.europa.eu/dataset/919df040-0252-4e4e-ad82-c054896e1641,10.2905/JRC.4800KC0
NL,Netherlands,2014,0.593741594031699,0.593741594031699,life-cycle GHG,JRC CoM Emission factors for national electricity 2024,Table3_EU_LC,https://data.jrc.ec.europa.eu/dataset/919df040-0252-4e4e-ad82-c054896e1641,10.2905/JRC.4800KC0
PL,Poland,2014,1.03353203142309,1.03353203142309,life-cycle GHG,JRC CoM Emission factors for national electricity 2024,Table3_EU_LC,https://data.jrc.ec.europa.eu/dataset/919df040-0252-4e4e-ad82-c054896e1641,10.2905/JRC.4800KC0
PT,Portugal,2014,0.395644733631545,0.395644733631545,life-cycle GHG,JRC CoM Emission factors for national electricity 2024,Table3_EU_LC,https://data.jrc.ec.europa.eu/dataset/919df040-0252-4e4e-ad82-c054896e1641,10.2905/JRC.4800KC0
RO,Romania,2014,0.483755618838346,0.483755618838346,life-cycle GHG,JRC CoM Emission factors for national electricity 2024,Table3_EU_LC,https://data.jrc.ec.europa.eu/dataset/919df040-0252-4e4e-ad82-c054896e1641,10.2905/JRC.4800KC0
SE,Sweden,2014,0.0296536995882602,0.0296536995882602,life-cycle GHG,JRC CoM Emission factors for national electricity 2024,Table3_EU_LC,https://data.jrc.ec.europa.eu/dataset/919df040-0252-4e4e-ad82-c054896e1641,10.2905/JRC.4800KC0
SI,Slovenia,2014,0.256588610946556,0.256588610946556,life-cycle GHG,JRC CoM Emission factors for national electricity 2024,Table3_EU_LC,https://data.jrc.ec.europa.eu/dataset/919df040-0252-4e4e-ad82-c054896e1641,10.2905/JRC.4800KC0
SK,Slovakia,2014,0.447131643863705,0.447131643863705,life-cycle GHG,JRC CoM Emission factors for national electricity 2024,Table3_EU_LC,https://data.jrc.ec.europa.eu/dataset/919df040-0252-4e4e-ad82-c054896e1641,10.2905/JRC.4800KC0
AT,Austria,2015,0.381329338449714,0.381329338449714,life-cycle GHG,JRC CoM Emission factors for national electricity 2024,Table3_EU_LC,https://data.jrc.ec.europa.eu/dataset/919df040-0252-4e4e-ad82-c054896e1641,10.2905/JRC.4800KC0
BE,Belgium,2015,0.325177883119499,0.325177883119499,life-cycle GHG,JRC CoM Emission factors for national electricity 2024,Table3_EU_LC,https://data.jrc.ec.europa.eu/dataset/919df040-0252-4e4e-ad82-c054896e1641,10.2905/JRC.4800KC0
BG,Bulgaria,2015,0.68111271130852,0.68111271130852,life-cycle GHG,JRC CoM Emission factors for national electricity 2024,Table3_EU_LC,https://data.jrc.ec.europa.eu/dataset/919df040-0252-4e4e-ad82-c054896e1641,10.2905/JRC.4800KC0
CY,Cyprus,2015,0.90876124606396,0.90876124606396,life-cycle GHG,JRC CoM Emission factors for national electricity 2024,Table3_EU_LC,https://data.jrc.ec.europa.eu/dataset/919df040-0252-4e4e-ad82-c054896e1641,10.2905/JRC.4800KC0
CZ,Czechia,2015,0.773936250977492,0.773936250977492,life-cycle GHG,JRC CoM Emission factors for national electricity 2024,Table3_EU_LC,https://data.jrc.ec.europa.eu/dataset/919df040-0252-4e4e-ad82-c054896e1641,10.2905/JRC.4800KC0
DE,Germany,2015,0.567271019509696,0.567271019509696,life-cycle GHG,JRC CoM Emission factors for national electricity 2024,Table3_EU_LC,https://data.jrc.ec.europa.eu/dataset/919df040-0252-4e4e-ad82-c054896e1641,10.2905/JRC.4800KC0
DK,Denmark,2015,0.170801094480563,0.170801094480563,life-cycle GHG,JRC CoM Emission factors for national electricity 2024,Table3_EU_LC,https://data.jrc.ec.europa.eu/dataset/919df040-0252-4e4e-ad82-c054896e1641,10.2905/JRC.4800KC0
EE,Estonia,2015,0.820167616494375,0.820167616494375,life-cycle GHG,JRC CoM Emission factors for national electricity 2024,Table3_EU_LC,https://data.jrc.ec.europa.eu/dataset/919df040-0252-4e4e-ad82-c054896e1641,10.2905/JRC.4800KC0
EL,Greece,2015,0.759402959535934,0.759402959535934,life-cycle GHG,JRC CoM Emission factors for national electricity 2024,Table3_EU_LC,https://data.jrc.ec.europa.eu/dataset/919df040-0252-4e4e-ad82-c054896e1641,10.2905/JRC.4800KC0
ES,Spain,2015,0.427941887676731,0.427941887676731,life-cycle GHG,JRC CoM Emission factors for national electricity 2024,Table3_EU_LC,https://data.jrc.ec.europa.eu/dataset/919df040-0252-4e4e-ad82-c054896e1641,10.2905/JRC.4800KC0
FI,Finland,2015,0.105689809824673,0.105689809824673,life-cycle GHG,JRC CoM Emission factors for national electricity 2024,Table3_EU_LC,https://data.jrc.ec.europa.eu/dataset/919df040-0252-4e4e-ad82-c054896e1641,10.2905/JRC.4800KC0
FR,France,2015,0.0835962881491309,0.0835962881491309,life-cycle GHG,JRC CoM Emission factors for national electricity 2024,Table3_EU_LC,https://data.jrc.ec.europa.eu/dataset/919df040-0252-4e4e-ad82-c054896e1641,10.2905/JRC.4800KC0
HR,Croatia,2015,0.51672329387041,0.51672329387041,life-cycle GHG,JRC CoM Emission factors for national electricity 2024,Table3_EU_LC,https://data.jrc.ec.europa.eu/dataset/919df040-0252-4e4e-ad82-c054896e1641,10.2905/JRC.4800KC0
HU,Hungary,2015,0.388484580236008,0.388484580236008,life-cycle GHG,JRC CoM Emission factors for national electricity 2024,Table3_EU_LC,https://data.jrc.ec.europa.eu/dataset/919df040-0252-4e4e-ad82-c054896e1641,10.2905/JRC.4800KC0
IE,Ireland,2015,0.555583318027842,0.555583318027842,life-cycle GHG,JRC CoM Emission factors for national electricity 2024,Table3_EU_LC,https://data.jrc.ec.europa.eu/dataset/919df040-0252-4e4e-ad82-c054896e1641,10.2905/JRC.4800KC0
IT,Italy,2015,0.437124354575105,0.437124354575105,life-cycle GHG,JRC CoM Emission factors for national electricity 2024,Table3_EU_LC,https://data.jrc.ec.europa.eu/dataset/919df040-0252-4e4e-ad82-c054896e1641,10.2905/JRC.4800KC0
LT,Lithuania,2015,0.163568264018873,0.163568264018873,life-cycle GHG,JRC CoM Emission factors for national electricity 2024,Table3_EU_LC,https://data.jrc.ec.europa.eu/dataset/919df040-0252-4e4e-ad82-c054896e1641,10.2905/JRC.4800KC0
LU,Luxembourg,2015,0.551418960225734,0.551418960225734,life-cycle GHG,JRC CoM Emission factors for national electricity 2024,Table3_EU_LC,https://data.jrc.ec.europa.eu/dataset/919df040-0252-4e4e-ad82-c054896e1641,10.2905/JRC.4800KC0
LV,Latvia,2015,0.825688194470815,0.825688194470815,life-cycle GHG,JRC CoM Emission factors for national electricity 2024,Table3_EU_LC,https://data.jrc.ec.europa.eu/dataset/919df040-0252-4e4e-ad82-c054896e1641,10.2905/JRC.4800KC0
MT,Malta,2015,0.716480222193907,0.716480222193907,life-cycle GHG,JRC CoM Emission factors for national electricity 2024,Table3_EU_LC,https://data.jrc.ec.europa.eu/dataset/919df040-0252-4e4e-ad82-c054896e1641,10.2905/JRC.4800KC0
NL,Netherlands,2015,0.609750945470187,0.609750945470187,life-cycle GHG,JRC CoM Emission factors for national electricity 2024,Table3_EU_LC,https://data.jrc.ec.europa.eu/dataset/919df040-0252-4e4e-ad82-c054896e1641,10.2905/JRC.4800KC0
PL,Poland,2015,1.00667419366101,1.00667419366101,life-cycle GHG,JRC CoM Emission factors for national electricity 2024,Table3_EU_LC,https://data.jrc.ec.europa.eu/dataset/919df040-0252-4e4e-ad82-c054896e1641,10.2905/JRC.4800KC0
PT,Portugal,2015,0.493532260404579,0.493532260404579,life-cycle GHG,JRC CoM Emission factors for national electricity 2024,Table3_EU_LC,https://data.jrc.ec.europa.eu/dataset/919df040-0252-4e4e-ad82-c054896e1641,10.2905/JRC.4800KC0
RO,Romania,2015,0.508468001308529,0.508468001308529,life-cycle GHG,JRC CoM Emission factors for national electricity 2024,Table3_EU_LC,https://data.jrc.ec.europa.eu/dataset/919df040-0252-4e4e-ad82-c054896e1641,10.2905/JRC.4800KC0
SE,Sweden,2015,0.0226676810045854,0.0226676810045854,life-cycle GHG,JRC CoM Emission factors for national electricity 2024,Table3_EU_LC,https://data.jrc.ec.europa.eu/dataset/919df040-0252-4e4e-ad82-c054896e1641,10.2905/JRC.4800KC0
SI,Slovenia,2015,0.285906871283442,0.285906871283442,life-cycle GHG,JRC CoM Emission factors for national electricity 2024,Table3_EU_LC,https://data.jrc.ec.europa.eu/dataset/919df040-0252-4e4e-ad82-c054896e1641,10.2905/JRC.4800KC0
SK,Slovakia,2015,0.503449807659676,0.503449807659676,life-cycle GHG,JRC CoM Emission factors for national electricity 2024,Table3_EU_LC,https://data.jrc.ec.europa.eu/dataset/919df040-0252-4e4e-ad82-c054896e1641,10.2905/JRC.4800KC0
AT,Austria,2016,0.34332935641539,0.34332935641539,life-cycle GHG,JRC CoM Emission factors for national electricity 2024,Table3_EU_LC,https://data.jrc.ec.europa.eu/dataset/919df040-0252-4e4e-ad82-c054896e1641,10.2905/JRC.4800KC0
BE,Belgium,2016,0.259856848356181,0.259856848356181,life-cycle GHG,JRC CoM Emission factors for national electricity 2024,Table3_EU_LC,https://data.jrc.ec.europa.eu/dataset/919df040-0252-4e4e-ad82-c054896e1641,10.2905/JRC.4800KC0
BG,Bulgaria,2016,0.64238966928762,0.64238966928762,life-cycle GHG,JRC CoM Emission factors for national electricity 2024,Table3_EU_LC,https://data.jrc.ec.europa.eu/dataset/919df040-0252-4e4e-ad82-c054896e1641,10.2905/JRC.4800KC0
CY,Cyprus,2016,0.920721922650517,0.920721922650517,life-cycle GHG,JRC CoM Emission factors for national electricity 2024,Table3_EU_LC,https://data.jrc.ec.europa.eu/dataset/919df040-0252-4e4e-ad82-c054896e1641,10.2905/JRC.4800KC0
CZ,Czechia,2016,0.764080814851862,0.764080814851862,life-cycle GHG,JRC CoM Emission factors for national electricity 2024,Table3_EU_LC,https://data.jrc.ec.europa.eu/dataset/919df040-0252-4e4e-ad82-c054896e1641,10.2905/JRC.4800KC0
DE,Germany,2016,0.57029443117711,0.57029443117711,life-cycle GHG,JRC CoM Emission factors for national electricity 2024,Table3_EU_LC,https://data.jrc.ec.europa.eu/dataset/919df040-0252-4e4e-ad82-c054896e1641,10.2905/JRC.4800KC0
DK,Denmark,2016,0.236803364632996,0.236803364632996,life-cycle GHG,JRC CoM Emission factors for national electricity 2024,Table3_EU_LC,https://data.jrc.ec.europa.eu/dataset/919df040-0252-4e4e-ad82-c054896e1641,10.2905/JRC.4800KC0
EE,Estonia,2016,1.19206781475223,1.19206781475223,life-cycle GHG,JRC CoM Emission factors for national electricity 2024,Table3_EU_LC,https://data.jrc.ec.europa.eu/dataset/919df040-0252-4e4e-ad82-c054896e1641,10.2905/JRC.4800KC0
EL,Greece,2016,0.645064362890569,0.645064362890569,life-cycle GHG,JRC CoM Emission factors for national electricity 2024,Table3_EU_LC,https://data.jrc.ec.europa.eu/dataset/919df040-0252-4e4e-ad82-c054896e1641,10.2905/JRC.4800KC0
ES,Spain,2016,0.366580571899028,0.366580571899028,life-cycle GHG,JRC CoM Emission factors for national electricity 2024,Table3_EU_LC,https://data.jrc.ec.europa.eu/dataset/919df040-0252-4e4e-ad82-c054896e1641,10.2905/JRC.4800KC0
FI,Finland,2016,0.119977671532858,0.119977671532858,life-cycle GHG,JRC CoM Emission factors for national electricity 2024,Table3_EU_LC,https://data.jrc.ec.europa.eu/dataset/919df040-0252-4e4e-ad82-c054896e1641,10.2905/JRC.4800KC0
FR,France,2016,0.095759356453364,0.095759356453364,life-cycle GHG,JRC CoM Emission factors for national electricity 2024,Table3_EU_LC,https://data.jrc.ec.europa.eu/dataset/919df040-0252-4e4e-ad82-c054896e1641,10.2905/JRC.4800KC0
HR,Croatia,2016,0.550008931490445,0.550008931490445,life-cycle GHG,JRC CoM Emission factors for national electricity 2024,Table3_EU_LC,https://data.jrc.ec.europa.eu/dataset/919df040-0252-4e4e-ad82-c054896e1641,10.2905/JRC.4800KC0
HU,Hungary,2016,0.387843910171664,0.387843910171664,life-cycle GHG,JRC CoM Emission factors for national electricity 2024,Table3_EU_LC,https://data.jrc.ec.europa.eu/dataset/919df040-0252-4e4e-ad82-c054896e1641,10.2905/JRC.4800KC0
IE,Ireland,2016,0.555293008170648,0.555293008170648,life-cycle GHG,JRC CoM Emission factors for national electricity 2024,Table3_EU_LC,https://data.jrc.ec.europa.eu/dataset/919df040-0252-4e4e-ad82-c054896e1641,10.2905/JRC.4800KC0
IT,Italy,2016,0.433000660790227,0.433000660790227,life-cycle GHG,JRC CoM Emission factors for national electricity 2024,Table3_EU_LC,https://data.jrc.ec.europa.eu/dataset/919df040-0252-4e4e-ad82-c054896e1641,10.2905/JRC.4800KC0
LT,Lithuania,2016,0.123244532065985,0.123244532065985,life-cycle GHG,JRC CoM Emission factors for national electricity 2024,Table3_EU_LC,https://data.jrc.ec.europa.eu/dataset/919df040-0252-4e4e-ad82-c054896e1641,10.2905/JRC.4800KC0
LU,Luxembourg,2016,0.532731573373647,0.532731573373647,life-cycle GHG,JRC CoM Emission factors for national electricity 2024,Table3_EU_LC,https://data.jrc.ec.europa.eu/dataset/919df040-0252-4e4e-ad82-c054896e1641,10.2905/JRC.4800KC0
LV,Latvia,2016,0.658044095019136,0.658044095019136,life-cycle GHG,JRC CoM Emission factors for national electricity 2024,Table3_EU_LC,https://data.jrc.ec.europa.eu/dataset/919df040-0252-4e4e-ad82-c054896e1641,10.2905/JRC.4800KC0
MT,Malta,2016,0.633466533442623,0.633466533442623,life-cycle GHG,JRC CoM Emission factors for national electricity 2024,Table3_EU_LC,https://data.jrc.ec.europa.eu/dataset/919df040-0252-4e4e-ad82-c054896e1641,10.2905/JRC.4800KC0
NL,Netherlands,2016,0.590094987078498,0.590094987078498,life-cycle GHG,JRC CoM Emission factors for national electricity 2024,Table3_EU_LC,https://data.jrc.ec.europa.eu/dataset/919df040-0252-4e4e-ad82-c054896e1641,10.2905/JRC.4800KC0
PL,Poland,2016,0.980201611576145,0.980201611576145,life-cycle GHG,JRC CoM Emission factors for national electricity 2024,Table3_EU_LC,https://data.jrc.ec.europa.eu/dataset/919df040-0252-4e4e-ad82-c054896e1641,10.2905/JRC.4800KC0
PT,Portugal,2016,0.415324565579365,0.415324565579365,life-cycle GHG,JRC CoM Emission factors for national electricity 2024,Table3_EU_LC,https://data.jrc.ec.europa.eu/dataset/919df040-0252-4e4e-ad82-c054896e1641,10.2905/JRC.4800KC0
RO,Romania,2016,0.488294077480476,0.488294077480476,life-cycle GHG,JRC CoM Emission factors for national electricity 2024,Table3_EU_LC,https://data.jrc.ec.europa.eu/dataset/919df040-0252-4e4e-ad82-c054896e1641,10.2905/JRC.4800KC0
SE,Sweden,2016,0.0319621109973252,0.0319621109973252,life-cycle GHG,JRC CoM Emission factors for national electricity 2024,Table3_EU_LC,https://data.jrc.ec.europa.eu/dataset/919df040-0252-4e4e-ad82-c054896e1641,10.2905/JRC.4800KC0
SI,Slovenia,2016,0.287425410799805,0.287425410799805,life-cycle GHG,JRC CoM Emission factors for national electricity 2024,Table3_EU_LC,https://data.jrc.ec.europa.eu/dataset/919df040-0252-4e4e-ad82-c054896e1641,10.2905/JRC.4800KC0
SK,Slovakia,2016,0.455263256308308,0.455263256308308,life-cycle GHG,JRC CoM Emission factors for national electricity 2024,Table3_EU_LC,https://data.jrc.ec.europa.eu/dataset/919df040-0252-4e4e-ad82-c054896e1641,10.2905/JRC.4800KC0
AT,Austria,2017,0.359281236773108,0.359281236773108,life-cycle GHG,JRC CoM Emission factors for national electricity 2024,Table3_EU_LC,https://data.jrc.ec.europa.eu/dataset/919df040-0252-4e4e-ad82-c054896e1641,10.2905/JRC.4800KC0
BE,Belgium,2017,0.260562269801315,0.260562269801315,life-cycle GHG,JRC CoM Emission factors for national electricity 2024,Table3_EU_LC,https://data.jrc.ec.europa.eu/dataset/919df040-0252-4e4e-ad82-c054896e1641,10.2905/JRC.4800KC0
BG,Bulgaria,2017,0.690866082545576,0.690866082545576,life-cycle GHG,JRC CoM Emission factors for national electricity 2024,Table3_EU_LC,https://data.jrc.ec.europa.eu/dataset/919df040-0252-4e4e-ad82-c054896e1641,10.2905/JRC.4800KC0
CY,Cyprus,2017,0.899328123388046,0.899328123388046,life-cycle GHG,JRC CoM Emission factors for national electricity 2024,Table3_EU_LC,https://data.jrc.ec.europa.eu/dataset/919df040-0252-4e4e-ad82-c054896e1641,10.2905/JRC.4800KC0
CZ,Czechia,2017,0.708681607898377,0.708681607898377,life-cycle GHG,JRC CoM Emission factors for national electricity 2024,Table3_EU_LC,https://data.jrc.ec.europa.eu/dataset/919df040-0252-4e4e-ad82-c054896e1641,10.2905/JRC.4800KC0
DE,Germany,2017,0.532472784087645,0.532472784087645,life-cycle GHG,JRC CoM Emission factors for national electricity 2024,Table3_EU_LC,https://data.jrc.ec.europa.eu/dataset/919df040-0252-4e4e-ad82-c054896e1641,10.2905/JRC.4800KC0
DK,Denmark,2017,0.176299793109948,0.176299793109948,life-cycle GHG,JRC CoM Emission factors for national electricity 2024,Table3_EU_LC,https://data.jrc.ec.europa.eu/dataset/919df040-0252-4e4e-ad82-c054896e1641,10.2905/JRC.4800KC0
EE,Estonia,2017,1.43818435072893,1.43818435072893,life-cycle GHG,JRC CoM Emission factors for national electricity 2024,Table3_EU_LC,https://data.jrc.ec.europa.eu/dataset/919df040-0252-4e4e-ad82-c054896e1641,10.2905/JRC.4800KC0
EL,Greece,2017,0.695268752805197,0.695268752805197,life-cycle GHG,JRC CoM Emission factors for national electricity 2024,Table3_EU_LC,https://data.jrc.ec.europa.eu/dataset/919df040-0252-4e4e-ad82-c054896e1641,10.2905/JRC.4800KC0
ES,Spain,2017,0.417126990092436,0.417126990092436,life-cycle GHG,JRC CoM Emission factors for national electricity 2024,Table3_EU_LC,https://data.jrc.ec.europa.eu/dataset/919df040-0252-4e4e-ad82-c054896e1641,10.2905/JRC.4800KC0
FI,Finland,2017,0.116619503331294,0.116619503331294,life-cycle GHG,JRC CoM Emission factors for national electricity 2024,Table3_EU_LC,https://data.jrc.ec.europa.eu/dataset/919df040-0252-4e4e-ad82-c054896e1641,10.2905/JRC.4800KC0
FR,France,2017,0.107792448762946,0.107792448762946,life-cycle GHG,JRC CoM Emission factors for national electricity 2024,Table3_EU_LC,https://data.jrc.ec.europa.eu/dataset/919df040-0252-4e4e-ad82-c054896e1641,10.2905/JRC.4800KC0
HR,Croatia,2017,0.460603808179375,0.460603808179375,life-cycle GHG,JRC CoM Emission factors for national electricity 2024,Table3_EU_LC,https://data.jrc.ec.europa.eu/dataset/919df040-0252-4e4e-ad82-c054896e1641,10.2905/JRC.4800KC0
HU,Hungary,2017,0.324020578554498,0.324020578554498,life-cycle GHG,JRC CoM Emission factors for national electricity 2024,Table3_EU_LC,https://data.jrc.ec.europa.eu/dataset/919df040-0252-4e4e-ad82-c054896e1641,10.2905/JRC.4800KC0
IE,Ireland,2017,0.514872728654308,0.514872728654308,life-cycle GHG,JRC CoM Emission factors for national electricity 2024,Table3_EU_LC,https://data.jrc.ec.europa.eu/dataset/919df040-0252-4e4e-ad82-c054896e1641,10.2905/JRC.4800KC0
IT,Italy,2017,0.432083741204007,0.432083741204007,life-cycle GHG,JRC CoM Emission factors for national electricity 2024,Table3_EU_LC,https://data.jrc.ec.europa.eu/dataset/919df040-0252-4e4e-ad82-c054896e1641,10.2905/JRC.4800KC0
LT,Lithuania,2017,0.0897767322723487,0.0897767322723487,life-cycle GHG,JRC CoM Emission factors for national electricity 2024,Table3_EU_LC,https://data.jrc.ec.europa.eu/dataset/919df040-0252-4e4e-ad82-c054896e1641,10.2905/JRC.4800KC0
LU,Luxembourg,2017,0.493591267277561,0.493591267277561,life-cycle GHG,JRC CoM Emission factors for national electricity 2024,Table3_EU_LC,https://data.jrc.ec.europa.eu/dataset/919df040-0252-4e4e-ad82-c054896e1641,10.2905/JRC.4800KC0
LV,Latvia,2017,0.51830288711941,0.51830288711941,life-cycle GHG,JRC CoM Emission factors for national electricity 2024,Table3_EU_LC,https://data.jrc.ec.europa.eu/dataset/919df040-0252-4e4e-ad82-c054896e1641,10.2905/JRC.4800KC0
MT,Malta,2017,0.551188888159745,0.551188888159745,life-cycle GHG,JRC CoM Emission factors for national electricity 2024,Table3_EU_LC,https://data.jrc.ec.europa.eu/dataset/919df040-0252-4e4e-ad82-c054896e1641,10.2905/JRC.4800KC0
NL,Netherlands,2017,0.552290863782107,0.552290863782107,life-cycle GHG,JRC CoM Emission factors for national electricity 2024,Table3_EU_LC,https://data.jrc.ec.europa.eu/dataset/919df040-0252-4e4e-ad82-c054896e1641,10.2905/JRC.4800KC0
PL,Poland,2017,0.966668222513313,0.966668222513313,life-cycle GHG,JRC CoM Emission factors for national electricity 2024,Table3_EU_LC,https://data.jrc.ec.europa.eu/dataset/919df040-0252-4e4e-ad82-c054896e1641,10.2905/JRC.4800KC0
PT,Portugal,2017,0.522287350401541,0.522287350401541,life-cycle GHG,JRC CoM Emission factors for national electricity 2024,Table3_EU_LC,https://data.jrc.ec.europa.eu/dataset/919df040-0252-4e4e-ad82-c054896e1641,10.2905/JRC.4800KC0
RO,Romania,2017,0.518424248207458,0.518424248207458,life-cycle GHG,JRC CoM Emission factors for national electricity 2024,Table3_EU_LC,https://data.jrc.ec.europa.eu/dataset/919df040-0252-4e4e-ad82-c054896e1641,10.2905/JRC.4800KC0
SE,Sweden,2017,0.026147887158385,0.026147887158385,life-cycle GHG,JRC CoM Emission factors for national electricity 2024,Table3_EU_LC,https://data.jrc.ec.europa.eu/dataset/919df040-0252-4e4e-ad82-c054896e1641,10.2905/JRC.4800KC0
SI,Slovenia,2017,0.270243666751578,0.270243666751578,life-cycle GHG,JRC CoM Emission factors for national electricity 2024,Table3_EU_LC,https://data.jrc.ec.europa.eu/dataset/919df040-0252-4e4e-ad82-c054896e1641,10.2905/JRC.4800KC0
SK,Slovakia,2017,0.470231570912889,0.470231570912889,life-cycle GHG,JRC CoM Emission factors for national electricity 2024,Table3_EU_LC,https://data.jrc.ec.europa.eu/dataset/919df040-0252-4e4e-ad82-c054896e1641,10.2905/JRC.4800KC0
AT,Austria,2018,0.33022511686247,0.33022511686247,life-cycle GHG,JRC CoM Emission factors for national electricity 2024,Table3_EU_LC,https://data.jrc.ec.europa.eu/dataset/919df040-0252-4e4e-ad82-c054896e1641,10.2905/JRC.4800KC0
BE,Belgium,2018,0.27514705832542,0.27514705832542,life-cycle GHG,JRC CoM Emission factors for national electricity 2024,Table3_EU_LC,https://data.jrc.ec.europa.eu/dataset/919df040-0252-4e4e-ad82-c054896e1641,10.2905/JRC.4800KC0
BG,Bulgaria,2018,0.598875547025079,0.598875547025079,life-cycle GHG,JRC CoM Emission factors for national electricity 2024,Table3_EU_LC,https://data.jrc.ec.europa.eu/dataset/919df040-0252-4e4e-ad82-c054896e1641,10.2905/JRC.4800KC0
CY,Cyprus,2018,0.88592288436213,0.88592288436213,life-cycle GHG,JRC CoM Emission factors for national electricity 2024,Table3_EU_LC,https://data.jrc.ec.europa.eu/dataset/919df040-0252-4e4e-ad82-c054896e1641,10.2905/JRC.4800KC0
CZ,Czechia,2018,0.680326061435447,0.680326061435447,life-cycle GHG,JRC CoM Emission factors for national electricity 2024,Table3_EU_LC,https://data.jrc.ec.europa.eu/dataset/919df040-0252-4e4e-ad82-c054896e1641,10.2905/JRC.4800KC0
DE,Germany,2018,0.509870852663612,0.509870852663612,life-cycle GHG,JRC CoM Emission factors for national electricity 2024,Table3_EU_LC,https://data.jrc.ec.europa.eu/dataset/919df040-0252-4e4e-ad82-c054896e1641,10.2905/JRC.4800KC0
DK,Denmark,2018,0.205798265484046,0.205798265484046,life-cycle GHG,JRC CoM Emission factors for national electricity 2024,Table3_EU_LC,https://data.jrc.ec.europa.eu/dataset/919df040-0252-4e4e-ad82-c054896e1641,10.2905/JRC.4800KC0
EE,Estonia,2018,1.24342904593616,1.24342904593616,life-cycle GHG,JRC CoM Emission factors for national electricity 2024,Table3_EU_LC,https://data.jrc.ec.europa.eu/dataset/919df040-0252-4e4e-ad82-c054896e1641,10.2905/JRC.4800KC0
EL,Greece,2018,0.719543452286701,0.719543452286701,life-cycle GHG,JRC CoM Emission factors for national electricity 2024,Table3_EU_LC,https://data.jrc.ec.europa.eu/dataset/919df040-0252-4e4e-ad82-c054896e1641,10.2905/JRC.4800KC0
ES,Spain,2018,0.375101604605025,0.375101604605025,life-cycle GHG,JRC CoM Emission factors for national electricity 2024,Table3_EU_LC,https://data.jrc.ec.europa.eu/dataset/919df040-0252-4e4e-ad82-c054896e1641,10.2905/JRC.4800KC0
FI,Finland,2018,0.129447086321646,0.129447086321646,life-cycle GHG,JRC CoM Emission factors for national electricity 2024,Table3_EU_LC,https://data.jrc.ec.europa.eu/dataset/919df040-0252-4e4e-ad82-c054896e1641,10.2905/JRC.4800KC0
FR,France,2018,0.085123232425225,0.085123232425225,life-cycle GHG,JRC CoM Emission factors for national electricity 2024,Table3_EU_LC,https://data.jrc.ec.europa.eu/dataset/919df040-0252-4e4e-ad82-c054896e1641,10.2905/JRC.4800KC0
HR,Croatia,2018,0.515765273318299,0.515765273318299,life-cycle GHG,JRC CoM Emission factors for national electricity 2024,Table3_EU_LC,https://data.jrc.ec.europa.eu/dataset/919df040-0252-4e4e-ad82-c054896e1641,10.2905/JRC.4800KC0
HU,Hungary,2018,0.338387234963733,0.338387234963733,life-cycle GHG,JRC CoM Emission factors for national electricity 2024,Table3_EU_LC,https://data.jrc.ec.europa.eu/dataset/919df040-0252-4e4e-ad82-c054896e1641,10.2905/JRC.4800KC0
IE,Ireland,2018,0.448469147609676,0.448469147609676,life-cycle GHG,JRC CoM Emission factors for national electricity 2024,Table3_EU_LC,https://data.jrc.ec.europa.eu/dataset/919df040-0252-4e4e-ad82-c054896e1641,10.2905/JRC.4800KC0
IT,Italy,2018,0.402736706123646,0.402736706123646,life-cycle GHG,JRC CoM Emission factors for national electricity 2024,Table3_EU_LC,https://data.jrc.ec.europa.eu/dataset/919df040-0252-4e4e-ad82-c054896e1641,10.2905/JRC.4800KC0
LT,Lithuania,2018,0.128998239766565,0.128998239766565,life-cycle GHG,JRC CoM Emission factors for national electricity 2024,Table3_EU_LC,https://data.jrc.ec.europa.eu/dataset/919df040-0252-4e4e-ad82-c054896e1641,10.2905/JRC.4800KC0
LU,Luxembourg,2018,0.450725927360692,0.450725927360692,life-cycle GHG,JRC CoM Emission factors for national electricity 2024,Table3_EU_LC,https://data.jrc.ec.europa.eu/dataset/919df040-0252-4e4e-ad82-c054896e1641,10.2905/JRC.4800KC0
LV,Latvia,2018,0.654838685874989,0.654838685874989,life-cycle GHG,JRC CoM Emission factors for national electricity 2024,Table3_EU_LC,https://data.jrc.ec.europa.eu/dataset/919df040-0252-4e4e-ad82-c054896e1641,10.2905/JRC.4800KC0
MT,Malta,2018,0.489378068130078,0.489378068130078,life-cycle GHG,JRC CoM Emission factors for national electricity 2024,Table3_EU_LC,https://data.jrc.ec.europa.eu/dataset/919df040-0252-4e4e-ad82-c054896e1641,10.2905/JRC.4800KC0
NL,Netherlands,2018,0.533243145947195,0.533243145947195,life-cycle GHG,JRC CoM Emission factors for national electricity 2024,Table3_EU_LC,https://data.jrc.ec.europa.eu/dataset/919df040-0252-4e4e-ad82-c054896e1641,10.2905/JRC.4800KC0
PL,Poland,2018,0.944697436888376,0.944697436888376,life-cycle GHG,JRC CoM Emission factors for national electricity 2024,Table3_EU_LC,https://data.jrc.ec.europa.eu/dataset/919df040-0252-4e4e-ad82-c054896e1641,10.2905/JRC.4800KC0
PT,Portugal,2018,0.431878064018314,0.431878064018314,life-cycle GHG,JRC CoM Emission factors for national electricity 2024,Table3_EU_LC,https://data.jrc.ec.europa.eu/dataset/919df040-0252-4e4e-ad82-c054896e1641,10.2905/JRC.4800KC0
RO,Romania,2018,0.498777649311666,0.498777649311666,life-cycle GHG,JRC CoM Emission factors for national electricity 2024,Table3_EU_LC,https://data.jrc.ec.europa.eu/dataset/919df040-0252-4e4e-ad82-c054896e1641,10.2905/JRC.4800KC0
SE,Sweden,2018,0.0300813763364462,0.0300813763364462,life-cycle GHG,JRC CoM Emission factors for national electricity 2024,Table3_EU_LC,https://data.jrc.ec.europa.eu/dataset/919df040-0252-4e4e-ad82-c054896e1641,10.2905/JRC.4800KC0
SI,Slovenia,2018,0.248931835736046,0.248931835736046,life-cycle GHG,JRC CoM Emission factors for national electricity 2024,Table3_EU_LC,https://data.jrc.ec.europa.eu/dataset/919df040-0252-4e4e-ad82-c054896e1641,10.2905/JRC.4800KC0
SK,Slovakia,2018,0.408601292495955,0.408601292495955,life-cycle GHG,JRC CoM Emission factors for national electricity 2024,Table3_EU_LC,https://data.jrc.ec.europa.eu/dataset/919df040-0252-4e4e-ad82-c054896e1641,10.2905/JRC.4800KC0
AT,Austria,2019,0.29254487493272,0.29254487493272,life-cycle GHG,JRC CoM Emission factors for national electricity 2024,Table3_EU_LC,https://data.jrc.ec.europa.eu/dataset/919df040-0252-4e4e-ad82-c054896e1641,10.2905/JRC.4800KC0
BE,Belgium,2019,0.230388555151416,0.230388555151416,life-cycle GHG,JRC CoM Emission factors for national electricity 2024,Table3_EU_LC,https://data.jrc.ec.europa.eu/dataset/919df040-0252-4e4e-ad82-c054896e1641,10.2905/JRC.4800KC0
BG,Bulgaria,2019,0.573845753702202,0.573845753702202,life-cycle GHG,JRC CoM Emission factors for national electricity 2024,Table3_EU_LC,https://data.jrc.ec.europa.eu/dataset/919df040-0252-4e4e-ad82-c054896e1641,10.2905/JRC.4800KC0
CY,Cyprus,2019,0.858811902888308,0.858811902888308,life-cycle GHG,JRC CoM Emission factors for national electricity 2024,Table3_EU_LC,https://data.jrc.ec.europa.eu/dataset/919df040-0252-4e4e-ad82-c054896e1641,10.2905/JRC.4800KC0
CZ,Czechia,2019,0.624089843691911,0.624089843691911,life-cycle GHG,JRC CoM Emission factors for national electricity 2024,Table3_EU_LC,https://data.jrc.ec.europa.eu/dataset/919df040-0252-4e4e-ad82-c054896e1641,10.2905/JRC.4800KC0
DE,Germany,2019,0.441606336190274,0.441606336190274,life-cycle GHG,JRC CoM Emission factors for national electricity 2024,Table3_EU_LC,https://data.jrc.ec.europa.eu/dataset/919df040-0252-4e4e-ad82-c054896e1641,10.2905/JRC.4800KC0
DK,Denmark,2019,0.170596875513752,0.170596875513752,life-cycle GHG,JRC CoM Emission factors for national electricity 2024,Table3_EU_LC,https://data.jrc.ec.europa.eu/dataset/919df040-0252-4e4e-ad82-c054896e1641,10.2905/JRC.4800KC0
EE,Estonia,2019,0.725161843903765,0.725161843903765,life-cycle GHG,JRC CoM Emission factors for national electricity 2024,Table3_EU_LC,https://data.jrc.ec.europa.eu/dataset/919df040-0252-4e4e-ad82-c054896e1641,10.2905/JRC.4800KC0
EL,Greece,2019,0.651403417464393,0.651403417464393,life-cycle GHG,JRC CoM Emission factors for national electricity 2024,Table3_EU_LC,https://data.jrc.ec.europa.eu/dataset/919df040-0252-4e4e-ad82-c054896e1641,10.2905/JRC.4800KC0
ES,Spain,2019,0.30147472727138,0.30147472727138,life-cycle GHG,JRC CoM Emission factors for national electricity 2024,Table3_EU_LC,https://data.jrc.ec.europa.eu/dataset/919df040-0252-4e4e-ad82-c054896e1641,10.2905/JRC.4800KC0
FI,Finland,2019,0.0954827773945797,0.0954827773945797,life-cycle GHG,JRC CoM Emission factors for national electricity 2024,Table3_EU_LC,https://data.jrc.ec.europa.eu/dataset/919df040-0252-4e4e-ad82-c054896e1641,10.2905/JRC.4800KC0
FR,France,2019,0.0861057675252705,0.0861057675252705,life-cycle GHG,JRC CoM Emission factors for national electricity 2024,Table3_EU_LC,https://data.jrc.ec.europa.eu/dataset/919df040-0252-4e4e-ad82-c054896e1641,10.2905/JRC.4800KC0
HR,Croatia,2019,0.385976740925831,0.385976740925831,life-cycle GHG,JRC CoM Emission factors for national electricity 2024,Table3_EU_LC,https://data.jrc.ec.europa.eu/dataset/919df040-0252-4e4e-ad82-c054896e1641,10.2905/JRC.4800KC0
HU,Hungary,2019,0.28924713013931,0.28924713013931,life-cycle GHG,JRC CoM Emission factors for national electricity 2024,Table3_EU_LC,https://data.jrc.ec.europa.eu/dataset/919df040-0252-4e4e-ad82-c054896e1641,10.2905/JRC.4800KC0
IE,Ireland,2019,0.401095296514862,0.401095296514862,life-cycle GHG,JRC CoM Emission factors for national electricity 2024,Table3_EU_LC,https://data.jrc.ec.europa.eu/dataset/919df040-0252-4e4e-ad82-c054896e1641,10.2905/JRC.4800KC0
IT,Italy,2019,0.381987445936013,0.381987445936013,life-cycle GHG,JRC CoM Emission factors for national electricity 2024,Table3_EU_LC,https://data.jrc.ec.europa.eu/dataset/919df040-0252-4e4e-ad82-c054896e1641,10.2905/JRC.4800KC0
LT,Lithuania,2019,0.0890415362509898,0.0890415362509898,life-cycle GHG,JRC CoM Emission factors for national electricity 2024,Table3_EU_LC,https://data.jrc.ec.europa.eu/dataset/919df040-0252-4e4e-ad82-c054896e1641,10.2905/JRC.4800KC0
LU,Luxembourg,2019,0.363383756005322,0.363383756005322,life-cycle GHG,JRC CoM Emission factors for national electricity 2024,Table3_EU_LC,https://data.jrc.ec.europa.eu/dataset/919df040-0252-4e4e-ad82-c054896e1641,10.2905/JRC.4800KC0
LV,Latvia,2019,0.47703874876017,0.47703874876017,life-cycle GHG,JRC CoM Emission factors for national electricity 2024,Table3_EU_LC,https://data.jrc.ec.europa.eu/dataset/919df040-0252-4e4e-ad82-c054896e1641,10.2905/JRC.4800KC0
MT,Malta,2019,0.492486586769273,0.492486586769273,life-cycle GHG,JRC CoM Emission factors for national electricity 2024,Table3_EU_LC,https://data.jrc.ec.europa.eu/dataset/919df040-0252-4e4e-ad82-c054896e1641,10.2905/JRC.4800KC0
NL,Netherlands,2019,0.476348166648369,0.476348166648369,life-cycle GHG,JRC CoM Emission factors for national electricity 2024,Table3_EU_LC,https://data.jrc.ec.europa.eu/dataset/919df040-0252-4e4e-ad82-c054896e1641,10.2905/JRC.4800KC0
PL,Poland,2019,0.872772117162336,0.872772117162336,life-cycle GHG,JRC CoM Emission factors for national electricity 2024,Table3_EU_LC,https://data.jrc.ec.europa.eu/dataset/919df040-0252-4e4e-ad82-c054896e1641,10.2905/JRC.4800KC0
PT,Portugal,2019,0.352698875652606,0.352698875652606,life-cycle GHG,JRC CoM Emission factors for national electricity 2024,Table3_EU_LC,https://data.jrc.ec.europa.eu/dataset/919df040-0252-4e4e-ad82-c054896e1641,10.2905/JRC.4800KC0
RO,Romania,2019,0.503368338125481,0.503368338125481,life-cycle GHG,JRC CoM Emission factors for national electricity 2024,Table3_EU_LC,https://data.jrc.ec.europa.eu/dataset/919df040-0252-4e4e-ad82-c054896e1641,10.2905/JRC.4800KC0
SE,Sweden,2019,0.0274908864415033,0.0274908864415033,life-cycle GHG,JRC CoM Emission factors for national electricity 2024,Table3_EU_LC,https://data.jrc.ec.europa.eu/dataset/919df040-0252-4e4e-ad82-c054896e1641,10.2905/JRC.4800KC0
SI,Slovenia,2019,0.249585651854157,0.249585651854157,life-cycle GHG,JRC CoM Emission factors for national electricity 2024,Table3_EU_LC,https://data.jrc.ec.europa.eu/dataset/919df040-0252-4e4e-ad82-c054896e1641,10.2905/JRC.4800KC0
SK,Slovakia,2019,0.397299222229891,0.397299222229891,life-cycle GHG,JRC CoM Emission factors for national electricity 2024,Table3_EU_LC,https://data.jrc.ec.europa.eu/dataset/919df040-0252-4e4e-ad82-c054896e1641,10.2905/JRC.4800KC0
AT,Austria,2020,0.257926500669669,0.257926500669669,life-cycle GHG,JRC CoM Emission factors for national electricity 2024,Table3_EU_LC,https://data.jrc.ec.europa.eu/dataset/919df040-0252-4e4e-ad82-c054896e1641,10.2905/JRC.4800KC0
BE,Belgium,2020,0.237227716841247,0.237227716841247,life-cycle GHG,JRC CoM Emission factors for national electricity 2024,Table3_EU_LC,https://data.jrc.ec.europa.eu/dataset/919df040-0252-4e4e-ad82-c054896e1641,10.2905/JRC.4800KC0
BG,Bulgaria,2020,0.508321199117637,0.508321199117637,life-cycle GHG,JRC CoM Emission factors for national electricity 2024,Table3_EU_LC,https://data.jrc.ec.europa.eu/dataset/919df040-0252-4e4e-ad82-c054896e1641,10.2905/JRC.4800KC0
CY,Cyprus,2020,0.863500301498113,0.863500301498113,life-cycle GHG,JRC CoM Emission factors for national electricity 2024,Table3_EU_LC,https://data.jrc.ec.europa.eu/dataset/919df040-0252-4e4e-ad82-c054896e1641,10.2905/JRC.4800KC0
CZ,Czechia,2020,0.557959901678132,0.557959901678132,life-cycle GHG,JRC CoM Emission factors for national electricity 2024,Table3_EU_LC,https://data.jrc.ec.europa.eu/dataset/919df040-0252-4e4e-ad82-c054896e1641,10.2905/JRC.4800KC0
DE,Germany,2020,0.399833343824125,0.399833343824125,life-cycle GHG,JRC CoM Emission factors for national electricity 2024,Table3_EU_LC,https://data.jrc.ec.europa.eu/dataset/919df040-0252-4e4e-ad82-c054896e1641,10.2905/JRC.4800KC0
DK,Denmark,2020,0.118224712254275,0.118224712254275,life-cycle GHG,JRC CoM Emission factors for national electricity 2024,Table3_EU_LC,https://data.jrc.ec.europa.eu/dataset/919df040-0252-4e4e-ad82-c054896e1641,10.2905/JRC.4800KC0
EE,Estonia,2020,0.326726242762736,0.326726242762736,life-cycle GHG,JRC CoM Emission factors for national electricity 2024,Table3_EU_LC,https://data.jrc.ec.europa.eu/dataset/919df040-0252-4e4e-ad82-c054896e1641,10.2905/JRC.4800KC0
EL,Greece,2020,0.546484158203413,0.546484158203413,life-cycle GHG,JRC CoM Emission factors for national electricity 2024,Table3_EU_LC,https://data.jrc.ec.europa.eu/dataset/919df040-0252-4e4e-ad82-c054896e1641,10.2905/JRC.4800KC0
ES,Spain,2020,0.245297400216855,0.245297400216855,life-cycle GHG,JRC CoM Emission factors for national electricity 2024,Table3_EU_LC,https://data.jrc.ec.europa.eu/dataset/919df040-0252-4e4e-ad82-c054896e1641,10.2905/JRC.4800KC0
FI,Finland,2020,0.0712242977344344,0.0712242977344344,life-cycle GHG,JRC CoM Emission factors for national electricity 2024,Table3_EU_LC,https://data.jrc.ec.europa.eu/dataset/919df040-0252-4e4e-ad82-c054896e1641,10.2905/JRC.4800KC0
FR,France,2020,0.0851491327764309,0.0851491327764309,life-cycle GHG,JRC CoM Emission factors for national electricity 2024,Table3_EU_LC,https://data.jrc.ec.europa.eu/dataset/919df040-0252-4e4e-ad82-c054896e1641,10.2905/JRC.4800KC0
HR,Croatia,2020,0.359899894565909,0.359899894565909,life-cycle GHG,JRC CoM Emission factors for national electricity 2024,Table3_EU_LC,https://data.jrc.ec.europa.eu/dataset/919df040-0252-4e4e-ad82-c054896e1641,10.2905/JRC.4800KC0
HU,Hungary,2020,0.267135550002075,0.267135550002075,life-cycle GHG,JRC CoM Emission factors for national electricity 2024,Table3_EU_LC,https://data.jrc.ec.europa.eu/dataset/919df040-0252-4e4e-ad82-c054896e1641,10.2905/JRC.4800KC0
IE,Ireland,2020,0.375554046841054,0.375554046841054,life-cycle GHG,JRC CoM Emission factors for national electricity 2024,Table3_EU_LC,https://data.jrc.ec.europa.eu/dataset/919df040-0252-4e4e-ad82-c054896e1641,10.2905/JRC.4800KC0
IT,Italy,2020,0.368211275232128,0.368211275232128,life-cycle GHG,JRC CoM Emission factors for national electricity 2024,Table3_EU_LC,https://data.jrc.ec.europa.eu/dataset/919df040-0252-4e4e-ad82-c054896e1641,10.2905/JRC.4800KC0
LT,Lithuania,2020,0.0828064760244988,0.0828064760244988,life-cycle GHG,JRC CoM Emission factors for national electricity 2024,Table3_EU_LC,https://data.jrc.ec.europa.eu/dataset/919df040-0252-4e4e-ad82-c054896e1641,10.2905/JRC.4800KC0
LU,Luxembourg,2020,0.335639295104346,0.335639295104346,life-cycle GHG,JRC CoM Emission factors for national electricity 2024,Table3_EU_LC,https://data.jrc.ec.europa.eu/dataset/919df040-0252-4e4e-ad82-c054896e1641,10.2905/JRC.4800KC0
LV,Latvia,2020,0.317265402594084,0.317265402594084,life-cycle GHG,JRC CoM Emission factors for national electricity 2024,Table3_EU_LC,https://data.jrc.ec.europa.eu/dataset/919df040-0252-4e4e-ad82-c054896e1641,10.2905/JRC.4800KC0
MT,Malta,2020,0.519120173317773,0.519120173317773,life-cycle GHG,JRC CoM Emission factors for national electricity 2024,Table3_EU_LC,https://data.jrc.ec.europa.eu/dataset/919df040-0252-4e4e-ad82-c054896e1641,10.2905/JRC.4800KC0
NL,Netherlands,2020,0.39761785666635,0.39761785666635,life-cycle GHG,JRC CoM Emission factors for national electricity 2024,Table3_EU_LC,https://data.jrc.ec.europa.eu/dataset/919df040-0252-4e4e-ad82-c054896e1641,10.2905/JRC.4800KC0
PL,Poland,2020,0.821737573678725,0.821737573678725,life-cycle GHG,JRC CoM Emission factors for national electricity 2024,Table3_EU_LC,https://data.jrc.ec.europa.eu/dataset/919df040-0252-4e4e-ad82-c054896e1641,10.2905/JRC.4800KC0
PT,Portugal,2020,0.286303891533052,0.286303891533052,life-cycle GHG,JRC CoM Emission factors for national electricity 2024,Table3_EU_LC,https://data.jrc.ec.europa.eu/dataset/919df040-0252-4e4e-ad82-c054896e1641,10.2905/JRC.4800KC0
RO,Romania,2020,0.424498191708632,0.424498191708632,life-cycle GHG,JRC CoM Emission factors for national electricity 2024,Table3_EU_LC,https://data.jrc.ec.europa.eu/dataset/919df040-0252-4e4e-ad82-c054896e1641,10.2905/JRC.4800KC0
SE,Sweden,2020,0.0242567613273078,0.0242567613273078,life-cycle GHG,JRC CoM Emission factors for national electricity 2024,Table3_EU_LC,https://data.jrc.ec.europa.eu/dataset/919df040-0252-4e4e-ad82-c054896e1641,10.2905/JRC.4800KC0
SI,Slovenia,2020,0.242274871836385,0.242274871836385,life-cycle GHG,JRC CoM Emission factors for national electricity 2024,Table3_EU_LC,https://data.jrc.ec.europa.eu/dataset/919df040-0252-4e4e-ad82-c054896e1641,10.2905/JRC.4800KC0
SK,Slovakia,2020,0.381219523409429,0.381219523409429,life-cycle GHG,JRC CoM Emission factors for national electricity 2024,Table3_EU_LC,https://data.jrc.ec.europa.eu/dataset/919df040-0252-4e4e-ad82-c054896e1641,10.2905/JRC.4800KC0
AT,Austria,2021,0.281328992283434,0.281328992283434,life-cycle GHG,JRC CoM Emission factors for national electricity 2024,Table3_EU_LC,https://data.jrc.ec.europa.eu/dataset/919df040-0252-4e4e-ad82-c054896e1641,10.2905/JRC.4800KC0
BE,Belgium,2021,0.208454068688262,0.208454068688262,life-cycle GHG,JRC CoM Emission factors for national electricity 2024,Table3_EU_LC,https://data.jrc.ec.europa.eu/dataset/919df040-0252-4e4e-ad82-c054896e1641,10.2905/JRC.4800KC0
BG,Bulgaria,2021,0.540301062889025,0.540301062889025,life-cycle GHG,JRC CoM Emission factors for national electricity 2024,Table3_EU_LC,https://data.jrc.ec.europa.eu/dataset/919df040-0252-4e4e-ad82-c054896e1641,10.2905/JRC.4800KC0
CY,Cyprus,2021,0.832669224929866,0.832669224929866,life-cycle GHG,JRC CoM Emission factors for national electricity 2024,Table3_EU_LC,https://data.jrc.ec.europa.eu/dataset/919df040-0252-4e4e-ad82-c054896e1641,10.2905/JRC.4800KC0
CZ,Czechia,2021,0.58970226381357,0.58970226381357,life-cycle GHG,JRC CoM Emission factors for national electricity 2024,Table3_EU_LC,https://data.jrc.ec.europa.eu/dataset/919df040-0252-4e4e-ad82-c054896e1641,10.2905/JRC.4800KC0
DE,Germany,2021,0.438488002495411,0.438488002495411,life-cycle GHG,JRC CoM Emission factors for national electricity 2024,Table3_EU_LC,https://data.jrc.ec.europa.eu/dataset/919df040-0252-4e4e-ad82-c054896e1641,10.2905/JRC.4800KC0
DK,Denmark,2021,0.137898572117357,0.137898572117357,life-cycle GHG,JRC CoM Emission factors for national electricity 2024,Table3_EU_LC,https://data.jrc.ec.europa.eu/dataset/919df040-0252-4e4e-ad82-c054896e1641,10.2905/JRC.4800KC0
EE,Estonia,2021,0.351441147123621,0.351441147123621,life-cycle GHG,JRC CoM Emission factors for national electricity 2024,Table3_EU_LC,https://data.jrc.ec.europa.eu/dataset/919df040-0252-4e4e-ad82-c054896e1641,10.2905/JRC.4800KC0
EL,Greece,2021,0.502412265142969,0.502412265142969,life-cycle GHG,JRC CoM Emission factors for national electricity 2024,Table3_EU_LC,https://data.jrc.ec.europa.eu/dataset/919df040-0252-4e4e-ad82-c054896e1641,10.2905/JRC.4800KC0
ES,Spain,2021,0.236355681424755,0.236355681424755,life-cycle GHG,JRC CoM Emission factors for national electricity 2024,Table3_EU_LC,https://data.jrc.ec.europa.eu/dataset/919df040-0252-4e4e-ad82-c054896e1641,10.2905/JRC.4800KC0
FI,Finland,2021,0.0734289173870758,0.0734289173870758,life-cycle GHG,JRC CoM Emission factors for national electricity 2024,Table3_EU_LC,https://data.jrc.ec.europa.eu/dataset/919df040-0252-4e4e-ad82-c054896e1641,10.2905/JRC.4800KC0
FR,France,2021,0.0865120415623876,0.0865120415623876,life-cycle GHG,JRC CoM Emission factors for national electricity 2024,Table3_EU_LC,https://data.jrc.ec.europa.eu/dataset/919df040-0252-4e4e-ad82-c054896e1641,10.2905/JRC.4800KC0
HR,Croatia,2021,0.415837348600323,0.415837348600323,life-cycle GHG,JRC CoM Emission factors for national electricity 2024,Table3_EU_LC,https://data.jrc.ec.europa.eu/dataset/919df040-0252-4e4e-ad82-c054896e1641,10.2905/JRC.4800KC0
HU,Hungary,2021,0.265641798292264,0.265641798292264,life-cycle GHG,JRC CoM Emission factors for national electricity 2024,Table3_EU_LC,https://data.jrc.ec.europa.eu/dataset/919df040-0252-4e4e-ad82-c054896e1641,10.2905/JRC.4800KC0
IE,Ireland,2021,0.441675907790272,0.441675907790272,life-cycle GHG,JRC CoM Emission factors for national electricity 2024,Table3_EU_LC,https://data.jrc.ec.europa.eu/dataset/919df040-0252-4e4e-ad82-c054896e1641,10.2905/JRC.4800KC0
IT,Italy,2021,0.383324775381648,0.383324775381648,life-cycle GHG,JRC CoM Emission factors for national electricity 2024,Table3_EU_LC,https://data.jrc.ec.europa.eu/dataset/919df040-0252-4e4e-ad82-c054896e1641,10.2905/JRC.4800KC0
LT,Lithuania,2021,0.0995342295106391,0.0995342295106391,life-cycle GHG,JRC CoM Emission factors for national electricity 2024,Table3_EU_LC,https://data.jrc.ec.europa.eu/dataset/919df040-0252-4e4e-ad82-c054896e1641,10.2905/JRC.4800KC0
LU,Luxembourg,2021,0.333510483449843,0.333510483449843,life-cycle GHG,JRC CoM Emission factors for national electricity 2024,Table3_EU_LC,https://data.jrc.ec.europa.eu/dataset/919df040-0252-4e4e-ad82-c054896e1641,10.2905/JRC.4800KC0
LV,Latvia,2021,0.436931769973193,0.436931769973193,life-cycle GHG,JRC CoM Emission factors for national electricity 2024,Table3_EU_LC,https://data.jrc.ec.europa.eu/dataset/919df040-0252-4e4e-ad82-c054896e1641,10.2905/JRC.4800KC0
MT,Malta,2021,0.470073546806919,0.470073546806919,life-cycle GHG,JRC CoM Emission factors for national electricity 2024,Table3_EU_LC,https://data.jrc.ec.europa.eu/dataset/919df040-0252-4e4e-ad82-c054896e1641,10.2905/JRC.4800KC0
NL,Netherlands,2021,0.406463499759293,0.406463499759293,life-cycle GHG,JRC CoM Emission factors for national electricity 2024,Table3_EU_LC,https://data.jrc.ec.europa.eu/dataset/919df040-0252-4e4e-ad82-c054896e1641,10.2905/JRC.4800KC0
PL,Poland,2021,0.877030250684837,0.877030250684837,life-cycle GHG,JRC CoM Emission factors for national electricity 2024,Table3_EU_LC,https://data.jrc.ec.europa.eu/dataset/919df040-0252-4e4e-ad82-c054896e1641,10.2905/JRC.4800KC0
PT,Portugal,2021,0.248090033182926,0.248090033182926,life-cycle GHG,JRC CoM Emission factors for national electricity 2024,Table3_EU_LC,https://data.jrc.ec.europa.eu/dataset/919df040-0252-4e4e-ad82-c054896e1641,10.2905/JRC.4800KC0
RO,Romania,2021,0.418180614559811,0.418180614559811,life-cycle GHG,JRC CoM Emission factors for national electricity 2024,Table3_EU_LC,https://data.jrc.ec.europa.eu/dataset/919df040-0252-4e4e-ad82-c054896e1641,10.2905/JRC.4800KC0
SE,Sweden,2021,0.0269220252806994,0.0269220252806994,life-cycle GHG,JRC CoM Emission factors for national electricity 2024,Table3_EU_LC,https://data.jrc.ec.europa.eu/dataset/919df040-0252-4e4e-ad82-c054896e1641,10.2905/JRC.4800KC0
SI,Slovenia,2021,0.234854901585489,0.234854901585489,life-cycle GHG,JRC CoM Emission factors for national electricity 2024,Table3_EU_LC,https://data.jrc.ec.europa.eu/dataset/919df040-0252-4e4e-ad82-c054896e1641,10.2905/JRC.4800KC0
SK,Slovakia,2021,0.39585242003102,0.39585242003102,life-cycle GHG,JRC CoM Emission factors for national electricity 2024,Table3_EU_LC,https://data.jrc.ec.europa.eu/dataset/919df040-0252-4e4e-ad82-c054896e1641,10.2905/JRC.4800KC0
